id_produto,nome_produto,categoria_produto,preco_produto,fornecedor_produto,peso_kg_produto,estoque_produto,produto_ativo,data_cadastro_produto,faixa_preco_produto,status_estoque_produto,total_pedidos,quantidade_vendida,receita_total_produto,ticket_medio_produto,data_primeira_venda,data_ultima_venda,pedidos_aprovados,pedidos_recusados,pedidos_processando,pedidos_reembolsados,total_avaliacoes,nota_media_produto,nps_medio_produto,taxa_recomendacao_produto,data_ultima_avaliacao,total_tickets_produto,tempo_medio_resolucao_produto,total_eventos_produto,total_sessoes_produto,total_pageviews_produto,total_add_carrinho_produto,total_eventos_compra_produto,data_ultimo_evento_produto,status_comercial_produto,produto_com_alto_volume_suporte
PROD-0340,Capa de Chuva para Carro,Automotivo,248.0,Automotivo Import,21.9,479,False,2018-09-23,Alto,Estoque Normal,295,783.0,152190.05999999988,580.878091603053,2023-01-15,2026-05-18,271,11,9,4,138,3.717391304347826,7.4855072463768115,0.78261,2026-05-28,22,131.47368421052633,526,524,331,98,7,2026-03-26 06:59:39,Produto Destaque,True
PROD-0300,Kit Barba Completo,Beleza,158.0,Beauty Import Brasil,0.83,0,False,2023-03-04,Medio,Sem Estoque,306,781.0,96861.82999999993,342.2679505300351,2023-01-04,2026-05-31,282,16,1,7,143,3.6363636363636362,7.244755244755245,0.76224,2026-07-21,21,110.7,506,506,329,93,5,2026-03-25 16:13:26,Produto Destaque,True
PROD-0371,Pastilha de Freio Kit,Automotivo,208.0,Peças & Cia Distribuidora,21.7,164,True,2020-02-03,Alto,Estoque Normal,269,745.0,119722.70000000001,482.7528225806452,2023-01-06,2026-05-29,237,19,6,7,123,3.5772357723577235,6.983739837398374,0.73171,2026-06-18,23,147.94736842105263,518,517,357,72,8,2026-03-28 17:43:29,Produto Destaque,True
PROD-0166,Umidificador de Ar,Casa,,Decor Import,5.56,33,False,2019-12-12,Nao Informado,Estoque Normal,562,1539.0,114292.14000000007,224.10223529411778,2023-01-02,2026-05-27,508,29,7,18,280,3.6607142857142856,7.260714285714286,0.74286,2026-06-16,59,112.98245614035088,550,549,343,98,9,2026-03-27 19:30:25,Produto Destaque,True
PROD-0469,Comoda 3 Gavetas,Móveis,,MoveisPlus Distribuidora,23.07,299,False,2026-03-05,Nao Informado,Estoque Normal,621,1709.0,135261.53999999998,234.42207972270361,2023-01-07,2026-05-12,568,31,5,17,305,3.685245901639344,7.324590163934427,0.75082,2026-06-06,44,115.5813953488372,532,528,352,82,12,2026-03-28 23:53:58,Produto Destaque,True
PROD-0147,Cortina Blackout 2 Peças,Casa,178.0,Decor Import,10.92,0,True,2019-01-30,Medio,Sem Estoque,299,838.0,113095.82999999994,415.7934926470586,2023-01-09,2026-05-29,268,16,3,12,161,3.6459627329192545,7.149068322981367,0.73292,2026-06-04,28,122.89285714285714,518,517,333,85,5,2026-03-26 08:38:32,Produto Destaque,True
PROD-0194,Bola de Futebol Profissional,Esportes,129.0,SportsBrasil Atacado,7.81,138,True,2018-09-10,Medio,Estoque Normal,291,798.0,76027.07000000004,292.41180769230783,2023-01-03,2026-05-29,264,16,2,9,159,3.6666666666666665,7.088050314465409,0.71698,2026-06-30,25,103.79166666666667,586,582,378,111,14,2026-03-25 14:25:09,Produto Destaque,True
PROD-0467,Criado Mudo,Móveis,464.0,MoveisPlus Distribuidora,17.6,481,True,2024-11-09,Alto,Estoque Normal,132,365.0,127123.41000000003,1068.2639495798321,2023-01-02,2026-05-01,118,6,3,5,68,3.426470588235294,6.661764705882353,0.64706,2026-05-31,6,138.16666666666666,548,544,346,96,7,2026-03-27 21:22:28,Produto Destaque,False
PROD-0510,Suporte para Moto,Automotivo,107.0,Automotivo Import,2.61,241,True,2022-02-14,Medio,Estoque Normal,299,804.0,66268.17000000003,244.5319926199263,2023-01-06,2026-05-28,283,9,1,6,155,3.8193548387096774,7.670967741935484,0.81935,2026-07-21,19,123.0,0,0,0,0,0,,Produto Destaque,False
PROD-0256,Chapinha Profissional,Beleza,303.0,Beleza Total Atacado,1.29,0,True,2021-12-18,Alto,Sem Estoque,126,352.0,85242.23999999996,722.3918644067793,2023-01-17,2026-05-29,113,8,1,4,58,3.706896551724138,7.103448275862069,0.74138,2026-07-01,13,113.15384615384616,477,475,310,89,4,2026-03-24 07:11:00,Produto Destaque,False
PROD-0335,Caixa de Som Automotiva,Automotivo,240.0,AutoPeças Brasil Ltda,19.77,91,False,2025-02-22,Alto,Estoque Normal,289,802.0,157983.18000000008,596.1629433962268,2023-01-01,2026-05-30,252,17,4,16,137,3.7007299270072993,7.416058394160584,0.77372,2026-06-24,25,119.81818181818181,499,498,307,90,11,2026-03-26 17:03:21,Produto Destaque,True
PROD-0116,Bermuda de Ciclismo,Vestuário,184.0,Moda Brasil Atacado,0.96,20,True,2018-09-28,Medio,Estoque Normal,301,838.0,109450.85999999996,406.8805204460965,2023-01-04,2026-05-23,277,14,1,9,134,3.8059701492537314,7.522388059701493,0.82090,2026-06-17,28,107.34615384615384,507,507,309,96,2,2026-03-28 10:25:27,Produto Destaque,True
PROD-7777,teste de teste,Outros,100.0,testando,,100,True,,Medio,Estoque Normal,0,0.0,0.0,,,,0,0,0,0,0,,,,,0,,0,0,0,0,0,,Sem Venda,False
PROD-0045,Hub USB 7 Portas,Eletrônicos,,Shenzhen Connect Brasil,3.49,177,False,2019-02-21,Nao Informado,Estoque Normal,1692,4735.0,357696.6900000001,230.62326885880086,2023-01-01,2026-05-31,1491,77,23,101,852,3.5492957746478875,6.910798122065728,0.71479,2026-07-24,347,113.25856697819314,486,485,324,80,7,2026-03-22 00:41:34,Produto Destaque,True
PROD-0416,Kit Ferramentas Infantil,Brinquedos,63.0,Brinquedos do Brasil Ltda,1.92,457,True,2020-10-09,Medio,Estoque Normal,587,1771.0,80267.99999999999,152.60076045627375,2023-01-04,2026-05-18,530,37,9,11,313,3.6453674121405752,7.210862619808307,0.75719,2026-06-06,60,114.12280701754386,500,499,307,95,10,2026-03-21 07:56:30,Produto Destaque,True
PROD-0484,Bancada de Trabalho,Móveis,643.0,MoveisPlus Distribuidora,54.35,54,False,2023-08-02,Alto,Estoque Normal,131,372.0,165706.35999999993,1416.2936752136745,2023-01-09,2026-05-23,119,7,2,3,69,3.5072463768115942,6.681159420289855,0.63768,2026-07-09,11,146.6,493,493,305,93,9,2026-03-28 23:15:43,Produto Destaque,False
PROD-0297,Lápis de Sobrancelha,Beleza,52.0,Perfumes & Cia,1.26,482,False,2023-04-14,Medio,Estoque Normal,617,1775.0,70230.37000000002,123.64501760563384,2023-01-07,2026-05-24,554,33,8,22,290,3.8241379310344827,7.510344827586207,0.80000,2026-06-28,53,128.83673469387756,546,543,348,99,4,2026-03-26 03:38:06,Produto Destaque,True
PROD-0500,Suporte Veicular Magnetico,Automotivo,90.0,Automotivo Import,15.87,435,False,2024-05-28,Medio,Estoque Normal,631,1786.0,126601.54999999999,222.4983304042179,2023-01-01,2026-05-24,577,31,6,17,335,3.611940298507463,6.919402985074627,0.71642,2026-06-30,52,117.6078431372549,524,520,343,98,9,2026-03-28 22:44:22,Produto Destaque,True
PROD-0005,Notebook Intel Core i7,Eletrônicos,3364.0,TechBrasil Distribuidora,3.77,271,True,2018-12-02,Alto,Estoque Normal,3573,9954.0,23660251.109999947,7329.69365241634,2023-01-01,2026-05-29,3263,182,39,89,1809,3.6882255389718077,7.246545052515202,0.75622,2026-07-17,284,125.6367041198502,503,500,318,100,7,2026-03-27 20:41:43,Produto Destaque,True
PROD-0028,Carregador Turbo,Eletrônicos,163.0,Shenzhen Connect Brasil,2.48,388,True,2023-10-28,Medio,Estoque Normal,1698,4593.0,556506.99,358.11260617760615,2023-01-02,2026-04-20,1497,65,20,116,822,3.5498783454987834,7.007299270072993,0.72019,2026-05-13,415,126.1,529,529,322,115,8,2026-03-27 18:07:26,Produto Destaque,True
PROD-0207,Mochila de Trilha 40L,Esportes,563.0,SportsBrasil Atacado,4.11,27,True,2023-03-04,Alto,Estoque Normal,109,295.0,124510.03000000006,1257.6770707070714,2023-01-02,2026-05-25,99,7,0,3,52,3.5961538461538463,7.096153846153846,0.69231,2026-07-06,19,118.83333333333333,509,505,331,101,3,2026-03-26 02:45:36,Produto Destaque,False
PROD-0479,Cadeira Alta para Bebe,Móveis,620.0,MoveisPlus Distribuidora,37.92,394,True,2023-03-07,Alto,Estoque Normal,111,296.0,146778.49000000002,1397.890380952381,2023-01-04,2026-05-01,102,6,1,2,45,3.6,7.044444444444444,0.80000,2026-06-02,14,118.5,501,499,300,96,7,2026-03-28 18:17:28,Produto Destaque,False
PROD-0114,Roupa de Banho Masculina,Vestuário,63.0,Confecções do Sul,0.22,266,True,2021-09-03,Medio,Estoque Normal,615,1711.0,76494.32999999997,140.35656880733939,2023-01-06,2026-05-26,559,30,8,18,303,3.6468646864686467,7.32013201320132,0.77558,2026-06-29,43,118.3170731707317,527,527,343,83,13,2026-03-28 08:59:31,Produto Destaque,True
PROD-0203,Patins Inline,Esportes,302.0,Fitness Distribuidora,3.86,0,False,2018-03-24,Alto,Sem Estoque,125,365.0,77530.62,717.8761111111111,2023-01-02,2026-04-28,114,6,1,4,62,3.838709677419355,7.306451612903226,0.80645,2026-06-27,11,80.0909090909091,491,489,328,85,7,2026-03-27 04:39:09,Produto Destaque,False
PROD-0043,Aspirador Robô,Casa,1549.0,Alpha Tech Importados,4.67,0,True,2021-09-12,Alto,Sem Estoque,1783,5021.0,5446330.699999995,3372.340990712071,2023-01-02,2026-05-31,1611,105,27,40,891,3.702581369248036,7.333333333333333,0.77329,2026-07-19,162,113.16774193548387,537,536,347,92,7,2026-03-28 19:34:15,Produto Destaque,True
PROD-0331,Alarme Automotivo Completo,Automotivo,544.0,AutoPeças Brasil Ltda,10.89,85,True,2021-12-07,Alto,Estoque Normal,124,337.0,149959.46000000002,1303.9953043478263,2023-01-11,2026-05-13,112,4,1,7,58,3.7413793103448274,7.827586206896552,0.81034,2026-04-25,11,115.66666666666667,539,537,361,81,8,2026-03-28 01:54:29,Produto Destaque,False
PROD-0253,Perfume Masculino 50ml,Beleza,109.0,Perfumes & Cia,0.35,385,True,2019-01-09,Medio,Estoque Normal,285,803.0,66494.46000000002,262.82395256917005,2023-01-02,2026-05-30,255,17,4,9,148,3.608108108108108,7.054054054054054,0.72297,2026-07-03,25,96.04166666666667,504,500,342,75,10,2026-03-27 23:39:36,Produto Destaque,True
PROD-0393,Bicicleta Infantil Aro 12,Brinquedos,201.0,Brinquedos do Brasil Ltda,2.99,0,True,2023-04-09,Alto,Sem Estoque,284,819.0,124687.21000000004,479.56619230769246,2023-01-01,2026-05-19,269,7,3,5,142,3.471830985915493,6.838028169014085,0.69718,2026-07-16,19,113.72222222222223,478,477,300,84,13,2026-03-27 11:26:31,Produto Destaque,False
PROD-0125,Suspensório,Vestuário,66.0,TextilBrasil Distribuidora,1.36,28,True,2018-07-15,Medio,Estoque Normal,622,1790.0,83110.85999999999,150.0196028880866,2023-01-02,2026-05-29,555,31,13,23,288,3.59375,6.895833333333333,0.74653,2026-06-15,52,113.4,490,489,331,84,7,2026-03-26 20:54:11,Produto Destaque,True
PROD-0012,Tablet 8 Polegadas,Eletrônicos,583.0,TechBrasil Distribuidora,2.84,348,False,2022-10-11,Alto,Estoque Normal,2257,6303.0,2705563.4799999925,1315.935544747078,2023-01-03,2026-05-28,2049,116,35,57,1136,3.7007042253521125,7.286971830985915,0.76144,2026-07-07,170,113.24203821656052,497,497,324,92,6,2026-03-21 02:50:42,Produto Destaque,True
PROD-0465,Berco Multifuncional,Móveis,1927.0,MoveisPlus Distribuidora,,422,True,2024-11-27,Alto,Estoque Normal,89,247.0,369267.80999999994,4503.2659756097555,2023-01-15,2026-04-03,77,5,2,5,34,3.5294117647058822,6.794117647058823,0.73529,2026-04-07,4,101.25,534,534,335,98,11,2026-03-26 07:37:59,Produto Destaque,False
PROD-0401,Microscopio Infantil,Brinquedos,359.0,Toy Import Atacado,5.5,384,False,2018-01-09,Alto,Estoque Normal,134,389.0,101987.57000000005,835.9636885245906,2023-01-04,2026-03-29,122,9,0,3,74,3.6486486486486487,7.594594594594595,0.82432,2026-05-07,8,123.375,513,512,336,80,8,2026-03-28 08:29:01,Produto Destaque,False
PROD-0391,Patinete Infantil,Brinquedos,334.0,Brinquedos do Brasil Ltda,3.52,426,True,2022-01-20,Alto,Estoque Normal,131,347.0,85495.16,712.4596666666667,2023-01-02,2026-05-04,121,5,0,5,64,3.625,7.5625,0.78125,2026-05-20,16,111.6,488,486,318,83,7,2026-03-26 13:49:17,Produto Destaque,False
PROD-0059,Mesa Digitalizadora,Eletrônicos,479.0,Shenzhen Connect Brasil,1.42,34,True,2019-01-27,Alto,Estoque Normal,1635,4521.0,1629311.139999999,1086.207426666666,2023-01-01,2026-05-29,1415,77,21,122,787,3.656925031766201,7.170266836086404,0.74968,2026-07-22,363,115.10588235294118,508,505,324,90,5,2026-03-27 10:16:36,Produto Destaque,True
PROD-0176,Vela Perfumada,Casa,68.0,Casa & Cia Distribuidora,0.53,443,False,2018-04-27,Medio,Estoque Normal,588,1647.0,83225.29000000007,154.98191806331482,2023-01-04,2026-05-30,530,36,7,15,292,3.797945205479452,7.465753424657534,0.78425,2026-07-10,38,116.44444444444444,526,524,352,82,7,2026-03-27 17:07:00,Produto Destaque,True
PROD-0132,Travesseiro Viscoelástico,Casa,174.0,Decor Import,5.81,19,True,2024-01-03,Medio,Estoque Normal,298,853.0,109786.93999999997,403.62845588235285,2023-01-18,2026-05-25,277,15,2,4,143,3.629370629370629,7.1678321678321675,0.75524,2026-07-02,21,123.04761904761905,474,473,303,85,9,2026-03-26 08:22:02,Produto Destaque,True
PROD-0069,Calça Jeans Feminina,Vestuário,181.0,Moda Brasil Atacado,1.65,0,True,2025-01-04,Medio,Sem Estoque,309,864.0,113202.33,401.42670212765955,2023-01-06,2026-04-20,277,16,7,9,152,3.625,7.177631578947368,0.75000,2026-05-11,25,135.95652173913044,509,507,325,89,13,2026-03-28 21:22:07,Produto Destaque,True
PROD-0334,Chave de Roda,Automotivo,38.0,AutoPeças Brasil Ltda,11.98,227,True,2024-12-26,Baixo,Estoque Normal,643,1809.0,53148.90000000005,91.7943005181348,2023-01-02,2026-05-31,591,28,3,21,294,3.5884353741496597,6.914965986394558,0.71429,2026-07-20,49,127.2,536,533,337,102,12,2026-03-21 02:50:30,Produto Destaque,True
PROD-0460,Penteadeira com Espelho,Móveis,806.0,MoveisPlus Distribuidora,,149,True,2025-06-18,Alto,Estoque Normal,83,227.0,139999.91,1842.1040789473684,2023-01-30,2026-03-28,79,1,0,3,42,3.4523809523809526,6.476190476190476,0.69048,2026-03-03,4,113.75,535,532,327,106,8,2026-03-24 16:40:31,Produto Destaque,False
PROD-0355,Cera Automotiva 500g,Automotivo,62.0,Peças & Cia Distribuidora,,497,False,2024-02-14,Medio,Estoque Normal,643,1816.0,89168.37,149.11098662207357,2023-01-01,2026-05-03,582,32,16,13,311,3.5884244372990355,7.096463022508039,0.72026,2026-05-21,50,115.76595744680851,528,527,337,99,5,2026-03-28 14:08:47,Produto Destaque,True
PROD-0346,Volante Esportivo,Automotivo,307.0,Automotivo Import,22.97,38,False,2026-01-10,Alto,Estoque Normal,118,328.0,77054.75999999998,755.4388235294116,2023-01-02,2026-05-08,113,4,0,1,57,3.6491228070175437,7.385964912280702,0.77193,2026-05-26,5,87.4,507,505,331,82,6,2026-03-26 19:12:13,Produto Destaque,False
PROD-0299,Escova Progressiva,Beleza,243.0,Beleza Total Atacado,1.23,355,False,2025-01-19,Alto,Estoque Normal,299,861.0,159491.77,584.2189377289377,2023-01-01,2026-05-28,270,16,3,10,143,3.7202797202797204,7.384615384615385,0.78322,2026-06-21,28,114.89285714285714,530,528,327,107,4,2026-03-27 08:11:59,Produto Destaque,True
PROD-0262,Protetor Solar FPS 30,Beleza,39.0,Perfumes & Cia,1.4,388,False,2020-10-20,Baixo,Estoque Normal,572,1604.0,48309.73999999998,93.44243713733073,2023-01-01,2026-05-21,504,36,12,20,271,3.6309963099630997,7.202952029520295,0.76015,2026-07-12,63,109.0701754385965,495,494,325,84,6,2026-03-28 21:04:29,Produto Destaque,True
PROD-0488,Mesa Dobravek,Móveis,310.0,MoveisPlus Distribuidora,41.38,53,False,2024-05-11,Alto,Estoque Normal,132,393.0,90028.17999999998,756.5393277310923,2023-01-10,2026-04-30,121,6,4,1,66,3.6515151515151514,7.424242424242424,0.74242,2026-05-03,12,89.36363636363636,544,542,338,102,9,2026-03-28 03:19:22,Produto Destaque,False
PROD-0179,Suporte para Livros,Casa,62.0,Decor Import,5.39,56,False,2023-11-18,Medio,Estoque Normal,573,1619.0,75792.38999999997,148.90449901768167,2023-01-04,2026-05-30,515,33,6,19,279,3.7132616487455197,7.308243727598566,0.75627,2026-06-23,46,119.88372093023256,507,504,328,91,13,2026-03-25 21:58:23,Produto Destaque,True
PROD-0426,Carrinho de Bebe de Boneca,Brinquedos,149.0,Brinquedos do Brasil Ltda,5.62,169,True,2020-04-27,Medio,Estoque Normal,312,925.0,102509.23999999998,358.423916083916,2023-01-03,2026-04-30,286,14,3,9,170,3.4647058823529413,6.670588235294118,0.72941,2026-05-31,24,110.78260869565217,507,507,314,105,7,2026-03-28 03:09:50,Produto Destaque,True
PROD-0092,Mochila Executiva,Vestuário,386.0,Fashion Import Ltda,1.75,346,False,2020-08-27,Alto,Estoque Normal,118,315.0,90404.5,837.0787037037037,2023-01-11,2026-05-18,106,4,7,1,56,3.8392857142857144,7.410714285714286,0.76786,2026-06-11,12,138.0909090909091,574,570,366,107,8,2026-03-23 10:12:53,Produto Destaque,False
PROD-0062,Impressora Fotográfica,Eletrônicos,784.0,TechBrasil Distribuidora,3.18,264,False,2023-11-16,Alto,Estoque Normal,2277,6529.0,3804128.749999999,1831.5497111218099,2023-01-02,2026-05-31,2045,126,36,70,1128,3.7145390070921986,7.273936170212766,0.76418,2026-07-22,188,111.73033707865169,509,509,337,80,8,2026-03-25 07:32:20,Produto Destaque,True
PROD-0350,Bomba de Ar Compressor 12V,Automotivo,,AutoPeças Brasil Ltda,19.2,131,False,2020-10-28,Nao Informado,Estoque Normal,577,1634.0,131093.21999999997,250.65625239005732,2023-01-01,2026-05-08,517,44,4,12,280,3.5785714285714287,7.242857142857143,0.75714,2026-06-28,54,112.18,527,526,339,95,6,2026-03-26 14:00:56,Produto Destaque,True
PROD-0463,Poltrona Decorativa,Móveis,1491.0,Decor Brasil Atacado,31.62,211,False,2022-02-22,Alto,Estoque Normal,105,301.0,323412.24,3368.8775,2023-01-02,2026-05-24,96,3,2,4,47,3.9361702127659575,7.574468085106383,0.80851,2026-06-05,13,79.15384615384616,518,516,340,88,9,2026-03-27 05:26:24,Produto Destaque,False
PROD-0083,Cueca Kit com 3,Vestuário,115.0,Moda Brasil Atacado,1.86,386,True,2025-06-02,Medio,Estoque Normal,310,856.0,69733.58999999998,253.57669090909084,2023-01-16,2026-05-30,281,15,7,7,152,3.4802631578947367,6.8355263157894735,0.69737,2026-06-07,39,133.72222222222223,507,505,319,88,9,2026-03-28 21:55:06,Produto Destaque,True
PROD-0184,Porta Papel Higiênico,Casa,35.0,HomeBrasil Atacado,11.02,175,True,2025-12-04,Baixo,Estoque Normal,610,1635.0,43948.59999999997,78.06145648312605,2023-01-02,2026-05-22,555,35,9,11,304,3.8157894736842106,7.391447368421052,0.77632,2026-07-08,51,131.10204081632654,527,526,325,104,6,2026-03-28 15:23:51,Produto Destaque,True
PROD-0388,Pista de Corrida Eletrica,Brinquedos,546.0,Brinquedos do Brasil Ltda,4.35,75,True,2018-09-01,Alto,Estoque Normal,125,363.0,150009.40000000005,1339.3696428571434,2023-01-25,2026-05-20,118,4,2,1,64,3.75,7.03125,0.76563,2026-05-09,9,73.22222222222223,482,479,304,92,5,2026-03-28 00:59:35,Produto Destaque,False
PROD-0441,Cadeira de Escritorio Ergonomica,Móveis,820.0,MoveisPlus Distribuidora,7.33,191,False,2026-01-25,Alto,Estoque Normal,82,226.0,131728.55,1756.3806666666665,2023-01-15,2026-03-31,75,6,0,1,40,3.625,7.275,0.72500,2026-03-15,11,85.36363636363636,529,526,344,90,9,2026-03-27 18:09:09,Produto Destaque,False
PROD-0025,Mouse Gamer,Eletrônicos,254.0,Shenzhen Connect Brasil,3.13,29,True,2025-06-27,Alto,Estoque Normal,1680,4738.0,891432.63,578.4767229072031,2023-01-01,2026-05-29,1452,77,30,121,815,3.5374233128834356,6.92638036809816,0.71411,2026-07-02,348,118.90577507598785,517,516,339,86,3,2026-03-28 07:44:02,Produto Destaque,True
PROD-0280,Esponja Mágica de Maquiagem,Beleza,80.0,Perfumes & Cia,0.75,42,True,2023-12-24,Medio,Estoque Normal,570,1613.0,99357.52999999994,191.07217307692295,2023-01-07,2026-05-31,516,31,4,19,293,3.7064846416382253,7.078498293515358,0.74744,2026-07-11,53,125.17307692307692,501,501,368,70,5,2026-03-26 08:33:17,Produto Destaque,True
PROD-0228,Luvas de Ciclismo,Esportes,66.0,Esporte Total Ltda,6.96,111,True,2020-09-01,Medio,Estoque Normal,579,1601.0,77868.87,146.37005639097742,2023-01-03,2026-05-23,523,29,12,15,275,3.610909090909091,7.210909090909091,0.76364,2026-06-27,36,102.11111111111111,543,542,363,88,9,2026-03-28 18:17:23,Produto Destaque,True
PROD-0229,Joelheira Esportiva Par,Esportes,70.0,Fitness Distribuidora,,488,True,2020-01-10,Medio,Estoque Normal,561,1570.0,80168.39999999998,157.50176817288798,2023-01-01,2026-05-12,519,23,8,11,278,3.672661870503597,7.125899280575539,0.76259,2026-06-03,36,107.29411764705883,553,552,337,104,7,2026-03-28 02:20:53,Produto Destaque,True
PROD-0270,Paleta de Sombras 18 Cores,Beleza,99.0,Beauty Import Brasil,,463,True,2019-03-28,Medio,Estoque Normal,569,1593.0,120906.97000000007,235.68610136452256,2023-01-01,2026-05-20,512,29,2,26,280,3.625,7.167857142857143,0.74643,2026-06-30,52,116.36734693877551,499,498,312,82,2,2026-03-22 03:10:34,Produto Destaque,True
PROD-0094,Carteira Masculina,Vestuário,168.0,Fashion Import Ltda,1.29,170,True,2019-12-02,Medio,Estoque Normal,272,766.0,93835.79000000002,378.370120967742,2023-01-16,2026-04-21,241,13,8,10,126,3.7777777777777777,7.365079365079365,0.77778,2026-05-08,15,105.53333333333333,531,531,338,85,5,2026-03-28 12:54:42,Produto Destaque,False
PROD-0018,Barra de Som,Eletrônicos,1466.0,Alpha Tech Importados,1.92,262,True,2025-02-18,Alto,Estoque Normal,1780,5015.0,5109854.420000007,3169.8848759305256,2023-01-01,2026-05-31,1613,98,18,51,873,3.670103092783505,7.177548682703322,0.74914,2026-07-21,195,118.46315789473684,485,484,305,89,4,2026-03-26 01:17:25,Produto Destaque,True
PROD-0495,Cama de Casal Queen Size,Móveis,3690.0,MoveisPlus Distribuidora,59.9,241,True,2025-05-03,Alto,Estoque Normal,46,130.0,383771.6500000001,8722.082954545456,2023-02-15,2026-04-27,45,1,0,0,30,3.8333333333333335,7.833333333333333,0.80000,2026-05-04,1,,520,518,337,86,10,2026-03-28 03:33:19,Produto Destaque,False
PROD-0506,Sapatilha Feminina,Vestuário,137.0,Fashion Import Ltda,1.85,470,True,2021-07-30,Medio,Estoque Normal,285,834.0,82925.83000000002,314.11299242424246,2023-01-04,2026-05-10,259,12,2,12,141,3.702127659574468,7.226950354609929,0.78014,2026-06-06,23,144.6818181818182,0,0,0,0,0,,Produto Destaque,True
PROD-0055,Estabilizador 1000VA,Eletrônicos,349.0,Shenzhen Connect Brasil,4.86,85,True,2019-08-28,Alto,Estoque Normal,1648,4685.0,1194146.0299999982,801.9785292142365,2023-01-01,2026-05-26,1447,75,19,107,790,3.439240506329114,6.640506329113924,0.68481,2026-06-16,361,122.36070381231671,514,513,342,80,7,2026-03-28 06:49:45,Produto Destaque,True
PROD-0079,Tênis Casual Feminino,Vestuário,495.0,Confecções do Sul,1.87,0,True,2022-01-28,Alto,Sem Estoque,123,378.0,135533.67000000004,1199.4130088495579,2023-01-13,2026-05-14,114,4,1,4,51,3.372549019607843,6.823529411764706,0.70588,2026-05-10,11,142.72727272727272,499,497,295,103,10,2026-03-28 13:55:45,Produto Destaque,False
PROD-0136,Jogo de Toalhas 4 Peças,Casa,258.0,Decor Import,12.35,204,False,2020-10-31,Alto,Estoque Normal,308,863.0,169295.82999999993,596.1120774647885,2023-01-04,2026-05-25,271,22,4,11,147,3.6462585034013606,7.2517006802721085,0.74150,2026-06-18,32,116.1,511,510,326,79,9,2026-03-26 23:44:17,Produto Destaque,True
PROD-0407,Lancador de Dardos,Brinquedos,66.0,Brinquedos do Brasil Ltda,6.02,359,True,2020-12-29,Medio,Estoque Normal,593,1613.0,78826.54999999996,146.51775092936796,2023-01-04,2026-05-29,533,37,6,17,304,3.6447368421052633,7.059210526315789,0.73026,2026-05-31,51,116.95918367346938,522,521,324,95,7,2026-03-28 00:47:44,Produto Destaque,True
PROD-0296,Máscara de Cílios,Beleza,83.0,Beauty Import Brasil,0.17,176,True,2019-01-31,Medio,Estoque Normal,548,1502.0,94003.72999999988,189.906525252525,2023-01-03,2026-05-29,482,39,8,19,283,3.784452296819788,7.3462897526501765,0.78799,2026-07-01,38,114.25714285714285,534,529,332,96,9,2026-03-27 16:43:34,Produto Destaque,True
PROD-0398,Kit Panelinhas Infantil,Brinquedos,,Brinquedos do Brasil Ltda,6.49,265,False,2025-09-08,Nao Informado,Estoque Normal,613,1640.0,124672.15000000001,220.26881625441698,2023-01-03,2026-05-29,551,32,16,14,318,3.792452830188679,7.286163522012578,0.79245,2026-06-19,52,124.6078431372549,529,529,334,101,6,2026-03-26 17:25:16,Produto Destaque,True
PROD-0293,Blush em Pó,Beleza,42.0,Beauty Import Brasil,1.39,60,True,2018-01-30,Baixo,Estoque Normal,614,1695.0,55241.61999999998,97.25637323943658,2023-01-05,2026-05-29,567,27,10,10,308,3.7240259740259742,7.201298701298701,0.75974,2026-07-14,57,124.71428571428571,533,532,344,86,5,2026-03-28 23:45:24,Produto Destaque,True
PROD-0073,Moletom com Capuz,Vestuário,,Confecções do Sul,,458,False,2022-07-01,Nao Informado,Estoque Normal,604,1725.0,126184.03999999995,227.35863063063053,2023-01-01,2026-05-29,545,32,8,19,285,3.7649122807017545,7.459649122807018,0.75789,2026-06-29,49,115.44444444444444,530,528,335,93,3,2026-03-28 23:02:05,Produto Destaque,True
PROD-0145,Organizador de Gaveta,Casa,91.0,Utilidades do Lar Ltda,8.16,69,False,2025-07-19,Medio,Estoque Normal,592,1682.0,117910.16000000009,214.38210909090927,2023-01-07,2026-05-26,534,35,5,18,271,3.7121771217712176,7.623616236162362,0.77122,2026-07-15,35,126.82857142857142,513,512,341,75,8,2026-03-27 04:11:40,Produto Destaque,True
PROD-0173,Cabideiro de Chão,Casa,133.0,Utilidades do Lar Ltda,6.28,142,True,2024-07-23,Medio,Estoque Normal,300,855.0,86479.48999999998,317.93930147058813,2023-01-10,2026-05-12,278,13,1,8,148,3.7094594594594597,7.351351351351352,0.78378,2026-06-20,23,106.23809523809524,538,537,349,106,7,2026-03-24 05:29:47,Produto Destaque,True
PROD-0328,Suporte Veicular Celular,Automotivo,66.0,AutoPeças Brasil Ltda,23.16,198,True,2022-01-30,Medio,Estoque Normal,567,1540.0,81905.37999999998,157.81383429672442,2023-01-05,2026-05-15,509,34,8,16,289,3.6228373702422147,6.97923875432526,0.73356,2026-06-16,47,123.14634146341463,553,551,375,95,6,2026-03-28 17:06:24,Produto Destaque,True
PROD-0037,Webcam Full HD,Eletrônicos,252.0,Shenzhen Connect Brasil,0.33,387,True,2021-03-07,Alto,Estoque Normal,1726,4873.0,914990.3499999988,580.2094800253639,2023-01-02,2026-05-24,1507,66,16,137,846,3.5768321513002364,7.067375886524823,0.71749,2026-07-15,387,122.04371584699453,519,517,321,90,7,2026-03-28 17:07:32,Produto Destaque,True
PROD-0320,Oleo de Motor 10W40 4L,Automotivo,170.0,AutoPeças Brasil Ltda,8.78,3,True,2021-07-16,Medio,Estoque Baixo,300,839.0,115832.83999999995,419.68420289855055,2023-01-22,2026-05-20,275,16,2,7,142,3.683098591549296,7.077464788732394,0.73944,2026-06-13,18,116.17647058823529,560,559,379,101,5,2026-03-24 06:18:00,Produto Destaque,False
PROD-0153,Conjunto de Potes Herméticos,Casa,90.0,HomeBrasil Atacado,12.35,107,False,2020-03-23,Medio,Estoque Normal,578,1536.0,105010.1900000001,201.94267307692328,2023-01-02,2026-05-18,524,32,4,18,299,3.6622073578595318,7.160535117056856,0.73913,2026-06-23,47,113.72093023255815,486,484,309,80,9,2026-03-28 23:31:05,Produto Destaque,True
PROD-0459,Painel com Lareira,Móveis,,Decor Brasil Atacado,44.6,106,False,2023-02-24,Nao Informado,Estoque Normal,577,1704.0,127822.87999999993,242.54815939278924,2023-01-05,2026-05-24,530,24,8,15,280,3.65,7.357142857142857,0.75714,2026-06-23,56,127.71698113207547,537,537,347,93,8,2026-03-28 10:13:17,Produto Destaque,True
PROD-0473,Sapateira com Tampa,Móveis,449.0,MoveisPlus Distribuidora,45.65,388,True,2024-03-16,Alto,Estoque Normal,104,277.0,93674.29999999999,975.7739583333332,2023-01-02,2026-05-07,89,3,4,8,48,3.5833333333333335,6.833333333333333,0.70833,2026-05-07,11,125.45454545454545,487,486,315,80,12,2026-03-28 00:53:10,Produto Destaque,False
PROD-0274,Sérum Vitamina C,Beleza,233.0,Perfumes & Cia,0.16,415,True,2019-06-24,Alto,Estoque Normal,286,855.0,151968.99000000005,584.4961153846156,2023-01-02,2026-05-31,257,14,4,11,150,3.64,7.293333333333333,0.78000,2026-06-26,24,101.19047619047619,517,514,328,90,10,2026-03-26 13:16:22,Produto Destaque,True
PROD-0216,Capacete Ciclismo,Esportes,140.0,SportsBrasil Atacado,0.46,409,True,2023-03-23,Medio,Estoque Normal,312,902.0,95912.08000000003,322.9362962962964,2023-01-02,2026-05-29,290,11,3,8,174,3.632183908045977,7.2011494252873565,0.76437,2026-05-13,18,130.05555555555554,519,517,316,110,6,2026-03-20 16:30:55,Produto Destaque,False
PROD-0354,Fluido de Arrefecimento 1L,Automotivo,47.0,AutoPeças Brasil Ltda,0.32,0,True,2025-04-05,Baixo,Sem Estoque,594,1685.0,62710.19999999997,115.70147601476009,2023-01-01,2026-05-28,546,25,4,19,301,3.6345514950166113,7.102990033222591,0.75083,2026-06-07,39,136.1891891891892,514,513,340,88,10,2026-03-27 02:06:44,Produto Destaque,True
PROD-0504,Vestido de Festa Longo,Vestuário,,Moda Brasil Atacado,1.71,176,False,2025-06-26,Nao Informado,Estoque Normal,585,1694.0,122313.0700000001,227.77108007448808,2023-01-01,2026-05-29,525,36,7,17,291,3.656357388316151,7.29553264604811,0.77320,2026-06-13,44,124.42857142857143,0,0,0,0,0,,Produto Destaque,True
PROD-0234,Óculos de Ciclismo,Esportes,187.0,Atlética Import Ltda,5.84,280,True,2020-05-07,Medio,Estoque Normal,263,764.0,104136.06000000001,432.0998340248963,2023-01-05,2026-05-16,246,9,5,3,124,3.6129032258064515,7.451612903225806,0.78226,2026-06-21,23,118.73913043478261,518,517,324,98,9,2026-03-25 20:37:01,Produto Destaque,True
PROD-0351,Macaco Hidraulico 2T,Automotivo,427.0,Automotivo Import,6.9,381,True,2025-03-29,Alto,Estoque Normal,126,318.0,121113.51999999997,1000.9381818181816,2023-01-17,2026-02-28,119,7,0,0,72,3.5555555555555554,6.958333333333333,0.69444,2026-02-16,8,138.57142857142858,519,517,315,103,12,2026-03-25 18:58:32,Produto Destaque,False
PROD-0022,Monitor 24 Polegadas,Eletrônicos,1676.0,Shenzhen Connect Brasil,2.97,23,False,2022-04-13,Alto,Estoque Normal,3057,8644.0,10254739.970000012,3684.7790046712225,2023-01-01,2026-05-31,2729,123,38,167,1480,3.5175675675675677,6.928378378378379,0.71216,2026-07-19,628,115.25171232876713,501,500,312,82,4,2026-03-28 15:49:54,Produto Destaque,True
PROD-0115,Biquíni,Vestuário,197.0,Confecções do Sul,0.41,90,True,2018-03-23,Medio,Estoque Normal,274,794.0,116801.94000000003,463.499761904762,2023-01-12,2026-05-20,249,15,2,8,137,3.613138686131387,6.817518248175182,0.72263,2026-06-30,24,115.28571428571429,511,509,344,87,5,2026-03-28 20:00:51,Produto Destaque,True
PROD-0189,Bicicleta Aro 26,Esportes,,Esporte Total Ltda,1.28,0,False,2020-01-16,Nao Informado,Sem Estoque,555,1508.0,113094.16000000003,222.18891944990185,2023-01-04,2026-05-10,505,31,6,13,293,3.6621160409556315,7.385665529010239,0.79181,2026-07-06,45,116.07142857142857,503,500,326,76,9,2026-03-27 17:04:04,Produto Destaque,True
PROD-0361,Forro de Cacamba,Automotivo,471.0,AutoPeças Brasil Ltda,,335,True,2025-12-17,Alto,Estoque Normal,143,414.0,155786.92000000007,1162.5889552238812,2023-01-01,2026-05-22,125,11,2,5,69,3.6666666666666665,7.173913043478261,0.75362,2026-06-10,3,119.66666666666667,499,497,331,76,11,2026-03-28 12:40:30,Produto Destaque,False
PROD-0410,Lousa Magnetica,Brinquedos,185.0,Brinquedos do Brasil Ltda,4.61,245,True,2020-01-30,Medio,Estoque Normal,308,865.0,118296.49000000003,418.00879858657254,2023-01-20,2026-05-28,283,17,2,6,169,3.4497041420118344,6.745562130177515,0.71598,2026-07-05,28,131.96153846153845,496,496,322,99,7,2026-03-24 21:31:15,Produto Destaque,True
PROD-0447,Guarda-roupa 4 Portas,Móveis,,MoveisPlus Distribuidora,78.95,356,False,2019-08-10,Nao Informado,Estoque Normal,617,1737.0,129333.75000000007,233.45442238267162,2023-01-02,2026-05-23,560,35,8,14,288,3.701388888888889,7.354166666666667,0.77778,2026-07-14,50,121.125,502,500,336,82,2,2026-03-21 16:01:13,Produto Destaque,True
PROD-0122,Blusa de Tricô,Vestuário,157.0,Moda Brasil Atacado,1.48,45,True,2019-12-06,Medio,Estoque Normal,288,808.0,90982.28000000006,355.3995312500002,2023-01-02,2026-05-25,265,12,6,5,139,3.805755395683453,7.489208633093525,0.78417,2026-07-03,29,112.6,547,543,345,84,8,2026-03-27 12:15:43,Produto Destaque,True
PROD-0200,Raquete de Badminton Kit 2,Esportes,117.0,SportsBrasil Atacado,4.12,1,True,2021-07-13,Medio,Estoque Baixo,265,775.0,66143.86000000002,276.7525523012553,2023-01-01,2026-04-29,240,14,2,9,126,3.5873015873015874,7.095238095238095,0.75397,2026-05-18,28,128.96296296296296,518,516,327,99,10,2026-03-28 03:51:14,Produto Destaque,True
PROD-0406,Cama Elastica Infantil,Brinquedos,205.0,Toy Import Atacado,3.81,107,True,2021-07-19,Alto,Estoque Normal,322,892.0,135868.21000000005,459.01422297297313,2023-01-02,2026-05-29,294,22,3,3,162,3.771604938271605,7.364197530864198,0.78395,2026-05-25,27,120.70370370370371,507,505,333,89,11,2026-03-27 10:20:31,Produto Destaque,True
PROD-0195,Bola de Basquete,Esportes,148.0,SportsBrasil Atacado,13.31,429,True,2021-06-15,Medio,Estoque Normal,264,732.0,80701.08000000005,336.2545000000002,2023-01-01,2026-05-04,247,8,2,7,137,3.6861313868613137,7.160583941605839,0.78832,2026-06-01,21,113.8,504,502,309,110,6,2026-03-27 11:48:54,Produto Destaque,True
PROD-0394,Escorregador Infantil,Brinquedos,203.0,Fun Kids Distribuidora,1.02,254,True,2022-03-19,Alto,Estoque Normal,326,898.0,136145.44,447.8468421052632,2023-01-03,2026-05-30,296,15,7,8,176,3.602272727272727,7.244318181818182,0.76136,2026-06-06,27,116.11538461538461,536,536,356,93,5,2026-03-28 18:04:24,Produto Destaque,True
PROD-0185,Escova Sanitária,Casa,38.0,Casa & Cia Distribuidora,5.99,0,True,2022-09-14,Baixo,Sem Estoque,567,1643.0,47901.39000000001,92.65259187620892,2023-01-01,2026-05-22,525,24,6,12,286,3.5034965034965033,6.940559440559441,0.69580,2026-06-25,40,132.30555555555554,509,508,332,84,11,2026-03-25 16:10:12,Produto Destaque,True
PROD-0411,Teclado Musical Infantil,Brinquedos,84.0,Fun Kids Distribuidora,7.49,417,False,2019-05-14,Medio,Estoque Normal,600,1724.0,107439.78000000001,196.77615384615387,2023-01-01,2026-05-28,551,26,5,18,297,3.7542087542087543,7.343434343434343,0.75758,2026-07-19,49,127.15217391304348,503,502,313,87,7,2026-03-27 19:34:28,Produto Destaque,True
PROD-0303,Condicionador Hidratante 400ml,Beleza,50.0,Beauty Import Brasil,0.63,239,True,2022-07-25,Medio,Estoque Normal,599,1706.0,66422.45000000004,119.68009009009016,2023-01-02,2026-05-16,551,27,4,17,300,3.6533333333333333,7.173333333333333,0.75667,2026-06-25,50,107.13636363636364,522,522,315,98,9,2026-03-24 10:43:09,Produto Destaque,True
PROD-0282,Tônico Facial,Beleza,149.0,Cosméticos do Brasil Ltda,1.19,308,True,2021-05-20,Medio,Estoque Normal,288,773.0,90623.58000000002,345.8915267175573,2023-01-14,2026-05-12,260,18,2,8,144,3.6666666666666665,7.277777777777778,0.72917,2026-07-05,25,140.96,509,508,322,90,7,2026-03-27 11:26:13,Produto Destaque,True
PROD-0042,Controle Sem Fio,Eletrônicos,313.0,TechBrasil Distribuidora,0.54,35,True,2024-12-23,Alto,Estoque Normal,2308,6459.0,1540726.3799999994,735.0793797709921,2023-01-02,2026-05-31,2098,126,30,54,1171,3.683176771989752,7.315115286080273,0.77114,2026-07-17,185,117.13872832369943,529,526,339,94,9,2026-03-28 23:03:03,Produto Destaque,True
PROD-0312,Pneu Aro 15,Automotivo,,Peças & Cia Distribuidora,6.08,198,False,2021-04-06,Nao Informado,Estoque Normal,622,1841.0,148762.98000000024,261.44636203866474,2023-01-06,2026-05-21,558,37,6,21,291,3.7663230240549828,7.219931271477663,0.78694,2026-06-10,34,140.3939393939394,493,493,314,96,4,2026-03-28 03:44:44,Produto Destaque,True
PROD-0215,Corda de Pular,Esportes,50.0,Esporte Total Ltda,9.69,55,True,2019-04-23,Medio,Estoque Normal,593,1661.0,59729.46000000002,111.02130111524167,2023-01-06,2026-05-22,536,37,6,14,309,3.6310679611650487,6.983818770226537,0.71521,2026-07-11,39,124.63157894736842,511,508,325,99,7,2026-03-28 00:38:56,Produto Destaque,True
PROD-0458,Painel para TV,Móveis,591.0,Interiores Import Ltda,27.35,12,True,2018-10-22,Alto,Estoque Normal,128,357.0,154766.66,1334.1953448275863,2023-01-14,2026-03-18,118,8,0,2,56,3.625,7.160714285714286,0.71429,2026-04-23,15,144.69230769230768,486,484,287,106,6,2026-03-27 13:01:01,Produto Destaque,False
PROD-0030,Película de Vidro,Eletrônicos,52.0,Shenzhen Connect Brasil,2.66,0,False,2024-01-10,Medio,Sem Estoque,1673,4741.0,181113.88999999998,119.3108629776021,2023-01-02,2026-05-24,1441,85,23,124,754,3.5689655172413794,7.06763925729443,0.73077,2026-06-05,375,115.75071633237822,558,556,377,78,5,2026-03-27 16:07:15,Produto Destaque,True
PROD-0106,Regata Feminina,Vestuário,47.0,Moda Brasil Atacado,0.79,453,False,2024-12-12,Baixo,Estoque Normal,606,1670.0,55142.94999999998,102.49618959107804,2023-01-01,2026-05-31,549,30,7,20,299,3.688963210702341,7.040133779264214,0.76923,2026-07-22,63,119.68333333333334,512,511,346,70,9,2026-03-28 20:11:27,Produto Destaque,True
PROD-0174,Espremedor de Frutas,Casa,162.0,Utilidades do Lar Ltda,8.89,69,True,2023-02-01,Medio,Estoque Normal,284,737.0,87999.12000000004,349.2028571428573,2023-01-17,2026-05-28,262,14,2,6,140,3.65,7.0285714285714285,0.74286,2026-07-21,26,115.45833333333333,521,517,306,106,11,2026-03-26 16:11:40,Produto Destaque,True
PROD-0078,Tênis Casual Masculino,Vestuário,452.0,Confecções do Sul,1.14,302,True,2021-09-17,Alto,Estoque Normal,158,450.0,154127.68999999992,1070.331180555555,2023-01-05,2026-03-22,145,7,1,5,69,3.608695652173913,7.420289855072464,0.76812,2026-05-11,16,119.0625,496,492,339,88,7,2026-03-27 22:52:24,Produto Destaque,False
PROD-0119,Roupão de Banho,Vestuário,193.0,Confecções do Sul,1.07,156,False,2019-03-15,Medio,Estoque Normal,258,742.0,105716.14999999995,442.3269874476985,2023-01-15,2026-05-19,233,18,2,5,130,3.8076923076923075,7.569230769230769,0.78462,2026-06-01,29,132.1851851851852,553,553,366,89,7,2026-03-27 12:49:18,Produto Destaque,True
PROD-0183,Saboneteira,Casa,21.0,Decor Import,0.53,219,True,2021-05-31,Baixo,Estoque Normal,630,1825.0,28420.440000000017,50.21279151943466,2023-01-01,2026-05-31,569,34,8,19,311,3.6366559485530545,7.160771704180064,0.73312,2026-06-07,45,131.2093023255814,529,529,332,78,13,2026-03-21 15:23:02,Produto Destaque,True
PROD-0470,Armario de Cozinha 6 Portas,Móveis,,Decor Brasil Atacado,24.95,0,False,2021-05-19,Nao Informado,Sem Estoque,570,1567.0,120625.48999999992,228.89087286527499,2023-01-09,2026-05-30,526,22,10,12,273,3.6336996336996337,7.197802197802198,0.76190,2026-07-03,40,101.19444444444444,500,497,318,93,6,2026-03-27 15:44:51,Produto Destaque,True
PROD-0111,Camiseta Dry Fit,Vestuário,90.0,TextilBrasil Distribuidora,0.91,319,True,2025-12-13,Medio,Estoque Normal,613,1757.0,114036.53000000003,204.73344703770204,2023-01-01,2026-05-31,564,29,8,12,299,3.678929765886288,7.183946488294314,0.73913,2026-06-25,55,123.06,518,516,323,105,3,2026-03-25 17:08:12,Produto Destaque,True
PROD-0298,Kit Hidratação Capilar,Beleza,51.0,Beleza Total Atacado,0.55,40,True,2023-09-28,Medio,Estoque Normal,576,1639.0,60778.35000000007,119.17323529411779,2023-01-03,2026-05-30,517,39,4,16,274,3.6496350364963503,7.390510948905109,0.78467,2026-07-01,43,123.76923076923077,500,499,316,80,8,2026-03-26 11:27:43,Produto Destaque,True
PROD-0288,Esmalte Kit 6 Cores,Beleza,,Cosméticos do Brasil Ltda,0.84,50,False,2020-12-09,Nao Informado,Estoque Normal,581,1550.0,119735.25999999997,230.70377649325619,2023-01-02,2026-05-26,529,30,11,11,280,3.657142857142857,7.053571428571429,0.75714,2026-06-06,40,121.61111111111111,515,514,330,92,9,2026-03-23 03:26:57,Produto Destaque,True
PROD-0251,Perfume Masculino 100ml,Beleza,148.0,Cosméticos do Brasil Ltda,0.7,210,True,2020-01-06,Medio,Estoque Normal,315,903.0,104638.75999999998,362.0718339100345,2023-01-03,2026-05-31,293,9,5,8,161,3.7453416149068324,7.453416149068323,0.77019,2026-06-19,34,108.03125,532,530,354,91,13,2026-03-27 06:17:37,Produto Destaque,True
PROD-0268,Óleo Capilar 60ml,Beleza,61.0,Beauty Import Brasil,0.21,279,True,2025-12-21,Medio,Estoque Normal,637,1844.0,85825.45000000001,147.97491379310347,2023-01-05,2026-05-16,586,31,5,15,353,3.668555240793201,7.2492917847025495,0.74504,2026-06-23,40,111.07894736842105,493,492,315,95,8,2026-03-28 20:11:53,Produto Destaque,True
PROD-0490,Banqueta Bar Alta,Móveis,429.0,MoveisPlus Distribuidora,52.1,44,True,2025-05-25,Alto,Estoque Normal,132,385.0,129606.85000000002,1053.7142276422767,2023-01-27,2026-05-21,123,5,0,4,65,3.6923076923076925,7.046153846153846,0.73846,2026-05-06,11,135.9090909090909,522,522,346,90,9,2026-03-28 23:46:58,Produto Destaque,False
PROD-0134,Cobertor Casal,Casa,,Decor Import,14.01,0,False,2023-06-26,Nao Informado,Sem Estoque,555,1543.0,118126.70000000001,231.16771037182,2023-01-04,2026-05-22,507,26,5,17,299,3.6421404682274248,7.103678929765886,0.74916,2026-07-20,45,119.11627906976744,511,509,316,89,9,2026-03-28 00:48:27,Produto Destaque,True
PROD-0154,Chaleira Elétrica,Casa,206.0,HomeBrasil Atacado,7.79,0,False,2025-10-28,Alto,Sem Estoque,294,795.0,121313.74999999993,466.59134615384585,2023-01-12,2026-05-01,267,16,5,6,135,3.5703703703703704,7.014814814814815,0.72593,2026-05-12,25,123.54166666666667,542,540,346,99,10,2026-03-28 17:56:26,Produto Destaque,True
PROD-0246,Body Board,Esportes,304.0,SportsBrasil Atacado,13.87,140,True,2020-01-22,Alto,Estoque Normal,114,324.0,73528.32999999999,693.6634905660376,2023-01-17,2026-03-23,102,2,5,5,52,3.6346153846153846,7.365384615384615,0.80769,2026-04-16,9,117.125,530,527,335,91,6,2026-03-27 14:23:55,Produto Destaque,False
PROD-0169,Escorredor de Louças,Casa,87.0,HomeBrasil Atacado,4.51,409,True,2022-04-08,Medio,Estoque Normal,602,1694.0,107870.62000000004,202.76432330827075,2023-01-01,2026-05-24,554,25,9,14,329,3.6443768996960486,7.100303951367781,0.73252,2026-06-30,38,119.64516129032258,530,527,332,95,8,2026-03-28 14:07:22,Produto Destaque,True
PROD-0321,Oleo de Motor 0W20 4L,Automotivo,,Peças & Cia Distribuidora,1.27,450,False,2023-12-24,Nao Informado,Estoque Normal,595,1689.0,129940.25999999991,237.985824175824,2023-01-02,2026-05-25,531,33,10,21,301,3.568106312292359,7.166112956810632,0.72757,2026-07-09,54,131.13725490196077,566,561,346,98,10,2026-03-28 14:02:29,Produto Destaque,True
PROD-0323,Central Multimidia 9 Polegadas,Automotivo,904.0,AutoPeças Brasil Ltda,17.78,4,True,2026-01-16,Alto,Estoque Baixo,87,249.0,168826.77000000002,2192.5554545454547,2023-01-12,2026-04-04,76,5,3,3,43,3.7674418604651163,7.930232558139535,0.88372,2026-03-14,7,162.57142857142858,521,520,355,81,3,2026-03-27 03:25:23,Produto Destaque,False
PROD-0502,Mesa Escritorio em L,Móveis,728.0,MoveisPlus Distribuidora,17.15,51,True,2025-09-05,Alto,Estoque Normal,135,357.0,184233.96000000005,1548.1845378151265,2023-02-01,2026-05-14,116,9,6,4,66,3.6515151515151514,6.833333333333333,0.69697,2026-04-25,13,85.23076923076923,0,0,0,0,0,,Produto Destaque,False
PROD-0211,Luvas de Boxe,Esportes,169.0,SportsBrasil Atacado,0.83,329,True,2021-12-16,Medio,Estoque Normal,312,876.0,110880.81999999998,390.42542253521117,2023-02-07,2026-05-25,289,13,3,7,152,3.6842105263157894,7.1118421052631575,0.75000,2026-07-01,26,121.04,473,471,294,98,2,2026-03-28 14:14:03,Produto Destaque,True
PROD-0402,Drone Infantil,Brinquedos,213.0,Brinquedos do Brasil Ltda,0.35,261,True,2019-09-15,Alto,Estoque Normal,326,917.0,143948.93,492.97578767123287,2023-01-11,2026-05-31,307,7,7,5,166,3.63855421686747,7.006024096385542,0.68675,2026-06-19,31,112.16666666666667,501,499,313,82,8,2026-03-26 06:29:00,Produto Destaque,True
PROD-0138,Tapete Banheiro,Casa,43.0,Casa & Cia Distribuidora,13.12,0,False,2021-09-02,Baixo,Sem Estoque,585,1695.0,54891.42,101.83936920222634,2023-01-01,2026-05-26,536,28,6,15,294,3.639455782312925,7.119047619047619,0.72789,2026-07-07,51,112.125,536,534,342,98,11,2026-03-25 20:46:27,Produto Destaque,True
PROD-0035,Pen Drive 64GB,Eletrônicos,147.0,Shenzhen Connect Brasil,2.58,353,True,2023-12-23,Medio,Estoque Normal,1668,4756.0,522971.4600000013,339.81251461988387,2023-01-01,2026-05-18,1470,75,14,109,816,3.519607843137255,6.920343137254902,0.71691,2026-06-03,321,126.54248366013071,535,534,329,101,6,2026-03-28 21:20:09,Produto Destaque,True
PROD-0196,Bola de Vôlei,Esportes,,Atlética Import Ltda,3.78,65,False,2024-07-02,Nao Informado,Estoque Normal,548,1559.0,115053.65999999992,230.56845691382748,2023-01-03,2026-05-31,495,32,7,14,259,3.7567567567567566,7.525096525096525,0.79151,2026-07-29,49,104.04651162790698,524,522,343,80,10,2026-03-27 10:26:29,Produto Destaque,True
PROD-0434,Sofa 2 Lugares,Móveis,703.0,Interiores Import Ltda,60.88,233,True,2022-08-06,Alto,Estoque Normal,107,308.0,167926.72,1731.2032989690722,2023-01-01,2026-05-13,98,4,1,4,55,3.672727272727273,7.2,0.69091,2026-06-02,3,125.5,498,498,324,101,9,2026-03-27 17:41:38,Produto Destaque,False
PROD-0128,Jogo de Lençol Casal,Casa,266.0,Utilidades do Lar Ltda,2.88,50,True,2020-01-10,Alto,Estoque Normal,288,814.0,153972.82999999996,601.4563671874998,2023-01-03,2026-05-28,259,15,7,7,137,3.678832116788321,7.401459854014599,0.77372,2026-06-05,23,118.54545454545455,512,512,350,78,6,2026-03-28 03:54:07,Produto Destaque,True
PROD-0325,Capa para Banco Traseiro,Automotivo,297.0,AutoPeças Brasil Ltda,14.09,238,True,2024-04-14,Alto,Estoque Normal,284,799.0,178932.52000000008,710.0496825396829,2023-01-09,2026-05-21,252,19,2,11,154,3.590909090909091,7.220779220779221,0.72727,2026-06-01,27,116.0,513,510,317,99,10,2026-03-23 03:44:36,Produto Destaque,True
PROD-0384,Pelucia 40cm,Brinquedos,183.0,Brinquedos do Brasil Ltda,7.84,416,True,2025-07-17,Medio,Estoque Normal,297,824.0,113710.45999999996,419.5957933579334,2023-01-08,2026-05-28,264,22,1,10,137,3.81021897810219,7.328467153284672,0.79562,2026-06-04,31,131.75862068965517,564,563,367,100,4,2026-03-27 08:05:01,Produto Destaque,True
PROD-0036,Pen Drive 128GB,Eletrônicos,151.0,Global Electronics Ltda,3.38,3,True,2018-08-27,Medio,Estoque Baixo,1916,5302.0,591323.8399999997,335.78866553094815,2023-01-03,2026-05-31,1751,90,33,42,948,3.680379746835443,7.194092827004219,0.74473,2026-07-19,246,124.94092827004219,506,504,343,75,6,2026-03-26 23:40:57,Produto Destaque,True
PROD-0368,Vela de Ignicao Kit 4,Automotivo,65.0,AutoPeças Brasil Ltda,4.61,307,True,2019-12-13,Medio,Estoque Normal,579,1599.0,82165.89000000006,156.20891634980998,2023-01-02,2026-05-26,533,23,7,16,284,3.7007042253521125,7.095070422535211,0.74296,2026-07-15,53,128.97916666666666,526,522,366,74,9,2026-03-28 20:15:03,Produto Destaque,True
PROD-0046,Adaptador HDMI,Eletrônicos,112.0,Shenzhen Connect Brasil,4.49,66,True,2021-11-19,Medio,Estoque Normal,1668,4762.0,402988.5600000006,262.7044067796614,2023-01-02,2026-05-28,1468,58,21,121,858,3.593240093240093,7.067599067599067,0.73193,2026-07-15,342,124.91428571428571,499,498,310,107,6,2026-03-28 09:19:56,Produto Destaque,True
PROD-0047,Cabo USB-C 2m,Eletrônicos,59.0,TechBrasil Distribuidora,4.24,186,True,2021-09-17,Medio,Estoque Normal,2449,6764.0,310739.66000000044,138.22938612099665,2023-01-01,2026-05-29,2222,130,35,62,1234,3.6547811993517016,7.183954619124798,0.75689,2026-06-26,186,109.94186046511628,508,505,318,101,8,2026-03-23 09:04:56,Produto Destaque,True
PROD-0088,Casaco de Inverno,Vestuário,447.0,Moda Brasil Atacado,1.04,78,True,2024-09-19,Alto,Estoque Normal,114,309.0,93772.01999999997,956.8573469387752,2023-01-04,2026-03-09,99,6,2,7,67,3.4776119402985075,6.447761194029851,0.67164,2026-04-30,13,97.54545454545455,516,515,327,88,5,2026-03-28 08:40:12,Produto Destaque,False
PROD-0086,Legging Feminina,Vestuário,73.0,Confecções do Sul,1.73,3,True,2021-09-21,Medio,Estoque Baixo,620,1644.0,88596.48000000005,154.349268292683,2023-01-01,2026-05-30,569,27,8,16,332,3.566265060240964,7.093373493975903,0.71386,2026-07-07,67,128.68852459016392,525,524,329,101,5,2026-03-26 02:09:28,Produto Destaque,True
PROD-0126,Conjunto de Panelas 5 Peças,Casa,203.0,HomeBrasil Atacado,13.83,305,True,2022-04-22,Alto,Estoque Normal,288,782.0,119131.97000000004,454.70217557251925,2023-01-03,2026-05-05,260,18,5,5,133,3.601503759398496,7.172932330827067,0.76692,2026-06-21,29,121.82758620689656,524,521,335,85,12,2026-03-24 12:18:54,Produto Destaque,True
PROD-0205,Barraca de Camping 2 Pessoas,Esportes,,Esporte Total Ltda,13.03,420,False,2024-09-03,Nao Informado,Estoque Normal,640,1836.0,137173.2000000001,238.14791666666684,2023-01-01,2026-05-20,584,31,13,12,317,3.6529968454258674,7.110410094637224,0.75394,2026-07-01,52,122.19565217391305,520,517,332,82,11,2026-03-28 14:47:47,Produto Destaque,True
PROD-0065,Camiseta Feminina Algodão,Vestuário,65.0,Fashion Import Ltda,,429,True,2025-07-14,Medio,Estoque Normal,603,1746.0,86445.22999999997,157.74677007299263,2023-01-02,2026-05-18,546,35,4,18,314,3.6687898089171975,7.261146496815287,0.75796,2026-07-07,44,117.6842105263158,544,542,348,94,9,2026-03-24 15:06:34,Produto Destaque,True
PROD-0089,Blusa de Frio,Vestuário,235.0,Moda Brasil Atacado,1.76,4,True,2019-12-18,Alto,Estoque Baixo,311,895.0,152968.83000000002,542.4426595744682,2023-01-06,2026-05-25,281,12,9,9,156,3.6794871794871793,7.435897435897436,0.77564,2026-07-22,22,138.52380952380952,507,503,316,78,11,2026-03-25 21:53:34,Produto Destaque,True
PROD-0224,Suporte para Bicicleta,Esportes,100.0,Atlética Import Ltda,8.93,106,True,2022-06-19,Medio,Estoque Normal,584,1653.0,121779.54000000008,229.77271698113222,2023-01-01,2026-05-31,520,36,8,20,285,3.7017543859649122,7.140350877192983,0.76140,2026-07-12,47,138.43478260869566,511,510,298,90,9,2026-03-27 11:32:35,Produto Destaque,True
PROD-0415,Kit Medico Infantil,Brinquedos,112.0,Fun Kids Distribuidora,7.87,327,True,2024-06-17,Medio,Estoque Normal,309,861.0,69886.84999999998,255.06149635036488,2023-01-03,2026-05-04,289,9,2,9,160,3.7875,7.43125,0.79375,2026-06-23,21,134.1578947368421,520,517,334,88,5,2026-03-27 14:10:22,Produto Destaque,True
PROD-0170,Fruteira 3 Andares,Casa,69.0,Utilidades do Lar Ltda,8.03,168,True,2019-03-22,Medio,Estoque Normal,613,1693.0,90038.58000000009,160.2109964412813,2023-01-08,2026-05-07,562,24,8,19,305,3.6655737704918034,7.213114754098361,0.76393,2026-05-26,56,120.0,530,528,336,91,8,2026-03-28 18:30:07,Produto Destaque,True
PROD-0261,Protetor Solar FPS 70,Beleza,57.0,Beauty Import Brasil,0.97,32,True,2022-08-11,Medio,Estoque Normal,588,1616.0,69510.31999999999,131.89814041745728,2023-01-02,2026-05-23,530,37,8,13,293,3.7030716723549486,7.290102389078498,0.74744,2026-07-07,53,115.35416666666667,516,514,313,90,5,2026-03-28 09:27:52,Produto Destaque,True
PROD-0063,Caixinha de Som Mini,Eletrônicos,,Global Electronics Ltda,4.06,4,False,2024-10-16,Nao Informado,Estoque Baixo,1847,5174.0,372686.49,222.49939701492536,2023-01-01,2026-05-30,1666,99,22,60,900,3.671111111111111,7.163333333333333,0.74444,2026-07-15,217,127.58208955223881,510,509,332,81,6,2026-03-27 23:29:06,Produto Destaque,True
PROD-0392,Bicicleta Infantil Aro 16,Brinquedos,366.0,Fun Kids Distribuidora,5.12,427,False,2021-05-07,Alto,Estoque Normal,125,381.0,102002.04999999997,857.1600840336132,2023-01-13,2026-05-16,108,10,0,7,58,3.6379310344827585,7.137931034482759,0.74138,2026-07-09,15,128.66666666666666,536,535,317,88,9,2026-03-26 03:38:22,Produto Destaque,False
PROD-0430,Gym para Bebe,Brinquedos,239.0,Brinquedos do Brasil Ltda,1.73,258,True,2020-03-27,Alto,Estoque Normal,294,831.0,149534.42999999993,553.831222222222,2023-01-01,2026-05-29,273,11,1,9,133,3.7518796992481205,7.150375939849624,0.75940,2026-06-17,24,111.08695652173913,513,512,330,92,8,2026-03-26 01:44:08,Produto Destaque,True
PROD-0370,Amortecedor Traseiro Par,Automotivo,615.0,AutoPeças Brasil Ltda,16.44,362,False,2026-01-22,Alto,Estoque Normal,125,343.0,170811.07999999996,1459.9237606837603,2023-01-22,2026-05-01,111,8,2,4,64,3.609375,7.140625,0.73438,2026-05-13,15,98.92857142857143,511,509,316,89,9,2026-03-26 23:23:06,Produto Destaque,False
PROD-0418,Bamboleo,Brinquedos,,Brinquedos do Brasil Ltda,1.55,104,False,2022-03-31,Nao Informado,Estoque Normal,615,1655.0,124178.55000000008,223.74513513513529,2023-01-01,2026-05-13,563,20,9,23,311,3.710610932475884,7.090032154340836,0.72669,2026-07-09,50,114.39583333333333,481,478,301,89,7,2026-03-28 14:43:16,Produto Destaque,True
PROD-0445,Estante de Livros 3 Prateleiras,Móveis,513.0,Decor Brasil Atacado,49.55,400,False,2025-01-09,Alto,Estoque Normal,123,345.0,138925.80000000008,1229.4318584070804,2023-01-05,2026-05-24,111,5,1,6,66,3.712121212121212,7.333333333333333,0.80303,2026-07-14,9,112.0,533,530,354,91,6,2026-03-27 08:21:13,Produto Destaque,False
PROD-0141,Luminária de Mesa,Casa,188.0,Decor Import,7.2,96,False,2023-10-24,Medio,Estoque Normal,307,864.0,124280.74999999994,440.7118794326239,2023-01-05,2026-05-25,279,15,5,8,157,3.5987261146496814,7.267515923566879,0.73248,2026-06-06,26,117.18181818181819,557,556,361,88,4,2026-03-27 05:06:27,Produto Destaque,True
PROD-0271,Base Líquida,Beleza,,Beleza Total Atacado,0.25,433,False,2018-01-20,Nao Informado,Estoque Normal,604,1675.0,132023.58999999997,238.74066907775762,2023-01-02,2026-05-27,554,31,5,14,302,3.5033112582781456,6.894039735099338,0.71854,2026-07-10,49,124.44680851063829,502,501,306,107,7,2026-03-21 23:33:28,Produto Destaque,True
PROD-0311,Tinta para Cabelo,Beleza,,Beauty Import Brasil,0.74,107,False,2020-03-06,Nao Informado,Estoque Normal,601,1705.0,129176.02000000012,237.893222836096,2023-01-01,2026-05-30,546,28,11,16,283,3.696113074204947,7.190812720848056,0.75618,2026-06-22,48,91.15217391304348,531,528,332,91,7,2026-03-28 19:02:42,Produto Destaque,True
PROD-0435,Sofa Retratil 3 Lugares,Móveis,1253.0,MoveisPlus Distribuidora,61.4,155,True,2023-06-09,Alto,Estoque Normal,102,267.0,261137.95999999996,2807.9350537634405,2023-02-09,2026-05-14,97,4,0,1,56,3.482142857142857,6.892857142857143,0.71429,2026-06-17,9,121.11111111111111,521,520,318,98,5,2026-03-28 11:35:35,Produto Destaque,False
PROD-0026,Teclado Mecânico,Eletrônicos,501.0,TechBrasil Distribuidora,1.25,212,True,2022-09-10,Alto,Estoque Normal,2287,6487.0,2356575.1500000004,1142.3049684924868,2023-01-01,2026-05-31,2095,102,33,57,1148,3.6898954703832754,7.230836236933798,0.76916,2026-07-23,193,116.27272727272727,533,532,337,85,6,2026-03-24 10:23:12,Produto Destaque,True
PROD-0260,Kit Skincare Facial,Beleza,,Beauty Import Brasil,0.3,195,False,2020-05-14,Nao Informado,Estoque Normal,585,1612.0,124616.45000000003,231.6290892193309,2023-01-02,2026-05-27,537,26,4,18,303,3.6435643564356437,7.333333333333333,0.78548,2026-07-05,46,109.0,502,501,337,75,10,2026-03-26 10:57:28,Produto Destaque,True
PROD-0273,Batom Gloss,Beleza,27.0,Beauty Import Brasil,1.48,22,True,2019-10-16,Baixo,Estoque Normal,544,1480.0,30671.379999999986,61.22031936127742,2023-01-05,2026-05-31,500,24,8,12,279,3.5053763440860215,6.670250896057348,0.70251,2026-06-30,52,98.64,507,505,327,89,3,2026-03-26 20:27:02,Produto Destaque,True
PROD-0061,Leitor Código de Barras,Eletrônicos,344.0,TechBrasil Distribuidora,3.16,128,True,2018-10-09,Alto,Estoque Normal,2210,6067.0,1560872.9099999978,778.4902294264328,2023-01-01,2026-05-31,1991,129,25,65,1103,3.6364460562103353,7.065276518585676,0.74524,2026-07-25,179,118.00588235294117,509,506,313,99,9,2026-03-24 21:48:48,Produto Destaque,True
PROD-0514,Conjunto Esportivo Feminino,Vestuário,,Fashion Import Ltda,1.09,233,False,2025-11-25,Nao Informado,Estoque Normal,560,1501.0,110949.26000000011,215.85459143968893,2023-01-03,2026-05-15,513,28,8,11,287,3.7282229965156795,7.2613240418118465,0.78746,2026-05-22,51,131.28571428571428,0,0,0,0,0,,Produto Destaque,True
PROD-0098,Luvas de Inverno,Vestuário,98.0,Confecções do Sul,1.46,88,True,2023-08-19,Medio,Estoque Normal,593,1619.0,113197.2100000001,213.1774199623354,2023-01-03,2026-05-22,541,33,6,13,282,3.723404255319149,7.382978723404255,0.77660,2026-06-20,42,111.64102564102564,529,527,329,111,4,2026-03-28 23:05:04,Produto Destaque,True
PROD-0029,Carregador Sem Fio,Eletrônicos,245.0,Global Electronics Ltda,0.32,81,True,2022-09-27,Alto,Estoque Normal,1843,5091.0,921942.7100000001,544.8833983451538,2023-01-01,2026-05-30,1688,84,23,48,950,3.710526315789474,7.234736842105264,0.77158,2026-07-09,213,114.02985074626865,497,494,322,82,4,2026-03-28 21:06:07,Produto Destaque,True
PROD-0177,Conjunto de Toalhas 4 Peças,Casa,205.0,HomeBrasil Atacado,7.36,0,False,2024-06-23,Alto,Sem Estoque,283,763.0,116568.25000000006,451.8149224806204,2023-01-04,2026-05-03,253,18,2,10,140,3.6857142857142855,7.257142857142857,0.75714,2026-05-15,20,104.33333333333333,533,531,334,96,7,2026-03-28 05:02:04,Produto Destaque,True
PROD-0152,Tábua de Corte Bambu,Casa,31.0,Casa & Cia Distribuidora,1.53,329,False,2024-10-14,Baixo,Estoque Normal,581,1604.0,36876.969999999994,71.466996124031,2023-01-17,2026-05-13,529,35,4,13,302,3.6556291390728477,7.2218543046357615,0.76159,2026-05-20,56,103.82352941176471,520,516,326,89,4,2026-03-13 11:11:47,Produto Destaque,True
PROD-0190,Bicicleta Speed Aro 700,Esportes,735.0,Esporte Total Ltda,4.46,221,True,2025-09-21,Alto,Estoque Normal,112,330.0,182802.63999999998,1708.4358878504672,2023-01-11,2026-05-15,99,8,1,4,53,3.6792452830188678,7.30188679245283,0.79245,2026-07-07,8,115.42857142857143,509,508,350,77,3,2026-03-24 05:44:34,Produto Destaque,False
PROD-0096,Boné Aba Curva,Vestuário,57.0,Moda Brasil Atacado,1.09,139,True,2019-08-08,Medio,Estoque Normal,567,1577.0,64885.08,126.23556420233463,2023-01-09,2026-05-29,525,27,5,10,292,3.6164383561643834,7.058219178082192,0.75685,2026-06-25,43,114.74358974358974,507,505,320,97,13,2026-03-25 18:05:13,Produto Destaque,True
PROD-0304,Creme de Barbear,Beleza,53.0,Cosméticos do Brasil Ltda,0.77,176,False,2021-01-06,Medio,Estoque Normal,602,1618.0,66683.22999999995,122.35455045871551,2023-01-01,2026-05-15,543,34,10,15,309,3.7411003236245954,7.440129449838188,0.78641,2026-06-03,63,119.08620689655173,521,521,321,103,5,2026-03-25 22:30:25,Produto Destaque,True
PROD-0453,Escrivaninha com Gavetas,Móveis,541.0,MoveisPlus Distribuidora,7.1,238,True,2024-09-28,Alto,Estoque Normal,136,387.0,150072.19,1271.7982203389831,2023-01-17,2026-04-15,119,14,1,2,64,3.75,7.09375,0.76563,2026-04-01,11,140.1818181818182,574,572,368,102,14,2026-03-27 05:24:17,Produto Destaque,False
PROD-0038,Impressora Multifuncional,Eletrônicos,1176.0,TechBrasil Distribuidora,0.68,0,False,2025-03-19,Alto,Sem Estoque,3599,9992.0,9018349.60999998,2745.311905631653,2023-01-02,2026-05-31,3274,183,54,88,1817,3.624656026417171,7.104017611447441,0.74078,2026-07-24,293,119.35460992907801,494,493,296,90,8,2026-03-24 16:28:34,Produto Destaque,True
PROD-0498,Mochila de Hidratacao,Esportes,300.0,Atlética Import Ltda,6.08,109,True,2020-04-09,Alto,Estoque Normal,294,759.0,170090.69000000015,641.851660377359,2023-01-02,2026-05-20,276,10,2,6,143,3.664335664335664,7.20979020979021,0.76224,2026-04-27,15,118.86666666666666,502,499,321,90,12,2026-03-26 22:22:40,Produto Destaque,False
PROD-0102,Sandália Feminina,Vestuário,249.0,Confecções do Sul,0.54,14,True,2022-11-09,Alto,Estoque Normal,279,760.0,137613.72000000003,535.461945525292,2023-01-07,2026-05-06,253,16,6,4,154,3.5064935064935066,6.701298701298701,0.68831,2026-05-22,26,127.46153846153847,509,505,323,88,5,2026-03-26 15:50:50,Produto Destaque,True
PROD-0421,Moto de Brinquedo,Brinquedos,83.0,Brinquedos do Brasil Ltda,7.33,330,False,2023-02-09,Medio,Estoque Normal,583,1680.0,103247.36,196.6616380952381,2023-01-01,2026-05-22,530,35,5,13,296,3.77027027027027,7.368243243243243,0.76689,2026-05-07,42,128.475,516,510,314,108,5,2026-03-27 05:35:59,Produto Destaque,True
PROD-0477,Mesa de Jardim,Móveis,651.0,Interiores Import Ltda,65.68,0,True,2024-05-28,Alto,Sem Estoque,137,382.0,179066.16999999995,1479.8857024793385,2023-01-19,2026-05-04,127,7,2,1,73,3.8219178082191783,7.465753424657534,0.75342,2026-06-27,10,113.4,513,512,326,94,14,2026-03-24 07:45:11,Produto Destaque,False
PROD-0020,Câmera de Segurança Wi-Fi,Eletrônicos,494.0,Shenzhen Connect Brasil,2.95,152,True,2023-08-06,Alto,Estoque Normal,1635,4604.0,1666307.3499999985,1131.233774609639,2023-01-04,2026-05-28,1436,70,18,111,774,3.582687338501292,6.881136950904393,0.71059,2026-07-10,352,123.56417910447762,538,536,349,87,10,2026-03-24 18:12:22,Produto Destaque,True
PROD-0397,Domino Infantil,Brinquedos,,Toy Import Atacado,5.77,376,False,2021-02-02,Nao Informado,Estoque Normal,554,1557.0,115646.82999999997,227.2039882121807,2023-01-08,2026-05-25,503,30,4,17,290,3.706896551724138,7.3310344827586205,0.77586,2026-07-06,45,106.97674418604652,532,531,344,83,4,2026-03-26 04:25:04,Produto Destaque,True
PROD-0269,Escova de Cabelo Profissional,Beleza,,Cosméticos do Brasil Ltda,1.47,139,False,2020-07-23,Nao Informado,Estoque Normal,591,1654.0,123352.63000000014,234.06571157495281,2023-01-04,2026-05-30,548,22,10,11,284,3.742957746478873,7.309859154929577,0.78169,2026-06-19,50,129.72916666666666,540,539,345,93,12,2026-03-28 02:11:13,Produto Destaque,True
PROD-0161,Cafeteira Expresso,Casa,254.0,Decor Import,5.26,498,True,2018-07-11,Alto,Estoque Normal,292,827.0,159276.85000000003,589.9142592592594,2023-01-03,2026-04-28,257,19,7,9,145,3.7724137931034485,7.3310344827586205,0.77241,2026-06-06,19,129.64705882352942,487,487,326,82,1,2026-03-25 04:51:38,Produto Destaque,False
PROD-0327,Tapete Automotivo Personalizado,Automotivo,291.0,Peças & Cia Distribuidora,22.15,166,True,2019-01-04,Alto,Estoque Normal,280,781.0,177936.8799999999,700.5388976377949,2023-01-01,2026-05-24,253,15,5,7,148,3.5878378378378377,7.3108108108108105,0.75000,2026-06-19,25,85.08695652173913,499,498,314,87,7,2026-03-27 02:32:43,Produto Destaque,True
PROD-0040,Drone com Câmera,Eletrônicos,2588.0,Shenzhen Connect Brasil,2.45,262,False,2022-01-27,Alto,Estoque Normal,3093,8704.0,16236360.529999988,5757.574656028364,2023-01-01,2026-05-31,2765,131,51,146,1496,3.5120320855614975,6.834224598930481,0.69920,2026-07-20,620,117.76672384219555,508,506,337,82,8,2026-03-28 18:10:02,Produto Destaque,True
PROD-0074,Jaqueta Corta Vento,Vestuário,394.0,Fashion Import Ltda,0.4,188,True,2022-04-13,Alto,Estoque Normal,146,410.0,111261.16999999995,869.2278906249996,2023-01-01,2026-05-12,135,8,1,2,61,3.721311475409836,7.491803278688525,0.78689,2026-06-25,12,103.18181818181819,530,528,321,92,13,2026-03-27 08:41:44,Produto Destaque,False
PROD-0379,Quebra-cabeca 1000 Pecas,Brinquedos,53.0,Brinquedos do Brasil Ltda,7.88,462,False,2024-12-09,Medio,Estoque Normal,598,1713.0,67285.76000000001,123.9148434622468,2023-01-11,2026-05-31,556,26,5,11,305,3.724590163934426,7.3475409836065575,0.78033,2026-07-01,42,117.21951219512195,532,529,343,94,5,2026-03-28 03:47:43,Produto Destaque,True
PROD-0241,Maiô Esportivo,Esportes,,Atlética Import Ltda,6.3,146,False,2018-02-22,Nao Informado,Estoque Normal,607,1742.0,130324.82999999994,235.24337545126343,2023-01-06,2026-05-26,577,20,3,7,331,3.6797583081570995,7.290030211480363,0.78852,2026-06-28,49,127.11111111111111,512,511,330,83,10,2026-03-28 17:29:03,Produto Destaque,True
PROD-0007,Smart TV 50 Polegadas,Eletrônicos,2319.0,Shenzhen Connect Brasil,1.63,459,True,2018-09-16,Alto,Estoque Normal,2995,8339.0,13825017.98000002,5101.4826494465015,2023-01-01,2026-05-28,2689,145,35,126,1514,3.52774108322325,6.903566710700132,0.70872,2026-07-14,631,120.9234693877551,515,514,321,88,9,2026-03-28 13:52:08,Produto Destaque,True
PROD-0095,Cinto de Couro,Vestuário,51.0,Moda Brasil Atacado,1.83,224,True,2024-10-08,Medio,Estoque Normal,558,1673.0,63387.37999999996,123.80347656249992,2023-01-04,2026-05-31,518,24,4,12,286,3.611888111888112,7.006993006993007,0.71329,2026-06-30,30,123.37931034482759,511,511,315,102,9,2026-03-27 10:57:55,Produto Destaque,True
PROD-0072,Vestido Longo,Vestuário,228.0,TextilBrasil Distribuidora,0.92,22,True,2025-04-17,Alto,Estoque Normal,289,785.0,132127.97,500.48473484848483,2023-01-06,2026-05-22,264,12,4,9,153,3.6993464052287583,7.405228758169935,0.77778,2026-05-22,17,158.53333333333333,534,532,337,88,4,2026-03-28 13:39:31,Produto Destaque,False
PROD-0512,Rack Suspenso para TV,Móveis,622.0,MoveisPlus Distribuidora,69.5,87,False,2025-08-29,Alto,Estoque Normal,123,339.0,142580.0,1397.8431372549019,2023-01-11,2026-03-18,107,6,3,7,59,3.8983050847457625,7.796610169491525,0.84746,2026-03-18,13,96.0,0,0,0,0,0,,Produto Destaque,False
PROD-0432,Chocalho Kit,Brinquedos,31.0,Brinquedos do Brasil Ltda,5.75,0,True,2019-11-11,Baixo,Sem Estoque,568,1617.0,37681.67999999999,73.59703124999999,2023-01-01,2026-05-27,518,31,7,12,266,3.6390977443609023,7.139097744360902,0.73684,2026-06-16,40,112.02631578947368,501,500,308,91,9,2026-03-26 17:26:15,Produto Destaque,True
PROD-0101,Chinelo Feminino,Vestuário,70.0,TextilBrasil Distribuidora,0.92,166,False,2024-12-30,Medio,Estoque Normal,620,1720.0,87460.98999999993,156.74012544802855,2023-01-01,2026-05-24,564,34,7,15,308,3.6298701298701297,7.337662337662338,0.77922,2026-07-04,32,118.06896551724138,497,493,324,86,3,2026-03-27 04:41:36,Produto Destaque,True
PROD-0442,Cadeira de Escritorio Basica,Móveis,538.0,Decor Brasil Atacado,,82,False,2024-07-05,Alto,Estoque Normal,138,382.0,157733.80000000008,1261.8704000000007,2023-01-09,2026-03-27,123,7,2,6,69,3.681159420289855,6.695652173913044,0.71014,2026-04-27,8,133.5,509,509,333,90,4,2026-03-28 01:01:25,Produto Destaque,False
PROD-0305,Pos-barba Hidratante,Beleza,80.0,Beleza Total Atacado,0.19,368,True,2019-01-04,Medio,Estoque Normal,584,1626.0,99886.83000000002,188.82198487712668,2023-01-04,2026-05-31,539,22,8,15,301,3.528239202657807,6.853820598006645,0.73422,2026-06-05,40,96.66666666666667,548,544,348,89,9,2026-03-27 15:45:52,Produto Destaque,True
PROD-0093,Bolsa Feminina,Vestuário,199.0,Moda Brasil Atacado,0.54,21,True,2022-12-13,Medio,Estoque Normal,291,807.0,120059.57000000004,439.7786446886448,2023-01-01,2026-05-29,269,15,0,7,138,3.782608695652174,7.478260869565218,0.78261,2026-06-25,14,118.28571428571429,559,558,359,108,4,2026-03-27 19:10:32,Produto Destaque,False
PROD-0164,Ventilador de Mesa,Casa,149.0,HomeBrasil Atacado,7.81,152,True,2019-12-18,Medio,Estoque Normal,292,819.0,90293.54000000002,342.02098484848494,2023-01-04,2026-05-23,260,16,4,12,154,3.6363636363636362,7.181818181818182,0.77922,2026-06-02,23,109.95652173913044,493,490,320,84,6,2026-03-26 15:28:49,Produto Destaque,True
PROD-0517,Monitor Gamer 144Hz,Eletrônicos,1233.0,Global Electronics Ltda,3.66,0,True,2025-11-11,Alto,Sem Estoque,3254,8956.0,7822175.159999982,2645.3077984443635,2023-01-02,2026-05-31,2966,170,36,82,1646,3.678007290400972,7.25820170109356,0.76185,2026-07-17,319,116.03947368421052,0,0,0,0,0,,Produto Destaque,True
PROD-0131,Edredom Solteiro,Casa,111.0,Utilidades do Lar Ltda,13.9,218,True,2021-03-23,Medio,Estoque Normal,267,783.0,64483.860000000044,267.56788381742757,2023-01-22,2026-05-31,250,6,4,7,128,3.8125,7.421875,0.82031,2026-07-13,23,125.0,512,510,332,88,7,2026-03-28 05:14:08,Produto Destaque,True
PROD-0167,Desumidificador,Casa,,Decor Import,3.65,365,False,2023-02-16,Nao Informado,Estoque Normal,557,1594.0,120981.05000000002,236.7535225048924,2023-01-03,2026-05-31,505,35,7,10,283,3.7985865724381624,7.3144876325088335,0.79152,2026-07-15,36,138.73529411764707,512,512,324,86,6,2026-03-28 14:47:21,Produto Destaque,True
PROD-0223,Elástico de Resistência Kit,Esportes,66.0,Fitness Distribuidora,3.97,351,True,2021-04-01,Medio,Estoque Normal,564,1565.0,78187.44000000002,150.9410038610039,2023-01-12,2026-05-24,525,26,2,11,293,3.68259385665529,7.361774744027303,0.75427,2026-07-17,29,85.25,514,513,324,103,3,2026-03-23 15:19:54,Produto Destaque,True
PROD-0220,Barra de Musculação,Esportes,552.0,SportsBrasil Atacado,3.14,1,True,2024-05-06,Alto,Estoque Baixo,119,348.0,148200.37999999998,1311.5077876106193,2023-01-01,2026-04-18,102,11,2,4,48,3.7916666666666665,6.854166666666667,0.75000,2026-03-23,4,87.75,534,533,344,99,9,2026-03-24 18:56:04,Produto Destaque,False
PROD-0010,Smart TV 32 Polegadas,Eletrônicos,1327.0,Global Electronics Ltda,3.38,71,True,2020-10-23,Alto,Estoque Normal,3161,9016.0,8538299.370000005,2965.717044112541,2023-01-01,2026-05-31,2868,168,34,91,1571,3.6639083386378104,7.22151495862508,0.74793,2026-07-23,299,112.03928571428571,542,540,343,92,5,2026-03-24 20:24:49,Produto Destaque,True
PROD-0041,Console de Videogame,Eletrônicos,4154.0,TechBrasil Distribuidora,4.74,247,True,2020-10-31,Alto,Estoque Normal,3597,10248.0,30585659.23999998,9327.739932906368,2023-01-01,2026-05-31,3282,175,48,92,1799,3.6737076153418564,7.22846025569761,0.75431,2026-07-30,295,121.09057971014492,514,514,326,92,12,2026-03-23 16:21:52,Produto Destaque,True
PROD-0204,Barraca de Camping 4 Pessoas,Esportes,439.0,SportsBrasil Atacado,14.76,134,True,2020-04-17,Alto,Estoque Normal,122,340.0,110552.04000000004,978.3366371681419,2023-01-12,2026-04-22,113,4,3,2,64,3.46875,6.703125,0.67188,2026-06-16,16,148.33333333333334,502,502,314,92,8,2026-03-27 14:39:31,Produto Destaque,False
PROD-0208,Mochila de Trilha 20L,Esportes,231.0,SportsBrasil Atacado,4.92,197,False,2023-08-19,Alto,Estoque Normal,294,802.0,140137.5199999999,519.0278518518514,2023-01-05,2026-05-29,259,21,3,11,150,3.6133333333333333,7.2,0.75333,2026-05-28,26,103.08,517,515,329,100,3,2026-03-26 12:45:13,Produto Destaque,True
PROD-0515,Difusor de Aromas,Casa,166.0,Utilidades do Lar Ltda,8.25,339,False,2020-06-09,Medio,Estoque Normal,295,819.0,104957.65000000004,391.6330223880598,2023-01-12,2026-05-23,261,19,3,12,130,3.669230769230769,7.269230769230769,0.76154,2026-06-17,24,122.65217391304348,0,0,0,0,0,,Produto Destaque,True
PROD-0209,Garrafa Térmica 1L,Esportes,94.0,SportsBrasil Atacado,10.43,12,True,2019-07-03,Medio,Estoque Normal,572,1644.0,114699.06999999992,220.15176583493266,2023-01-03,2026-05-23,513,40,6,13,280,3.7,7.257142857142857,0.74643,2026-06-27,39,138.80555555555554,535,533,325,113,7,2026-03-28 02:15:29,Produto Destaque,True
PROD-0003,Smartphone 256GB,Eletrônicos,3955.0,Global Electronics Ltda,0.83,29,True,2025-11-07,Alto,Estoque Normal,3144,8667.0,24388361.93000007,8578.389704537485,2023-01-01,2026-05-31,2862,177,34,71,1567,3.6675175494575623,7.181238034460753,0.75175,2026-07-28,319,123.21824104234528,522,521,326,101,5,2026-03-28 20:42:44,Produto Destaque,True
PROD-0382,Blocos de Montar 200 Pecas,Brinquedos,,Brinquedos do Brasil Ltda,5.35,486,False,2025-07-11,Nao Informado,Estoque Normal,593,1671.0,123700.91999999995,227.39139705882346,2023-01-05,2026-05-25,527,37,8,21,305,3.763934426229508,7.432786885245902,0.78361,2026-06-23,59,115.11111111111111,554,552,367,87,9,2026-03-25 16:22:17,Produto Destaque,True
PROD-0156,Liquidificador 700W,Casa,161.0,Utilidades do Lar Ltda,4.61,107,False,2022-04-03,Medio,Estoque Normal,293,842.0,105449.85999999996,387.6833088235293,2023-01-03,2026-05-19,266,19,3,5,149,3.664429530201342,7.060402684563758,0.74497,2026-06-19,20,95.85,514,511,322,105,7,2026-03-28 21:40:17,Produto Destaque,True
PROD-0255,Secador de Cabelo 1800W,Beleza,90.0,Perfumes & Cia,0.12,172,True,2025-07-23,Medio,Estoque Normal,544,1559.0,105727.96999999996,213.5918585858585,2023-01-06,2026-05-18,497,30,5,12,296,3.706081081081081,7.469594594594595,0.80405,2026-07-11,42,126.71794871794872,505,503,343,79,8,2026-03-28 01:55:44,Produto Destaque,True
PROD-0252,Perfume Feminino 50ml,Beleza,130.0,Perfumes & Cia,0.85,439,True,2021-12-24,Medio,Estoque Normal,299,835.0,83208.63000000002,303.6811313868614,2023-01-04,2026-05-07,266,18,3,12,151,3.609271523178808,7.218543046357616,0.77483,2026-06-04,16,126.0,477,476,313,94,3,2026-03-26 11:29:07,Produto Destaque,False
PROD-0110,Top Esportivo,Vestuário,116.0,Moda Brasil Atacado,1.85,441,False,2020-06-19,Medio,Estoque Normal,313,867.0,75351.41999999997,262.54850174216017,2023-01-03,2026-05-28,283,13,6,11,150,3.8466666666666667,7.626666666666667,0.81333,2026-06-15,30,119.06666666666666,538,537,344,87,5,2026-03-21 08:09:16,Produto Destaque,True
PROD-0374,Carrinho de Controle Remoto,Brinquedos,165.0,Brinquedos do Brasil Ltda,6.25,32,True,2022-04-21,Medio,Estoque Normal,321,861.0,107072.82,364.1932653061225,2023-01-04,2026-05-30,296,16,3,6,158,3.7848101265822787,7.341772151898734,0.78481,2026-05-20,23,114.28571428571429,525,524,333,96,8,2026-03-28 10:46:06,Produto Destaque,True
PROD-0058,Suporte para Monitor,Eletrônicos,124.0,Shenzhen Connect Brasil,4.99,176,True,2023-08-16,Medio,Estoque Normal,1699,4738.0,439950.04999999923,285.68185064935017,2023-01-01,2026-05-24,1475,75,26,123,829,3.577804583835947,7.009650180940892,0.72859,2026-07-11,390,122.96685082872928,524,521,335,95,8,2026-03-27 16:21:37,Produto Destaque,True
PROD-0487,Nicho Decorativo Kit 3,Móveis,177.0,MoveisPlus Distribuidora,5.45,3,True,2020-04-19,Medio,Estoque Baixo,288,801.0,106477.28000000006,414.3084824902726,2023-01-03,2026-05-30,261,11,3,13,153,3.6209150326797386,7.03921568627451,0.73203,2026-06-23,27,132.3846153846154,479,478,312,89,8,2026-03-28 11:51:28,Produto Destaque,True
PROD-0352,Limpador de Para-brisa Par,Automotivo,148.0,Peças & Cia Distribuidora,2.36,0,True,2024-11-27,Medio,Sem Estoque,307,851.0,98242.48999999989,348.3776241134748,2023-01-02,2026-05-22,286,12,5,4,160,3.69375,7.45,0.78125,2026-07-04,18,108.125,522,520,350,78,6,2026-03-26 00:34:57,Produto Destaque,False
PROD-0129,Jogo de Lençol Solteiro,Casa,102.0,Casa & Cia Distribuidora,2.55,293,True,2021-02-09,Medio,Estoque Normal,335,990.0,74846.86999999997,252.86104729729718,2023-01-05,2026-05-31,310,15,2,8,186,3.639784946236559,7.043010752688172,0.73118,2026-07-01,35,127.09375,533,532,365,91,5,2026-03-26 06:44:06,Produto Destaque,True
PROD-0109,Blusa de Seda Feminina,Vestuário,267.0,Moda Brasil Atacado,1.74,481,True,2024-11-24,Alto,Estoque Normal,259,729.0,140179.54999999993,596.508723404255,2023-01-04,2026-05-25,234,12,6,7,116,3.5086206896551726,6.939655172413793,0.76724,2026-06-16,22,117.2,537,537,356,85,6,2026-03-28 09:15:45,Produto Destaque,True
PROD-0219,Kettlebell 8kg,Esportes,209.0,Atlética Import Ltda,7.87,337,True,2023-05-06,Alto,Estoque Normal,294,784.0,125545.19999999995,453.2317689530684,2023-01-24,2026-05-24,260,25,4,5,149,3.7114093959731544,7.395973154362416,0.79195,2026-06-11,17,126.26666666666667,512,507,343,89,2,2026-03-26 20:56:39,Produto Destaque,False
PROD-0333,Extintor de Incendio Veicular,Automotivo,137.0,Peças & Cia Distribuidora,9.3,457,True,2018-10-06,Medio,Estoque Normal,295,786.0,89955.48,322.42107526881716,2023-01-08,2026-05-20,270,14,4,7,158,3.7341772151898733,7.310126582278481,0.78481,2026-07-02,27,129.4,516,514,334,84,9,2026-03-28 17:37:05,Produto Destaque,True
PROD-0090,Pijama Adulto,Vestuário,174.0,TextilBrasil Distribuidora,0.25,380,False,2023-07-31,Medio,Estoque Normal,320,840.0,107678.41,372.5896539792388,2023-01-03,2026-05-31,290,14,4,12,157,3.6369426751592355,7.031847133757962,0.71975,2026-05-28,26,101.8,511,510,334,78,7,2026-03-28 05:11:14,Produto Destaque,True
PROD-0378,Xadrez Magnetico,Brinquedos,128.0,Brinquedos do Brasil Ltda,5.27,282,False,2023-10-25,Medio,Estoque Normal,310,871.0,81254.73999999996,292.2832374100718,2023-01-01,2026-05-31,285,9,4,12,162,3.734567901234568,7.320987654320987,0.79012,2026-07-09,22,111.7,529,525,348,91,3,2026-03-23 07:00:33,Produto Destaque,True
PROD-0006,Notebook Intel Core i3,Eletrônicos,1631.0,Alpha Tech Importados,4.01,3,True,2019-03-16,Alto,Estoque Baixo,1824,5222.0,6017440.30000001,3586.078843861746,2023-01-05,2026-05-30,1650,99,27,48,912,3.633771929824561,6.974780701754386,0.72588,2026-07-17,196,120.10555555555555,500,498,297,79,12,2026-03-28 19:23:55,Produto Destaque,True
PROD-0367,Filtro de Ar Veicular,Automotivo,92.0,AutoPeças Brasil Ltda,6.67,153,True,2023-08-05,Medio,Estoque Normal,588,1614.0,118382.57,224.2094128787879,2023-01-01,2026-05-30,532,33,5,18,296,3.6182432432432434,7.29054054054054,0.77027,2026-06-04,55,136.87234042553192,519,517,326,100,11,2026-03-28 22:16:31,Produto Destaque,True
PROD-0052,Impressora Térmica,Eletrônicos,,TechBrasil Distribuidora,2.76,384,False,2023-06-12,Nao Informado,Estoque Normal,2192,6107.0,449477.4100000003,224.51419080919098,2023-01-01,2026-05-28,1985,125,24,58,1055,3.7127962085308055,7.304265402843602,0.76114,2026-07-17,200,111.55026455026454,523,522,320,110,7,2026-03-25 23:24:45,Produto Destaque,True
PROD-0127,Conjunto de Panelas 3 Peças,Casa,400.0,Decor Import,5.81,446,True,2024-09-21,Alto,Estoque Normal,124,329.0,98369.52999999997,870.5268141592918,2023-02-01,2026-05-27,110,9,2,3,66,3.6515151515151514,7.348484848484849,0.78788,2026-06-06,9,126.875,527,524,308,107,14,2026-03-26 11:41:48,Produto Destaque,False
PROD-0201,Skate Completo,Esportes,440.0,Esporte Total Ltda,5.69,140,True,2022-07-28,Alto,Estoque Normal,104,294.0,88057.85000000002,957.150543478261,2023-01-04,2026-05-20,95,7,1,1,46,3.760869565217391,7.065217391304348,0.73913,2026-04-19,8,117.14285714285714,508,507,326,84,9,2026-03-25 02:15:14,Produto Destaque,False
PROD-0188,Bicicleta Aro 29 Mountain Bike,Esportes,813.0,Fitness Distribuidora,5.86,87,False,2018-11-02,Alto,Estoque Normal,96,300.0,177743.8600000001,2043.0328735632195,2023-02-15,2026-05-05,83,7,1,5,50,3.64,7.24,0.70000,2026-06-03,7,111.28571428571429,526,523,335,86,9,2026-03-28 19:38:35,Produto Destaque,False
PROD-0363,Kit Primeiros Socorros Veicular,Automotivo,40.0,Peças & Cia Distribuidora,7.24,33,False,2023-01-08,Baixo,Estoque Normal,607,1768.0,55273.10000000004,100.31415607985488,2023-01-03,2026-05-31,555,33,7,12,308,3.6785714285714284,7.064935064935065,0.75325,2026-07-18,56,116.80392156862744,511,511,338,86,4,2026-03-19 11:24:22,Produto Destaque,True
PROD-0107,Calça Moletom,Vestuário,116.0,Moda Brasil Atacado,0.23,68,False,2022-09-08,Medio,Estoque Normal,297,826.0,69196.01,249.80509025270757,2023-01-02,2026-05-03,271,17,6,3,155,3.5935483870967744,7.2064516129032254,0.77419,2026-05-08,28,134.74074074074073,500,499,336,87,8,2026-03-28 03:53:08,Produto Destaque,True
PROD-0337,Carregador Veicular USB,Automotivo,118.0,Peças & Cia Distribuidora,16.34,186,True,2024-08-26,Medio,Estoque Normal,286,803.0,72764.61999999997,288.74849206349194,2023-01-09,2026-05-31,264,16,2,4,151,3.7086092715231787,7.47682119205298,0.77483,2026-06-03,28,126.48,499,497,311,92,8,2026-03-28 22:40:53,Produto Destaque,True
PROD-0217,Óculos de Natação,Esportes,141.0,SportsBrasil Atacado,3.17,72,True,2018-09-03,Medio,Estoque Normal,304,840.0,86924.98000000001,312.6797841726619,2023-01-11,2026-05-23,290,7,2,5,159,3.6792452830188678,7.314465408805032,0.79245,2026-07-13,26,127.73076923076923,516,513,322,100,3,2026-03-27 02:59:27,Produto Destaque,True
PROD-0048,Bateria Portátil 20000mAh,Eletrônicos,,Shenzhen Connect Brasil,0.75,493,False,2024-03-18,Nao Informado,Estoque Normal,1693,4599.0,344966.34000000026,223.2791844660196,2023-01-01,2026-05-23,1479,75,14,125,815,3.5239263803680982,6.85398773006135,0.71288,2026-06-06,372,122.671388101983,531,528,343,89,9,2026-03-28 09:53:33,Produto Destaque,True
PROD-0080,Tênis Esportivo,Vestuário,440.0,Moda Brasil Atacado,1.3,459,True,2022-12-19,Alto,Estoque Normal,160,433.0,134172.79000000004,918.9917123287673,2023-01-14,2026-05-28,142,12,0,6,83,3.7951807228915664,7.325301204819277,0.77108,2026-05-28,15,99.42857142857143,498,495,317,93,4,2026-03-27 16:52:55,Produto Destaque,False
PROD-0454,Escrivaninha Simples,Móveis,290.0,MoveisPlus Distribuidora,,234,True,2019-06-06,Alto,Estoque Normal,326,937.0,204276.18999999994,694.8169727891154,2023-01-01,2026-05-14,301,16,1,8,154,3.675324675324675,7.6103896103896105,0.82468,2026-06-30,28,122.07692307692308,541,540,336,96,11,2026-03-28 09:55:56,Produto Destaque,True
PROD-0142,Luminária de Piso,Casa,468.0,Casa & Cia Distribuidora,0.6,14,False,2022-03-28,Alto,Estoque Normal,126,365.0,123516.84,1154.3629906542055,2023-01-07,2026-05-03,111,9,1,5,63,3.746031746031746,7.396825396825397,0.82540,2026-05-15,10,145.1,540,539,364,85,11,2026-03-28 06:33:12,Produto Destaque,False
PROD-0501,Boneca de Pano 35cm,Brinquedos,64.0,Fun Kids Distribuidora,0.93,404,True,2025-09-13,Medio,Estoque Normal,573,1602.0,75924.38999999994,145.72819577735115,2023-01-03,2026-05-28,521,24,17,11,284,3.714788732394366,7.257042253521127,0.75704,2026-07-04,44,129.375,0,0,0,0,0,,Produto Destaque,True
PROD-0353,Fluido de Freio 500ml,Automotivo,75.0,AutoPeças Brasil Ltda,6.03,21,True,2022-08-05,Medio,Estoque Normal,606,1717.0,102616.72999999998,182.9175222816399,2023-01-03,2026-05-21,557,27,6,16,307,3.785016286644951,7.472312703583062,0.79479,2026-06-19,41,106.97368421052632,482,481,305,78,7,2026-03-27 00:11:37,Produto Destaque,True
PROD-0050,Smart Watch,Eletrônicos,1018.0,Alpha Tech Importados,3.18,443,False,2022-05-31,Alto,Estoque Normal,1772,5124.0,3579823.1199999964,2233.2021958827177,2023-01-01,2026-05-31,1605,100,20,47,883,3.680634201585504,7.217440543601359,0.76557,2026-07-06,185,118.85393258426966,460,458,302,81,9,2026-03-23 18:03:52,Produto Destaque,True
PROD-0210,Cantil Esportivo 750ml,Esportes,57.0,Atlética Import Ltda,,159,False,2022-08-10,Medio,Estoque Normal,545,1570.0,65845.65999999997,133.56117647058818,2023-01-03,2026-05-05,501,23,7,14,287,3.64808362369338,7.114982578397212,0.72474,2026-06-21,53,133.24,516,516,310,112,8,2026-03-26 20:54:57,Produto Destaque,True
PROD-0464,Berco Americano,Móveis,,Interiores Import Ltda,73.92,261,False,2020-12-20,Nao Informado,Estoque Normal,567,1576.0,124381.68000000002,237.82347992351822,2023-01-02,2026-05-26,520,22,9,16,278,3.773381294964029,7.276978417266187,0.78058,2026-06-09,43,135.9047619047619,460,459,290,81,4,2026-03-23 13:17:58,Produto Destaque,True
PROD-0226,Esteira Ergométrica,Esportes,,Fitness Distribuidora,8.4,323,False,2018-08-08,Nao Informado,Estoque Normal,565,1640.0,120518.22000000004,233.11067698259197,2023-01-01,2026-05-31,518,22,8,17,297,3.696969696969697,7.239057239057239,0.75758,2026-07-11,52,117.46,515,514,321,91,6,2026-03-27 14:35:06,Produto Destaque,True
PROD-0497,Smartphone Pro Max 512GB,Eletrônicos,3614.0,Shenzhen Connect Brasil,0.77,446,True,2021-04-10,Alto,Estoque Normal,2962,8292.0,21783346.730000015,7993.888708256886,2023-01-01,2026-05-30,2641,148,24,149,1436,3.488857938718663,6.829387186629527,0.70125,2026-07-25,630,120.58695652173913,496,496,332,84,4,2026-03-28 08:37:00,Produto Destaque,True
PROD-0227,Bicicleta Ergométrica,Esportes,842.0,SportsBrasil Atacado,13.31,425,True,2021-04-09,Alto,Estoque Normal,89,239.0,141092.46000000005,1785.9805063291146,2023-01-01,2026-05-20,83,2,0,4,44,3.659090909090909,7.295454545454546,0.75000,2026-05-23,3,137.0,517,515,316,101,9,2026-03-25 15:24:07,Produto Destaque,False
PROD-0505,Kit Churrasco Eletrico,Casa,,Casa & Cia Distribuidora,7.57,368,False,2022-03-22,Nao Informado,Estoque Normal,603,1679.0,127146.9799999999,231.59741347905262,2023-01-02,2026-05-17,544,26,10,23,313,3.6134185303514377,7.159744408945687,0.74441,2026-06-09,52,118.35416666666667,0,0,0,0,0,,Produto Destaque,True
PROD-0369,Correia Dentada Kit,Automotivo,160.0,AutoPeças Brasil Ltda,10.52,0,True,2025-08-20,Medio,Sem Estoque,286,793.0,96749.85,374.99941860465117,2023-02-04,2026-05-31,258,16,5,7,140,3.6785714285714284,7.478571428571429,0.77857,2026-06-09,14,109.61538461538461,528,527,349,87,6,2026-03-27 06:27:13,Produto Destaque,False
PROD-0481,Aparador de Sala,Móveis,339.0,MoveisPlus Distribuidora,16.4,406,True,2021-01-14,Alto,Estoque Normal,127,370.0,98127.37999999999,831.5879661016949,2023-01-04,2026-05-11,116,6,2,3,63,3.7301587301587302,7.063492063492063,0.77778,2026-06-19,10,94.33333333333333,508,506,337,86,10,2026-03-27 09:56:11,Produto Destaque,False
PROD-0162,Ferro de Passar a Vapor,Casa,,Utilidades do Lar Ltda,,426,False,2025-08-25,Nao Informado,Estoque Normal,616,1743.0,131748.8100000001,235.26573214285736,2023-01-05,2026-05-27,561,26,11,18,312,3.6378205128205128,7.176282051282051,0.75962,2026-06-21,59,128.9090909090909,514,513,342,88,5,2026-03-24 01:41:28,Produto Destaque,True
PROD-0135,Toalha de Banho,Casa,37.0,Casa & Cia Distribuidora,8.61,197,True,2025-09-03,Baixo,Estoque Normal,615,1680.0,47793.45999999994,85.04174377224189,2023-01-01,2026-05-31,570,27,5,13,326,3.6196319018404908,6.9447852760736195,0.70552,2026-07-22,51,120.6,521,517,332,86,13,2026-03-21 12:22:25,Produto Destaque,True
PROD-0486,Gaveteiro com Rodas,Móveis,739.0,MoveisPlus Distribuidora,41.98,311,True,2022-06-22,Alto,Estoque Normal,141,380.0,202905.39,1610.3602380952382,2023-01-01,2026-05-31,133,2,3,3,83,3.7951807228915664,7.662650602409639,0.84337,2026-06-22,16,95.35714285714286,532,531,352,80,7,2026-03-27 08:48:05,Produto Destaque,False
PROD-0240,Bermuda de Natação,Esportes,130.0,SportsBrasil Atacado,,173,True,2019-03-08,Medio,Estoque Normal,243,728.0,69857.09000000004,310.47595555555574,2023-01-10,2026-05-28,223,12,3,5,117,3.7435897435897436,7.3418803418803416,0.75214,2026-05-07,29,118.96428571428571,495,494,332,85,8,2026-03-28 18:29:27,Produto Destaque,True
PROD-0105,Regata Masculina,Vestuário,,Moda Brasil Atacado,1.8,13,False,2020-07-20,Nao Informado,Estoque Normal,586,1689.0,120750.52000000003,228.69416666666672,2023-01-01,2026-05-23,533,32,11,10,271,3.782287822878229,7.361623616236162,0.79705,2026-07-08,39,128.89473684210526,492,490,322,69,8,2026-03-27 00:03:42,Produto Destaque,True
PROD-0225,Elíptico Doméstico,Esportes,,SportsBrasil Atacado,2.55,167,False,2018-10-11,Nao Informado,Estoque Normal,622,1749.0,127909.12999999999,228.00201426024952,2023-01-06,2026-05-23,565,32,8,17,324,3.6512345679012346,7.1265432098765435,0.72840,2026-06-11,47,120.02272727272727,536,535,362,92,4,2026-03-25 16:53:19,Produto Destaque,True
PROD-0461,Cabeceira Casal,Móveis,291.0,Decor Brasil Atacado,36.42,46,True,2025-04-28,Alto,Estoque Normal,306,872.0,195041.87999999995,711.8316788321166,2023-01-09,2026-05-05,281,14,5,6,152,3.8157894736842106,7.6381578947368425,0.79605,2026-06-14,27,120.42307692307692,508,506,311,94,5,2026-03-24 23:21:26,Produto Destaque,True
PROD-0175,Multiprocessador,Casa,183.0,Utilidades do Lar Ltda,10.83,169,True,2026-01-26,Medio,Estoque Normal,288,821.0,110766.24999999997,426.02403846153834,2023-01-10,2026-05-09,259,18,2,9,127,3.8818897637795278,7.393700787401575,0.79528,2026-04-25,32,145.06666666666666,491,491,303,88,10,2026-03-27 20:21:00,Produto Destaque,True
PROD-0066,Camiseta Polo Masculina,Vestuário,102.0,TextilBrasil Distribuidora,0.45,66,False,2022-08-07,Medio,Estoque Normal,319,915.0,68414.43999999996,237.55013888888874,2023-01-07,2026-05-25,288,18,1,12,161,3.770186335403727,7.472049689440993,0.76398,2026-06-09,30,99.29629629629629,533,533,347,90,3,2026-03-28 21:39:12,Produto Destaque,True
PROD-0124,Gravata,Vestuário,58.0,TextilBrasil Distribuidora,1.35,65,True,2018-06-19,Medio,Estoque Normal,572,1624.0,71134.88999999996,133.21140449438195,2023-01-02,2026-05-29,524,26,11,11,283,3.664310954063604,7.091872791519434,0.73852,2026-07-07,54,121.46,506,506,324,83,13,2026-03-28 22:47:48,Produto Destaque,True
PROD-0329,Camera de Re,Automotivo,124.0,AutoPeças Brasil Ltda,11.96,410,True,2022-03-28,Medio,Estoque Normal,279,805.0,79483.10000000002,309.2727626459145,2023-01-04,2026-05-28,254,17,2,6,141,3.75177304964539,7.595744680851064,0.80142,2026-05-13,22,129.57142857142858,502,502,335,80,6,2026-03-25 07:57:21,Produto Destaque,True
PROD-0373,Boneca Baby 20cm,Brinquedos,,Toy Import Atacado,0.2,104,False,2019-11-27,Nao Informado,Estoque Normal,575,1623.0,119566.14999999992,226.88074003795052,2023-01-04,2026-05-30,519,27,9,20,296,3.64527027027027,7.25,0.75000,2026-05-29,40,117.3076923076923,534,531,343,100,8,2026-03-27 15:06:17,Produto Destaque,True
PROD-0493,Sofa Modular,Móveis,4560.0,MoveisPlus Distribuidora,59.38,207,False,2020-02-10,Alto,Estoque Normal,48,132.0,506810.7499999999,10783.207446808508,2023-02-27,2026-04-05,41,4,1,2,25,3.24,7.16,0.76000,2026-04-04,2,148.0,522,520,318,99,7,2026-03-26 02:14:31,Produto Destaque,False
PROD-0302,Shampoo Anticaspa 400ml,Beleza,47.0,Beleza Total Atacado,1.2,246,True,2020-04-30,Baixo,Estoque Normal,638,1779.0,66321.97000000002,113.95527491408937,2023-01-01,2026-05-28,582,32,5,19,335,3.716417910447761,7.2298507462686565,0.75821,2026-07-05,58,129.16981132075472,507,506,328,89,6,2026-03-24 09:49:15,Produto Destaque,True
PROD-0349,Organizador de Porta Malas,Automotivo,190.0,Automotivo Import,24.75,345,True,2021-11-01,Medio,Estoque Normal,280,781.0,117278.5000000001,463.5513833992099,2023-01-08,2026-05-30,254,13,4,9,141,3.7872340425531914,7.50354609929078,0.78014,2026-06-04,22,122.0909090909091,485,482,315,85,8,2026-03-24 07:36:02,Produto Destaque,True
PROD-0326,Tapete Automotivo 4 Pecas,Automotivo,161.0,AutoPeças Brasil Ltda,12.8,131,True,2026-02-23,Medio,Estoque Normal,329,934.0,114034.85000000002,394.58425605536337,2023-01-03,2026-05-18,301,19,2,7,166,3.674698795180723,7.385542168674699,0.75301,2026-06-04,20,132.10526315789474,478,476,314,87,4,2026-03-27 19:21:10,Produto Destaque,True
PROD-0218,Kettlebell 12kg,Esportes,165.0,SportsBrasil Atacado,8.14,0,True,2018-07-21,Medio,Sem Estoque,294,789.0,99304.15999999999,369.16044609665425,2023-01-01,2026-05-28,272,10,5,7,157,3.662420382165605,7.414012738853503,0.77707,2026-06-05,18,95.11764705882354,535,534,357,94,7,2026-03-17 06:15:17,Produto Destaque,False
PROD-0057,Switch HDMI 4K,Eletrônicos,200.0,Alpha Tech Importados,3.42,307,True,2022-08-30,Alto,Estoque Normal,462,1253.0,177499.09999999995,416.6645539906102,2023-01-15,2026-05-31,399,35,13,15,228,3.75,7.491228070175438,0.79825,2026-07-22,74,111.46153846153847,535,535,338,104,10,2026-03-28 22:22:32,Produto Destaque,True
PROD-0197,Bola de Tênis Kit 3,Esportes,36.0,Atlética Import Ltda,12.44,88,False,2025-04-17,Baixo,Estoque Normal,580,1674.0,45265.850000000006,84.60906542056075,2023-01-03,2026-05-18,536,19,9,16,311,3.694533762057878,7.122186495176849,0.74277,2026-06-04,43,104.5952380952381,523,522,342,79,6,2026-03-27 22:33:01,Produto Destaque,True
PROD-0494,Aspirador de Pó Sem Fio,Casa,451.0,Decor Import,,34,True,2021-09-06,Alto,Estoque Normal,129,394.0,128238.51000000001,1124.899210526316,2023-01-07,2026-05-23,125,3,0,1,66,3.5757575757575757,7.045454545454546,0.74242,2026-03-31,10,149.88888888888889,539,537,334,105,12,2026-03-22 03:27:13,Produto Destaque,False
PROD-0364,Desembacador de Para-brisa,Automotivo,47.0,Peças & Cia Distribuidora,0.65,160,False,2019-04-11,Baixo,Estoque Normal,569,1589.0,59876.36999999999,112.97428301886791,2023-01-04,2026-05-20,515,26,8,20,273,3.7875457875457874,7.344322344322344,0.78022,2026-06-22,47,114.81395348837209,505,505,328,90,4,2026-03-26 12:59:24,Produto Destaque,True
PROD-0347,Pedal Esportivo Kit,Automotivo,193.0,AutoPeças Brasil Ltda,0.75,484,True,2025-12-29,Medio,Estoque Normal,295,883.0,134270.43000000008,495.46284132841356,2023-01-01,2026-05-29,267,9,6,13,145,3.6482758620689655,7.289655172413793,0.75172,2026-06-09,24,119.5909090909091,521,517,339,107,6,2026-03-24 10:59:16,Produto Destaque,True
PROD-0186,Suporte para Secador,Casa,,Utilidades do Lar Ltda,4.94,74,False,2024-05-20,Nao Informado,Estoque Normal,608,1667.0,122074.45000000004,226.48320964749544,2023-01-12,2026-05-30,558,27,8,15,306,3.696078431372549,7.326797385620915,0.76797,2026-07-19,49,121.29166666666667,516,511,319,112,6,2026-03-25 17:54:04,Produto Destaque,True
PROD-0496,Kit Churrasco 10 Pecas,Casa,109.0,Casa & Cia Distribuidora,1.07,331,True,2025-09-12,Medio,Estoque Normal,274,727.0,61009.929999999986,252.10714876033052,2023-01-08,2026-05-19,248,12,7,7,145,3.7241379310344827,7.462068965517242,0.77931,2026-05-13,22,117.1,525,521,341,95,8,2026-03-27 23:57:08,Produto Destaque,True
PROD-0144,Vaso Decorativo,Casa,155.0,Decor Import,5.22,323,True,2023-12-17,Medio,Estoque Normal,293,805.0,91832.65000000001,349.17357414448674,2023-01-02,2026-05-26,267,10,5,11,155,3.606451612903226,7.025806451612903,0.75484,2026-06-25,19,125.3125,538,536,333,105,12,2026-03-26 01:21:32,Produto Destaque,False
PROD-0049,Notebook Gamer,Eletrônicos,4182.0,Alpha Tech Importados,1.05,177,True,2021-09-30,Alto,Estoque Normal,1811,5158.0,15237280.790000018,9234.71563030304,2023-01-05,2026-05-31,1635,100,24,52,920,3.6891304347826086,7.35,0.77065,2026-07-09,201,129.25925925925927,545,545,353,89,11,2026-03-26 13:23:32,Produto Destaque,True
PROD-0139,Almofada Decorativa,Casa,114.0,Utilidades do Lar Ltda,6.28,193,True,2018-02-06,Medio,Estoque Normal,294,814.0,69623.42000000006,259.7888805970151,2023-01-15,2026-05-31,259,19,4,12,141,3.75177304964539,7.26241134751773,0.74468,2026-06-19,21,114.5,490,488,319,90,5,2026-03-24 13:10:27,Produto Destaque,True
PROD-0108,Camisa Social Masculina,Vestuário,298.0,TextilBrasil Distribuidora,1.52,231,True,2022-09-29,Alto,Estoque Normal,316,892.0,185722.19000000012,653.9513732394371,2023-01-15,2026-05-25,288,18,2,8,161,3.7577639751552794,7.416149068322981,0.77640,2026-07-13,27,101.07407407407408,508,506,331,84,6,2026-03-24 12:39:04,Produto Destaque,True
PROD-0202,Patins Quad,Esportes,346.0,SportsBrasil Atacado,14.38,52,True,2019-06-19,Alto,Estoque Normal,133,399.0,100937.80000000005,827.359016393443,2023-01-04,2026-05-16,122,6,0,5,73,3.7260273972602738,7.4520547945205475,0.79452,2026-05-24,8,147.125,522,521,333,91,6,2026-03-27 13:41:00,Produto Destaque,False
PROD-0168,Lixeira com Pedal,Casa,123.0,Utilidades do Lar Ltda,11.88,0,True,2018-03-13,Medio,Sem Estoque,291,795.0,73646.38000000003,286.5617898832686,2023-01-07,2026-05-29,262,16,1,12,145,3.537931034482759,6.6689655172413795,0.71034,2026-07-06,24,120.0,495,492,319,91,10,2026-03-27 22:43:55,Produto Destaque,True
PROD-0263,Creme Anti-idade,Beleza,,Cosméticos do Brasil Ltda,1.0,0,False,2019-05-28,Nao Informado,Sem Estoque,610,1682.0,127894.75999999982,230.85696750902494,2023-01-03,2026-05-28,552,36,11,11,293,3.6552901023890785,7.3310580204778155,0.74744,2026-07-07,51,115.08163265306122,518,517,330,103,7,2026-03-28 00:26:15,Produto Destaque,True
PROD-0478,Rede de Descanso,Móveis,,Interiores Import Ltda,9.72,12,False,2019-09-27,Nao Informado,Estoque Normal,601,1697.0,130241.70999999992,238.1018464351004,2023-01-01,2026-05-26,538,26,12,25,297,3.723905723905724,7.377104377104377,0.80135,2026-05-16,37,107.23529411764706,488,487,306,101,3,2026-03-28 21:50:20,Produto Destaque,True
PROD-0516,Velocipede Infantil,Brinquedos,236.0,Brinquedos do Brasil Ltda,7.44,70,True,2020-02-15,Alto,Estoque Normal,305,850.0,154862.6200000001,563.1368000000004,2023-01-13,2026-05-23,279,17,5,4,152,3.5921052631578947,6.967105263157895,0.73684,2026-06-01,13,130.6153846153846,0,0,0,0,0,,Produto Destaque,False
PROD-0277,Loção Corporal Hidratante,Beleza,58.0,Beauty Import Brasil,0.76,97,True,2019-09-18,Medio,Estoque Normal,602,1650.0,70925.11999999997,132.81857677902616,2023-01-02,2026-05-30,558,24,3,17,308,3.688311688311688,7.327922077922078,0.76623,2026-07-18,41,130.47368421052633,494,493,300,95,10,2026-03-22 23:39:22,Produto Destaque,True
PROD-0160,Torradeira 2 Fatias,Casa,129.0,Casa & Cia Distribuidora,13.88,341,True,2019-07-13,Medio,Estoque Normal,285,852.0,81826.43000000007,314.7170384615387,2023-01-10,2026-05-27,264,7,6,8,138,3.5942028985507246,7.311594202898551,0.76087,2026-07-17,17,123.0,490,488,301,96,10,2026-03-27 11:37:15,Produto Destaque,False
PROD-0181,Porta Chaves Parede,Casa,48.0,HomeBrasil Atacado,12.87,329,True,2020-07-25,Baixo,Estoque Normal,596,1665.0,60915.26999999999,113.22540892193307,2023-01-02,2026-05-29,552,23,6,15,317,3.589905362776025,7.167192429022082,0.74132,2026-07-13,46,120.31111111111112,494,494,313,79,10,2026-03-28 06:44:29,Produto Destaque,True
PROD-0011,Tablet 10 Polegadas,Eletrônicos,682.0,Alpha Tech Importados,4.98,102,True,2020-04-05,Alto,Estoque Normal,435,1230.0,600741.3500000003,1479.6584975369467,2023-01-13,2026-05-28,386,24,6,19,216,3.7962962962962963,7.518518518518518,0.78241,2026-06-25,87,132.475,482,480,311,81,5,2026-03-13 15:42:10,Produto Destaque,True
PROD-0103,Sapato Social Masculino,Vestuário,306.0,Moda Brasil Atacado,1.61,63,True,2021-02-13,Alto,Estoque Normal,106,305.0,64564.15999999999,701.7843478260868,2023-02-03,2026-05-30,97,6,1,2,57,3.824561403508772,7.684210526315789,0.84211,2026-07-14,16,118.06666666666666,530,530,340,91,10,2026-03-27 00:15:28,Produto Destaque,False
PROD-0343,GPS Veicular,Automotivo,210.0,AutoPeças Brasil Ltda,23.16,16,True,2022-11-04,Alto,Estoque Normal,292,857.0,140969.61999999997,526.0060447761193,2023-01-03,2026-05-24,254,20,6,12,139,3.6402877697841727,6.928057553956834,0.74820,2026-07-11,33,141.93548387096774,502,501,331,74,10,2026-03-28 01:57:40,Produto Destaque,True
PROD-0286,Máscara Facial Argila,Beleza,58.0,Beleza Total Atacado,0.71,0,True,2023-08-15,Medio,Sem Estoque,574,1653.0,73749.94999999995,141.82682692307682,2023-01-01,2026-05-30,518,34,9,13,278,3.629496402877698,7.201438848920863,0.75180,2026-06-26,52,121.8695652173913,518,516,348,83,9,2026-03-28 09:19:35,Produto Destaque,True
PROD-0456,Mesa de Canto,Móveis,506.0,Decor Brasil Atacado,6.05,4,True,2022-03-22,Alto,Estoque Baixo,142,416.0,158122.0900000001,1180.0155970149262,2023-01-03,2026-05-26,127,10,1,4,69,3.710144927536232,7.333333333333333,0.75362,2026-07-22,7,106.85714285714286,533,531,350,81,8,2026-03-20 12:13:48,Produto Destaque,False
PROD-0338,Aspirador Veicular 12V,Automotivo,221.0,Automotivo Import,21.21,296,True,2022-02-09,Alto,Estoque Normal,305,890.0,153155.88,548.945806451613,2023-01-07,2026-05-28,283,11,3,8,151,3.576158940397351,6.860927152317881,0.70861,2026-07-02,35,110.75,506,503,317,98,4,2026-03-18 06:23:39,Produto Destaque,True
PROD-0180,Relógio de Parede,Casa,99.0,Casa & Cia Distribuidora,4.46,0,True,2025-08-20,Medio,Sem Estoque,561,1525.0,115828.88000000003,228.00960629921266,2023-01-04,2026-05-25,516,28,10,7,298,3.640939597315436,7.214765100671141,0.74161,2026-06-16,25,112.6086956521739,497,497,324,101,6,2026-03-27 21:12:07,Produto Destaque,True
PROD-0376,Jogo de Tabuleiro Familia,Brinquedos,160.0,Brinquedos do Brasil Ltda,1.13,337,True,2018-06-22,Medio,Estoque Normal,302,855.0,100803.60999999997,365.23047101449265,2023-01-01,2026-05-21,278,15,4,5,162,3.4135802469135803,6.7592592592592595,0.68519,2026-05-21,19,114.3157894736842,493,490,325,78,6,2026-03-22 06:54:40,Produto Destaque,False
PROD-0357,Pretinho para Pneu,Automotivo,59.0,Automotivo Import,11.11,349,True,2018-08-02,Medio,Estoque Normal,615,1743.0,82419.32999999999,144.59531578947366,2023-01-02,2026-05-29,558,32,6,19,306,3.676470588235294,7.382352941176471,0.79412,2026-06-18,44,135.5952380952381,507,506,333,84,8,2026-03-26 23:53:45,Produto Destaque,True
PROD-0451,Cama Box Casal,Móveis,,Decor Brasil Atacado,56.75,170,False,2020-12-31,Nao Informado,Estoque Normal,605,1632.0,123277.52000000003,225.3702376599635,2023-01-04,2026-05-31,553,26,7,19,304,3.6875,7.052631578947368,0.72368,2026-06-28,45,119.88636363636364,473,471,304,77,7,2026-03-28 18:46:01,Produto Destaque,True
PROD-0439,Mesa de Jantar 4 Cadeiras,Móveis,1086.0,MoveisPlus Distribuidora,8.38,308,True,2025-02-08,Alto,Estoque Normal,80,223.0,185064.41,2535.1289041095893,2023-01-28,2026-02-27,75,3,0,2,42,4.0,7.928571428571429,0.83333,2026-03-16,3,174.0,496,495,310,92,11,2026-03-28 15:04:40,Produto Destaque,False
PROD-0023,Monitor 27 Polegadas,Eletrônicos,2146.0,TechBrasil Distribuidora,4.95,49,True,2018-01-12,Alto,Estoque Normal,3680,10504.0,15947170.300000004,4800.47269717038,2023-01-01,2026-05-31,3313,217,52,98,1838,3.6605005440696408,7.208378672470076,0.74483,2026-07-21,296,110.5583038869258,557,554,361,91,10,2026-03-28 18:27:43,Produto Destaque,True
PROD-0247,Pé de Pato par,Esportes,125.0,Fitness Distribuidora,5.08,69,True,2019-06-13,Medio,Estoque Normal,285,780.0,73635.27000000002,274.7584701492538,2023-01-02,2026-05-25,251,20,4,10,132,3.659090909090909,6.962121212121212,0.76515,2026-06-11,23,121.82608695652173,518,516,357,72,7,2026-03-26 21:59:44,Produto Destaque,True
PROD-0151,Porta Temperos,Casa,79.0,Utilidades do Lar Ltda,1.62,84,True,2020-05-27,Medio,Estoque Normal,624,1726.0,101717.20999999996,179.07959507042247,2023-01-01,2026-05-28,570,25,9,20,323,3.6656346749226008,7.117647058823529,0.75232,2026-06-30,60,130.93103448275863,514,512,328,93,4,2026-03-27 08:13:32,Produto Destaque,True
PROD-0249,Trave de Futebol Infantil,Esportes,302.0,Atlética Import Ltda,6.27,187,True,2024-12-09,Alto,Estoque Normal,121,299.0,69395.86,608.7356140350877,2023-01-10,2026-05-25,111,7,1,2,63,3.6825396825396823,7.0476190476190474,0.74603,2026-03-26,9,113.33333333333333,508,506,333,94,7,2026-03-22 11:33:01,Produto Destaque,False
PROD-0295,Delineador Líquido,Beleza,44.0,Cosméticos do Brasil Ltda,1.41,474,True,2019-06-29,Baixo,Estoque Normal,578,1628.0,53389.56000000002,102.47516314779274,2023-01-04,2026-05-29,515,34,7,22,270,3.637037037037037,7.192592592592592,0.75556,2026-07-04,54,120.28301886792453,553,552,352,103,9,2026-03-28 12:01:31,Produto Destaque,True
PROD-0314,Pneu Aro 16,Automotivo,551.0,AutoPeças Brasil Ltda,13.17,232,True,2020-05-01,Alto,Estoque Normal,125,364.0,172581.37000000002,1475.0544444444447,2023-01-15,2026-05-13,114,7,2,2,52,3.730769230769231,7.153846153846154,0.80769,2026-05-22,7,101.8,515,515,323,102,1,2026-03-15 05:31:36,Produto Destaque,False
PROD-0440,Mesa de Jantar 8 Cadeiras,Móveis,4168.0,MoveisPlus Distribuidora,15.05,380,True,2024-10-17,Alto,Estoque Normal,44,131.0,405449.74,9889.018048780488,2023-02-20,2026-05-06,40,2,1,1,26,3.6153846153846154,7.115384615384615,0.76923,2026-06-26,2,232.0,500,499,301,111,12,2026-03-27 20:09:20,Produto Destaque,False
PROD-0077,Jaqueta Jeans,Vestuário,114.0,Moda Brasil Atacado,1.7,187,False,2025-06-27,Medio,Estoque Normal,295,839.0,66930.08000000005,250.67445692883913,2023-01-08,2026-05-28,265,23,4,3,154,3.688311688311688,7.383116883116883,0.77273,2026-06-28,13,75.75,483,481,307,92,5,2026-03-28 06:00:40,Produto Destaque,False
PROD-0509,Creme Corporal Premium,Beleza,101.0,Perfumes & Cia,0.29,167,False,2022-03-11,Medio,Estoque Normal,300,841.0,66353.63,243.94716911764706,2023-01-04,2026-05-28,280,11,4,5,165,3.757575757575758,7.048484848484849,0.75152,2026-06-30,31,128.92857142857142,0,0,0,0,0,,Produto Destaque,True
PROD-0316,Bateria Automotiva 60Ah,Automotivo,516.0,Peças & Cia Distribuidora,18.18,411,True,2025-06-21,Alto,Estoque Normal,119,353.0,137980.52,1265.8763302752293,2023-01-04,2026-05-13,110,6,1,2,61,3.639344262295082,7.229508196721311,0.75410,2026-06-23,4,182.0,526,521,338,88,13,2026-03-27 20:23:20,Produto Destaque,False
PROD-0414,Microfone Infantil,Brinquedos,60.0,Brinquedos do Brasil Ltda,3.86,115,True,2023-12-24,Medio,Estoque Normal,562,1546.0,69073.87000000001,136.50962450592888,2023-01-01,2026-05-30,507,36,9,10,276,3.619565217391304,7.0144927536231885,0.72464,2026-06-28,49,112.47619047619048,506,506,324,92,6,2026-03-28 11:28:39,Produto Destaque,True
PROD-0231,Munhequeira Kit 2,Esportes,53.0,Atlética Import Ltda,5.25,107,True,2020-01-26,Medio,Estoque Normal,627,1698.0,67794.06,118.72865148861646,2023-01-04,2026-05-31,554,39,12,22,298,3.634228187919463,7.050335570469799,0.72819,2026-07-23,52,120.18367346938776,524,521,356,71,6,2026-03-28 19:27:54,Produto Destaque,True
PROD-0276,Desodorante Antitranspirante,Beleza,18.0,Perfumes & Cia,0.84,379,True,2024-12-21,Baixo,Estoque Normal,538,1499.0,20866.250000000004,43.653242677824274,2023-01-10,2026-05-26,483,28,9,18,255,3.7098039215686276,7.341176470588235,0.77647,2026-07-19,50,109.52083333333333,476,474,311,79,6,2026-03-26 17:55:21,Produto Destaque,True
PROD-0064,Camiseta Masculina Algodão,Vestuário,55.0,TextilBrasil Distribuidora,0.8,29,True,2018-06-30,Medio,Estoque Normal,639,1777.0,72112.22000000004,123.47982876712337,2023-01-01,2026-05-25,584,30,8,17,334,3.679640718562874,7.302395209580839,0.79641,2026-07-17,55,119.71153846153847,491,491,322,81,10,2026-03-28 16:44:25,Produto Destaque,True
PROD-0001,Smartphone 128GB,Outros,2504.0,Shenzhen Connect Brasil,2.99,429,True,2024-04-10,Alto,Estoque Normal,3092,8551.0,15382856.459999986,5447.18713172804,2023-01-01,2026-05-31,2792,134,34,132,1513,3.592200925313946,6.930601454064772,0.72968,2026-07-25,581,119.13259668508287,515,512,312,103,2,2026-03-28 22:05:39,Produto Destaque,True
PROD-0449,Cama Casal com Cabeceira,Móveis,1070.0,Decor Brasil Atacado,14.6,66,True,2021-03-18,Alto,Estoque Normal,99,295.0,233212.96000000002,2620.370337078652,2023-01-16,2026-05-10,95,2,0,2,52,3.5,6.846153846153846,0.69231,2026-06-03,8,148.75,552,552,324,123,8,2026-03-28 14:05:01,Produto Destaque,False
PROD-0466,Mesa Lateral,Móveis,274.0,MoveisPlus Distribuidora,11.15,340,False,2025-06-21,Alto,Estoque Normal,299,835.0,171648.09999999992,619.6682310469312,2023-01-12,2026-05-10,274,12,4,9,143,3.7832167832167833,7.4475524475524475,0.77622,2026-04-20,25,124.21739130434783,514,513,328,84,11,2026-03-24 19:01:06,Produto Destaque,True
PROD-0399,Fantasia Infantil,Brinquedos,122.0,Fun Kids Distribuidora,7.45,304,True,2022-06-09,Medio,Estoque Normal,309,822.0,75541.67000000003,266.9316961130743,2023-01-04,2026-05-24,275,15,6,13,129,3.627906976744186,7.24031007751938,0.75969,2026-06-25,26,136.84,516,516,336,79,9,2026-03-28 16:10:52,Produto Destaque,True
PROD-0412,Violao Infantil,Brinquedos,107.0,Toy Import Atacado,7.48,351,False,2024-07-14,Medio,Estoque Normal,282,816.0,64522.11999999998,255.02814229249003,2023-01-03,2026-05-26,257,17,2,6,143,3.6153846153846154,7.13986013986014,0.71329,2026-05-20,25,121.63636363636364,516,514,333,86,7,2026-03-24 22:45:41,Produto Destaque,True
PROD-0117,Camiseta Ciclismo,Vestuário,187.0,Confecções do Sul,0.19,111,True,2020-04-23,Medio,Estoque Normal,284,799.0,106903.62000000001,415.96739299610897,2023-01-06,2026-05-28,253,18,4,9,153,3.7908496732026142,7.333333333333333,0.79739,2026-07-19,18,127.5625,540,539,345,91,6,2026-03-24 09:21:56,Produto Destaque,False
PROD-0051,Smartband Fitness,Eletrônicos,504.0,Global Electronics Ltda,1.49,394,False,2023-04-23,Alto,Estoque Normal,1916,5376.0,1978517.9899999988,1157.7050848449378,2023-01-01,2026-05-30,1732,93,27,64,960,3.573958333333333,7.028125,0.73333,2026-07-22,226,129.03317535545023,545,543,370,97,9,2026-03-28 21:02:35,Produto Destaque,True
PROD-0315,Pneu Aro 17,Automotivo,556.0,AutoPeças Brasil Ltda,22.27,169,False,2022-11-12,Alto,Estoque Normal,153,430.0,177549.39000000004,1324.9954477611943,2023-01-10,2026-05-28,132,11,4,6,83,3.4578313253012047,6.855421686746988,0.67470,2026-04-30,11,113.2,486,484,316,96,7,2026-03-27 18:53:42,Produto Destaque,False
PROD-0120,Camisola Feminina,Vestuário,115.0,Confecções do Sul,1.31,476,False,2018-08-21,Medio,Estoque Normal,292,797.0,65462.63999999998,247.96454545454537,2023-01-16,2026-05-24,263,18,3,8,159,3.7358490566037736,7.220125786163522,0.77358,2026-06-06,22,126.7,545,541,354,91,9,2026-03-26 04:46:55,Produto Destaque,True
PROD-0221,Anilha 10kg Par,Esportes,193.0,Atlética Import Ltda,13.99,293,True,2024-11-02,Medio,Estoque Normal,306,942.0,135959.6999999999,482.12659574468046,2023-01-24,2026-04-22,280,13,3,10,150,3.7066666666666666,7.34,0.76667,2026-06-08,24,113.375,519,516,325,107,9,2026-03-25 21:28:52,Produto Destaque,True
PROD-0491,Banco de Madeira,Móveis,303.0,Interiores Import Ltda,70.92,221,True,2024-07-16,Alto,Estoque Normal,124,367.0,80912.53000000003,722.4333035714288,2023-01-05,2026-04-30,112,8,0,4,53,3.5849056603773586,7.09433962264151,0.73585,2026-06-09,9,85.55555555555556,520,517,338,80,9,2026-03-27 09:55:08,Produto Destaque,False
PROD-0091,Mochila Escolar,Vestuário,323.0,Confecções do Sul,1.72,457,True,2025-03-26,Alto,Estoque Normal,130,370.0,90669.43999999997,743.1921311475407,2023-01-25,2026-05-08,122,4,3,1,59,3.6440677966101696,7.101694915254237,0.72881,2026-05-14,10,101.0,535,534,322,103,7,2026-03-27 18:19:29,Produto Destaque,False
PROD-0431,Mordedor Infantil Kit,Brinquedos,25.0,Brinquedos do Brasil Ltda,0.47,334,True,2025-04-26,Baixo,Estoque Normal,616,1711.0,32661.400000000016,56.80243478260872,2023-01-06,2026-05-29,552,34,13,17,326,3.7024539877300615,7.131901840490798,0.77301,2026-07-24,54,114.33962264150944,501,500,342,80,3,2026-03-17 06:05:11,Produto Destaque,True
PROD-0290,Bálsamo Labial,Beleza,17.0,Perfumes & Cia,1.13,386,False,2020-08-03,Baixo,Estoque Normal,534,1505.0,20033.610000000015,40.553866396761165,2023-01-16,2026-05-25,495,26,3,10,274,3.6496350364963503,7.255474452554744,0.76642,2026-06-19,31,124.3103448275862,527,525,316,103,8,2026-03-26 19:25:18,Produto Destaque,True
PROD-0446,Guarda-roupa 6 Portas,Móveis,3175.0,Decor Brasil Atacado,52.48,57,True,2019-07-05,Alto,Estoque Normal,51,143.0,312759.80999999994,7108.177499999999,2023-01-01,2026-05-01,45,3,0,3,27,3.7777777777777777,7.7407407407407405,0.77778,2026-06-09,3,38.333333333333336,489,489,312,92,7,2026-03-28 15:19:28,Produto Destaque,False
PROD-0070,Calça Social Masculina,Vestuário,164.0,Moda Brasil Atacado,1.66,78,True,2020-10-22,Medio,Estoque Normal,274,767.0,88873.02999999994,354.0758167330675,2023-01-03,2026-05-31,245,13,8,8,137,3.7226277372262775,7.5036496350364965,0.76642,2026-05-11,15,138.2,541,540,343,86,9,2026-03-16 22:58:58,Produto Destaque,False
PROD-0192,Halteres Par 5kg,Esportes,51.0,Atlética Import Ltda,12.46,268,True,2021-08-11,Medio,Estoque Normal,580,1650.0,62748.01999999999,117.0672014925373,2023-01-01,2026-05-27,524,35,7,14,282,3.5709219858156027,6.868794326241135,0.72695,2026-07-04,34,116.90625,540,540,349,92,7,2026-03-26 10:23:17,Produto Destaque,True
PROD-0291,Spray Fixador de Maquiagem,Beleza,39.0,Beleza Total Atacado,1.13,356,True,2021-01-08,Baixo,Estoque Normal,568,1577.0,47118.06000000002,90.61165384615389,2023-01-04,2026-05-30,526,26,7,9,274,3.627737226277372,7.138686131386861,0.73358,2026-07-11,40,147.51351351351352,534,529,327,89,9,2026-03-24 17:55:23,Produto Destaque,True
PROD-0472,Prateleira Flutuante Kit 3,Móveis,460.0,MoveisPlus Distribuidora,8.68,103,True,2019-12-21,Alto,Estoque Normal,135,351.0,122863.89000000003,1007.0810655737707,2023-01-06,2026-05-28,127,4,3,1,67,3.611940298507463,7.358208955223881,0.77612,2026-07-11,11,134.1,526,524,334,96,6,2026-03-27 00:09:46,Produto Destaque,False
PROD-0437,Poltrona Reclinavel,Móveis,1520.0,MoveisPlus Distribuidora,9.12,133,True,2022-10-14,Alto,Estoque Normal,78,207.0,243483.02,3429.338309859155,2023-02-25,2026-05-13,71,3,2,2,43,3.86046511627907,7.813953488372093,0.88372,2026-05-21,3,138.66666666666666,511,510,335,78,7,2026-03-28 16:07:59,Produto Destaque,False
PROD-0264,Creme Hidratante Facial,Beleza,62.0,Beauty Import Brasil,0.61,344,False,2022-03-22,Medio,Estoque Normal,602,1697.0,79267.30999999994,148.4406554307115,2023-01-02,2026-05-31,545,37,7,13,293,3.6723549488054608,7.320819112627986,0.76109,2026-06-22,59,120.0,495,492,326,82,5,2026-03-24 22:37:26,Produto Destaque,True
PROD-0452,Cama Box Solteiro,Móveis,703.0,Interiores Import Ltda,59.6,0,True,2023-01-02,Alto,Sem Estoque,134,380.0,190193.49000000002,1653.8564347826089,2023-01-10,2026-05-20,122,7,2,3,67,3.671641791044776,6.865671641791045,0.76119,2026-06-29,10,111.5,529,529,352,80,10,2026-03-28 19:45:48,Produto Destaque,False
PROD-0396,Jogo de Memoria,Brinquedos,80.0,Toy Import Atacado,2.82,336,False,2025-02-14,Medio,Estoque Normal,580,1669.0,96717.0,183.87262357414448,2023-01-01,2026-05-27,521,32,13,14,300,3.6,7.1433333333333335,0.75667,2026-07-01,45,110.20454545454545,571,568,361,110,5,2026-03-28 15:38:34,Produto Destaque,True
PROD-0281,Removedor de Maquiagem,Beleza,46.0,Perfumes & Cia,0.83,466,False,2020-02-03,Baixo,Estoque Normal,616,1765.0,59608.25000000001,109.57398897058825,2023-01-01,2026-05-17,571,22,5,18,323,3.6315789473684212,7.099071207430341,0.73994,2026-07-01,52,131.1,480,478,307,75,11,2026-03-28 19:43:15,Produto Destaque,True
PROD-0187,Espelho de Banheiro,Casa,95.0,Decor Import,8.21,17,False,2026-03-18,Medio,Estoque Normal,551,1545.0,110075.0,216.2573673870334,2023-01-09,2026-05-30,510,20,6,15,272,3.577205882352941,7.158088235294118,0.75000,2026-07-18,41,118.13157894736842,510,509,344,72,9,2026-03-27 15:30:39,Produto Destaque,True
PROD-0342,Cabo de Ligacao Veicular,Automotivo,,AutoPeças Brasil Ltda,24.08,340,False,2019-08-03,Nao Informado,Estoque Normal,629,1763.0,137118.83000000005,242.25941696113082,2023-01-02,2026-05-26,583,26,9,11,343,3.746355685131195,7.338192419825073,0.79009,2026-06-30,49,124.13333333333334,538,537,336,95,12,2026-03-28 13:13:35,Produto Destaque,True
PROD-0389,Robo Interativo,Brinquedos,,Fun Kids Distribuidora,1.03,3,False,2025-09-22,Nao Informado,Estoque Baixo,631,1719.0,127014.7600000002,221.2800696864115,2023-01-03,2026-05-25,576,37,5,13,309,3.6666666666666665,7.171521035598706,0.76052,2026-07-21,50,133.08163265306123,485,485,298,88,8,2026-03-27 06:03:48,Produto Destaque,True
PROD-0198,Raquete de Tênis,Esportes,258.0,Fitness Distribuidora,13.65,225,True,2025-05-06,Alto,Estoque Normal,285,810.0,153142.25,589.0086538461538,2023-01-13,2026-05-30,263,13,5,4,152,3.664473684210526,7.144736842105263,0.75000,2026-06-28,21,141.15,520,520,358,76,12,2026-03-23 23:07:15,Produto Destaque,True
PROD-0165,Purificador de Ar,Casa,485.0,Casa & Cia Distribuidora,9.38,329,True,2020-08-19,Alto,Estoque Normal,138,358.0,132112.24999999997,1048.5099206349205,2023-01-11,2026-04-19,128,6,1,3,64,3.78125,7.375,0.79688,2026-04-04,11,89.77777777777777,487,485,329,66,14,2026-03-28 16:21:50,Produto Destaque,False
PROD-0257,Modelador de Cachos,Beleza,120.0,Beauty Import Brasil,0.21,127,True,2024-07-26,Medio,Estoque Normal,321,902.0,81949.28000000001,280.64821917808223,2023-01-04,2026-05-29,299,13,5,4,154,3.538961038961039,6.740259740259741,0.68831,2026-06-04,29,117.24,510,506,328,92,10,2026-03-26 00:09:52,Produto Destaque,True
PROD-0157,Batedeira Planetária,Casa,569.0,Utilidades do Lar Ltda,13.03,32,False,2021-03-05,Alto,Estoque Normal,131,355.0,152643.36,1261.5153719008263,2023-01-07,2026-04-26,121,8,1,1,55,3.890909090909091,7.909090909090909,0.81818,2026-05-17,13,126.66666666666667,479,479,325,82,4,2026-03-28 17:47:37,Produto Destaque,False
PROD-0332,Pelicula Automotiva Solar,Automotivo,192.0,AutoPeças Brasil Ltda,1.22,146,False,2023-10-02,Medio,Estoque Normal,321,884.0,128355.91,458.4139642857143,2023-01-14,2026-05-29,287,15,6,13,153,3.633986928104575,7.183006535947713,0.77778,2026-05-29,34,121.78125,520,520,323,96,7,2026-03-27 23:57:28,Produto Destaque,True
PROD-0422,Boneco de Acao,Brinquedos,193.0,Toy Import Atacado,1.03,94,True,2025-03-19,Medio,Estoque Normal,297,775.0,103851.64000000003,399.4293846153847,2023-01-19,2026-05-31,274,13,4,6,156,3.7115384615384617,7.243589743589744,0.76282,2026-06-23,16,146.875,544,544,355,92,9,2026-03-22 03:52:47,Produto Destaque,False
PROD-0457,Rack para TV,Móveis,1047.0,Decor Brasil Atacado,53.9,54,True,2024-04-04,Alto,Estoque Normal,85,234.0,183237.15000000005,2349.1942307692316,2023-01-27,2026-05-07,80,3,0,2,48,3.4375,7.0,0.68750,2026-05-31,5,164.2,506,505,321,82,8,2026-03-27 20:41:18,Produto Destaque,False
PROD-0489,Cadeira Dobravek,Móveis,298.0,Decor Brasil Atacado,41.9,386,True,2023-04-11,Alto,Estoque Normal,307,929.0,212317.04,760.9929749103943,2023-01-10,2026-05-15,275,16,6,10,151,3.748344370860927,7.516556291390729,0.77483,2026-05-15,26,152.5,522,521,334,96,7,2026-03-26 16:37:14,Produto Destaque,True
PROD-0113,Meia-calça Feminina,Vestuário,27.0,Fashion Import Ltda,0.51,133,False,2022-03-18,Baixo,Estoque Normal,604,1705.0,33825.29000000001,61.388911070780416,2023-01-04,2026-05-30,557,28,10,9,315,3.6920634920634923,7.46984126984127,0.80317,2026-07-11,42,108.21428571428571,464,464,301,67,6,2026-03-20 22:17:01,Produto Destaque,True
PROD-0155,Fritadeira Air Fryer 4L,Casa,258.0,Casa & Cia Distribuidora,2.43,310,True,2025-02-07,Alto,Estoque Normal,290,833.0,157722.05999999997,599.703650190114,2023-01-07,2026-05-29,261,13,6,10,142,3.640845070422535,7.133802816901408,0.76056,2026-07-12,16,111.92857142857143,521,519,329,94,8,2026-03-25 09:45:52,Produto Destaque,False
PROD-0294,Iluminador Facial,Beleza,,Beauty Import Brasil,0.27,22,False,2018-05-16,Nao Informado,Estoque Normal,609,1668.0,126618.56,228.14154954954955,2023-01-02,2026-05-29,556,27,7,19,306,3.679738562091503,7.271241830065359,0.75490,2026-07-03,44,122.53488372093024,551,550,364,100,8,2026-03-27 20:34:24,Produto Destaque,True
PROD-0474,Cabideiro de Parede,Móveis,113.0,Decor Brasil Atacado,11.97,391,True,2021-04-26,Medio,Estoque Normal,266,725.0,61229.63999999998,256.19096234309615,2023-01-10,2026-05-09,242,12,3,9,125,3.664,7.096,0.75200,2026-06-18,22,122.04545454545455,513,513,313,94,8,2026-03-27 14:41:15,Produto Destaque,True
PROD-0245,Prancha de Surf,Esportes,805.0,SportsBrasil Atacado,11.94,80,True,2019-05-19,Alto,Estoque Normal,81,207.0,130334.04999999999,1692.6499999999999,2023-02-03,2026-05-28,78,3,0,0,39,3.6923076923076925,7.794871794871795,0.89744,2026-05-31,9,103.66666666666667,513,511,305,112,7,2026-03-25 09:29:31,Produto Destaque,False
PROD-0150,Espelho de Parede,Casa,168.0,Casa & Cia Distribuidora,3.15,91,False,2022-09-03,Medio,Estoque Normal,293,830.0,106539.33000000002,402.0352075471699,2023-01-13,2026-05-30,259,20,3,11,138,3.681159420289855,7.297101449275362,0.79710,2026-07-15,26,127.47826086956522,521,519,322,95,9,2026-03-28 09:02:27,Produto Destaque,True
PROD-0381,Quebra-cabeca 3D,Brinquedos,154.0,Fun Kids Distribuidora,0.68,117,False,2023-09-27,Medio,Estoque Normal,301,835.0,95179.98999999999,343.610072202166,2023-01-01,2026-05-16,268,17,7,9,135,3.5481481481481483,7.022222222222222,0.74074,2026-06-18,23,109.56521739130434,548,547,361,92,9,2026-03-28 14:03:34,Produto Destaque,True
PROD-0485,Armario de Ferramentas,Móveis,828.0,Decor Brasil Atacado,40.7,368,True,2025-02-06,Alto,Estoque Normal,93,243.0,149106.86000000007,1796.4681927710851,2023-01-04,2026-05-13,85,5,1,2,44,3.772727272727273,7.2727272727272725,0.77273,2026-03-14,14,92.53846153846153,524,523,346,94,6,2026-03-27 04:18:40,Produto Destaque,False
PROD-0405,Gangorra Infantil,Brinquedos,178.0,Brinquedos do Brasil Ltda,5.06,365,True,2019-04-12,Medio,Estoque Normal,297,830.0,108170.05999999998,409.7350757575757,2023-01-05,2026-05-09,266,19,5,7,145,3.7103448275862068,7.213793103448276,0.75862,2026-07-02,22,126.65,486,482,327,80,3,2026-03-26 10:54:16,Produto Destaque,True
PROD-0279,Kit Manicure 10 Peças,Beleza,43.0,Cosméticos do Brasil Ltda,0.36,247,False,2025-03-07,Baixo,Estoque Normal,594,1733.0,56356.80000000003,105.33981308411221,2023-01-04,2026-05-29,547,30,4,13,299,3.6755852842809364,7.277591973244147,0.75251,2026-07-08,62,116.29310344827586,475,473,280,88,14,2026-03-28 22:27:49,Produto Destaque,True
PROD-0309,Cera Depilatória,Beleza,45.0,Beauty Import Brasil,0.84,332,True,2018-07-23,Baixo,Estoque Normal,568,1575.0,53176.83000000006,104.26829411764717,2023-01-03,2026-05-18,510,36,9,13,298,3.7013422818791946,7.369127516778524,0.74497,2026-05-17,31,134.09677419354838,510,507,329,79,10,2026-03-25 20:55:58,Produto Destaque,True
PROD-0146,Cabide de Parede,Casa,64.0,Decor Import,8.68,48,False,2025-05-03,Medio,Estoque Normal,585,1670.0,81720.83000000006,151.05513863216277,2023-01-15,2026-05-27,528,29,11,17,293,3.675767918088737,7.177474402730375,0.74744,2026-06-15,52,123.57142857142857,539,533,341,93,6,2026-03-26 23:11:29,Produto Destaque,True
PROD-0423,Kit Magica Infantil,Brinquedos,95.0,Brinquedos do Brasil Ltda,6.22,218,True,2021-08-07,Medio,Estoque Normal,590,1656.0,113834.64999999986,215.59592803030276,2023-01-08,2026-05-26,545,23,8,14,300,3.66,7.25,0.78667,2026-06-21,48,127.31914893617021,557,555,347,102,9,2026-03-28 14:18:49,Produto Destaque,True
PROD-0056,Nobreak 1000VA,Eletrônicos,518.0,Shenzhen Connect Brasil,0.47,275,False,2025-07-02,Alto,Estoque Normal,1697,4783.0,1845581.0700000012,1200.7684255042298,2023-01-01,2026-05-30,1472,82,22,121,810,3.5555555555555554,6.98395061728395,0.72716,2026-07-18,367,121.81502890173411,551,550,360,100,8,2026-03-28 12:21:49,Produto Destaque,True
PROD-0222,Colchonete Ginástica,Esportes,,SportsBrasil Atacado,12.16,105,False,2018-02-02,Nao Informado,Estoque Normal,585,1656.0,121616.87999999984,230.3349999999997,2023-01-04,2026-05-22,535,24,9,17,286,3.7867132867132867,7.381118881118881,0.78671,2026-07-02,55,127.38181818181818,541,541,372,81,9,2026-03-26 09:51:18,Produto Destaque,True
PROD-0118,Kit Pijama Casal,Vestuário,302.0,Confecções do Sul,,111,False,2026-03-13,Alto,Estoque Normal,114,299.0,67357.18000000002,666.902772277228,2023-01-16,2026-05-12,110,1,1,2,54,3.7777777777777777,7.5,0.83333,2026-05-04,10,169.8,507,504,316,92,7,2026-03-24 21:44:04,Produto Destaque,False
PROD-0085,Shorts Academia,Vestuário,42.0,Moda Brasil Atacado,1.14,189,True,2023-09-01,Baixo,Estoque Normal,581,1621.0,48583.770000000004,94.520953307393,2023-01-02,2026-05-25,530,33,6,12,269,3.7286245353159853,7.345724907063197,0.76580,2026-07-11,55,119.9622641509434,512,512,328,87,6,2026-03-28 01:22:19,Produto Destaque,True
PROD-0480,Mesa de Cabeceira,Móveis,,MoveisPlus Distribuidora,49.77,285,False,2022-12-28,Nao Informado,Estoque Normal,657,1854.0,134396.7299999999,228.17780984719846,2023-01-01,2026-05-29,594,36,8,19,324,3.6481481481481484,7.311728395061729,0.78086,2026-06-13,71,111.25373134328358,513,511,329,100,6,2026-03-28 16:59:31,Produto Destaque,True
PROD-0425,Pipa Infantil,Brinquedos,,Brinquedos do Brasil Ltda,2.06,134,False,2024-09-03,Nao Informado,Estoque Normal,563,1550.0,114041.87999999993,223.17393346379635,2023-01-05,2026-05-28,520,23,8,12,261,3.743295019157088,7.409961685823755,0.79310,2026-07-03,41,112.36842105263158,499,495,343,82,2,2026-03-24 17:47:36,Produto Destaque,True
PROD-0428,Cavalinho de Balanco,Brinquedos,196.0,Brinquedos do Brasil Ltda,3.6,353,True,2021-08-06,Medio,Estoque Normal,295,837.0,124187.42000000007,456.5713970588238,2023-01-02,2026-05-31,274,10,4,7,148,3.6283783783783785,7.148648648648648,0.74324,2026-07-05,23,115.17391304347827,529,526,345,96,12,2026-03-27 11:08:44,Produto Destaque,True
PROD-0213,Tapete de Yoga,Esportes,141.0,Esporte Total Ltda,4.64,187,True,2023-01-19,Medio,Estoque Normal,304,836.0,89190.83,315.1619434628975,2023-01-03,2026-05-22,283,10,1,10,158,3.7848101265822787,7.30379746835443,0.76582,2026-06-20,20,105.15,513,512,327,89,6,2026-03-26 02:49:59,Produto Destaque,True
PROD-0404,Piscina de Bolinhas,Brinquedos,154.0,Brinquedos do Brasil Ltda,3.31,0,True,2018-07-28,Medio,Sem Estoque,313,903.0,105458.70999999993,364.9090311418683,2023-01-06,2026-05-30,282,14,5,12,161,3.6024844720496896,6.950310559006211,0.70807,2026-07-29,25,124.47826086956522,477,476,303,90,3,2026-03-23 19:02:46,Produto Destaque,True
PROD-0341,Triangulo de Sinalizacao,Automotivo,67.0,Peças & Cia Distribuidora,7.91,89,True,2020-09-07,Medio,Estoque Normal,568,1636.0,87881.97000000009,168.35626436781627,2023-01-02,2026-05-24,521,21,11,15,283,3.628975265017668,7.296819787985866,0.75972,2026-07-22,39,122.34210526315789,517,513,334,85,8,2026-03-28 06:05:20,Produto Destaque,True
PROD-0199,Raquete de Beach Tennis,Esportes,391.0,Atlética Import Ltda,7.11,321,False,2021-06-10,Alto,Estoque Normal,125,371.0,110364.23999999999,943.2841025641025,2023-01-07,2026-04-06,114,3,1,7,65,4.092307692307692,7.769230769230769,0.89231,2026-05-13,6,162.4,533,530,344,83,8,2026-03-28 22:11:26,Produto Destaque,False
PROD-0130,Edredom Casal,Casa,374.0,Casa & Cia Distribuidora,13.89,75,True,2018-11-30,Alto,Estoque Normal,107,320.0,79779.30999999998,848.716063829787,2023-02-10,2026-05-22,97,5,2,3,57,3.824561403508772,7.4035087719298245,0.82456,2026-07-02,4,110.0,474,474,290,81,9,2026-03-27 09:11:18,Produto Destaque,False
PROD-0235,Camiseta Esportiva Masculina,Esportes,62.0,Esporte Total Ltda,7.99,492,True,2020-05-16,Medio,Estoque Normal,563,1568.0,73993.89000000003,141.20971374045806,2023-01-02,2026-05-28,510,25,11,17,283,3.7102473498233217,7.434628975265018,0.77032,2026-07-21,40,129.12820512820514,497,495,339,73,2,2026-03-25 18:17:32,Produto Destaque,True
PROD-0039,Roteador Wi-Fi,Eletrônicos,254.0,Shenzhen Connect Brasil,3.73,396,True,2020-09-07,Alto,Estoque Normal,1643,4560.0,858601.7299999995,577.0172916666663,2023-01-01,2026-05-29,1442,67,14,120,800,3.61,7.04,0.73000,2026-07-08,330,116.09032258064516,508,506,328,81,12,2026-03-27 17:57:23,Produto Destaque,True
PROD-0503,Tablet Infantil 7 Polegadas,Eletrônicos,676.0,Shenzhen Connect Brasil,,28,True,2022-04-06,Alto,Estoque Normal,1669,4623.0,2316923.0599999973,1524.2914868421035,2023-01-01,2026-05-22,1442,68,18,141,786,3.491094147582697,6.928753180661578,0.70102,2026-06-17,350,117.71517027863777,0,0,0,0,0,,Produto Destaque,True
PROD-0143,Porta Retratos,Casa,,HomeBrasil Atacado,4.73,157,False,2021-07-24,Nao Informado,Estoque Normal,595,1598.0,125107.51000000001,228.29837591240877,2023-01-08,2026-05-28,546,30,4,15,309,3.6957928802588995,7.213592233009709,0.77994,2026-07-01,39,122.16216216216216,527,525,329,98,6,2026-03-25 15:20:34,Produto Destaque,True
PROD-0017,Caixa de Som Portátil,Eletrônicos,110.0,Shenzhen Connect Brasil,2.29,422,True,2025-05-03,Medio,Estoque Normal,1623,4573.0,370081.2799999994,250.22398918187923,2023-01-01,2026-05-20,1422,68,14,119,819,3.537240537240537,6.822954822954823,0.69109,2026-07-04,356,112.94832826747721,528,526,338,87,10,2026-03-28 06:13:05,Produto Destaque,True
PROD-0182,Dispenser Sabonete Líquido,Casa,84.0,Casa & Cia Distribuidora,8.0,486,True,2019-02-18,Medio,Estoque Normal,599,1671.0,103861.57000000004,194.49732209737834,2023-01-01,2026-05-31,545,27,8,19,300,3.72,7.223333333333334,0.75000,2026-07-17,43,133.225,520,517,319,88,8,2026-03-23 07:21:59,Produto Destaque,True
PROD-0158,Panela de Pressão Elétrica,Casa,,Casa & Cia Distribuidora,12.31,125,False,2024-06-24,Nao Informado,Estoque Normal,577,1575.0,119791.70999999999,229.04724665391967,2023-01-03,2026-05-31,525,33,5,14,302,3.6125827814569536,7.003311258278146,0.72517,2026-07-26,54,122.9622641509434,553,551,369,79,7,2026-03-25 04:20:51,Produto Destaque,True
PROD-0265,Shampoo Profissional 1L,Beleza,41.0,Beleza Total Atacado,0.85,354,True,2020-07-09,Baixo,Estoque Normal,576,1635.0,51525.81,96.67131332082552,2023-01-17,2026-05-31,526,27,7,16,282,3.702127659574468,7.319148936170213,0.76950,2026-06-17,37,124.25,550,549,355,91,12,2026-03-22 09:47:24,Produto Destaque,True
PROD-0024,Mouse Sem Fio,Eletrônicos,325.0,Shenzhen Connect Brasil,3.49,348,False,2024-08-24,Alto,Estoque Normal,1636,4691.0,1106062.4899999998,741.8259490274982,2023-01-01,2026-05-28,1451,68,18,99,793,3.510718789407314,6.796973518284994,0.69987,2026-05-27,373,120.23714285714286,515,512,343,70,7,2026-03-28 21:17:28,Produto Destaque,True
PROD-0362,Buzina Automotiva,Automotivo,,AutoPeças Brasil Ltda,5.61,28,False,2021-03-31,Nao Informado,Estoque Normal,580,1636.0,127495.12999999995,248.5285185185184,2023-01-03,2026-05-25,535,25,5,15,308,3.607142857142857,6.9935064935064934,0.75649,2026-07-14,46,131.6818181818182,496,496,311,88,5,2026-03-28 08:41:59,Produto Destaque,True
PROD-0377,Jogo de Cartas UNO,Brinquedos,71.0,Toy Import Atacado,2.9,84,False,2019-12-30,Medio,Estoque Normal,561,1592.0,86018.3599999999,168.99481335952828,2023-01-03,2026-05-22,504,25,11,21,300,3.6033333333333335,7.21,0.77333,2026-06-15,42,105.74358974358974,500,499,328,90,10,2026-03-24 16:27:55,Produto Destaque,True
PROD-0508,Kit Yoga Completo,Esportes,184.0,Esporte Total Ltda,6.28,274,False,2019-09-08,Medio,Estoque Normal,289,852.0,116365.87000000004,437.46567669172947,2023-01-05,2026-05-30,267,15,4,3,151,3.6754966887417218,7.271523178807947,0.76821,2026-06-29,22,101.95,0,0,0,0,0,,Produto Destaque,True
PROD-0171,Kit Suporte Banheiro,Casa,92.0,Utilidades do Lar Ltda,13.62,18,True,2018-06-11,Medio,Estoque Normal,623,1728.0,119479.61000000004,215.27857657657665,2023-01-01,2026-05-31,570,30,7,16,321,3.7570093457943927,7.426791277258567,0.77882,2026-07-24,42,103.58536585365853,530,529,351,76,8,2026-03-25 15:35:52,Produto Destaque,True
PROD-0272,Batom Matte,Beleza,35.0,Beleza Total Atacado,0.93,128,True,2019-06-24,Baixo,Estoque Normal,625,1814.0,47727.92999999994,85.38091234347038,2023-01-03,2026-05-28,572,31,2,20,285,3.687719298245614,7.2105263157894735,0.77193,2026-06-06,60,121.9322033898305,498,496,319,94,6,2026-03-22 02:53:51,Produto Destaque,True
PROD-0159,Micro-ondas 20L,Casa,494.0,HomeBrasil Atacado,1.07,448,True,2023-07-02,Alto,Estoque Normal,143,431.0,161747.02,1225.3562121212121,2023-01-06,2026-03-28,133,8,1,1,73,3.767123287671233,7.424657534246576,0.75342,2026-04-03,6,125.5,534,532,348,88,12,2026-03-28 20:21:45,Produto Destaque,False
PROD-0016,Caixa de Som Bluetooth,Eletrônicos,534.0,Shenzhen Connect Brasil,4.2,37,True,2022-10-14,Alto,Estoque Normal,1678,4688.0,1861994.9199999983,1219.3810870988857,2023-01-01,2026-05-28,1474,75,21,108,855,3.5883040935672517,6.953216374269005,0.71228,2026-06-23,392,117.77777777777777,517,517,321,103,3,2026-03-28 15:16:53,Produto Destaque,True
PROD-0087,Bermuda Masculina,Vestuário,75.0,Fashion Import Ltda,1.68,207,True,2021-05-05,Medio,Estoque Normal,637,1805.0,102530.19000000008,177.0815025906737,2023-01-03,2026-05-27,582,36,3,16,323,3.7430340557275543,7.123839009287925,0.77090,2026-07-08,42,104.725,506,505,321,84,7,2026-03-28 19:12:49,Produto Destaque,True
PROD-0330,Camera Frontal,Automotivo,,Peças & Cia Distribuidora,8.53,299,False,2018-02-09,Nao Informado,Estoque Normal,632,1792.0,143243.48000000019,249.98862129144885,2023-01-01,2026-05-23,568,39,7,18,315,3.6857142857142855,7.222222222222222,0.74603,2026-07-12,48,128.62222222222223,492,490,308,87,8,2026-03-28 09:35:09,Produto Destaque,True
PROD-0424,Bolinha de Gude Kit,Brinquedos,31.0,Brinquedos do Brasil Ltda,4.03,278,True,2023-07-08,Baixo,Estoque Normal,580,1624.0,36929.219999999936,71.15456647398831,2023-01-03,2026-05-27,524,32,10,14,281,3.6370106761565837,7.1886120996441285,0.75801,2026-07-09,39,123.34210526315789,519,518,339,83,6,2026-03-26 12:06:48,Produto Destaque,True
PROD-0032,Headset Bluetooth,Eletrônicos,,Alpha Tech Importados,2.21,71,False,2026-02-20,Nao Informado,Estoque Normal,461,1352.0,96013.51000000001,229.14918854415276,2023-01-30,2026-05-31,394,33,9,25,216,3.5972222222222223,7.226851851851852,0.77778,2026-07-21,84,129.66666666666666,493,489,304,101,8,2026-03-26 19:09:16,Produto Destaque,True
PROD-0476,Cadeira de Jardim,Móveis,397.0,MoveisPlus Distribuidora,,50,True,2019-08-07,Alto,Estoque Normal,114,297.0,88400.32000000002,858.2555339805828,2023-01-04,2026-04-28,104,8,1,1,54,3.7777777777777777,7.537037037037037,0.75926,2026-05-16,9,163.0,490,490,344,61,6,2026-03-28 14:58:33,Produto Destaque,False
PROD-0468,Comoda 5 Gavetas,Móveis,462.0,Decor Brasil Atacado,5.53,58,True,2022-09-02,Alto,Estoque Normal,128,343.0,127950.17999999998,1066.2514999999999,2023-01-01,2026-05-23,114,9,1,4,69,3.7246376811594204,7.521739130434782,0.78261,2026-06-03,8,95.42857142857143,464,463,290,86,6,2026-03-22 20:08:48,Produto Destaque,False
PROD-0448,Guarda-roupa 2 Portas,Móveis,1228.0,Decor Brasil Atacado,44.9,252,True,2020-01-03,Alto,Estoque Normal,82,233.0,207413.27000000002,2841.277671232877,2023-01-06,2026-05-09,79,1,0,2,39,3.7435897435897436,7.82051282051282,0.87179,2026-05-05,4,66.75,503,501,323,84,6,2026-03-25 21:53:22,Produto Destaque,False
PROD-0433,Sofa 3 Lugares,Móveis,,MoveisPlus Distribuidora,20.67,98,False,2021-02-10,Nao Informado,Estoque Normal,553,1523.0,120045.00999999988,234.92174168297433,2023-01-05,2026-05-25,503,31,6,13,267,3.6104868913857677,7.089887640449438,0.73783,2026-06-24,38,132.05555555555554,511,508,334,80,15,2026-03-28 00:40:42,Produto Destaque,True
PROD-0259,Aparador de Pelos,Beleza,104.0,Perfumes & Cia,0.31,487,True,2023-04-18,Medio,Estoque Normal,296,814.0,65242.630000000005,243.44264925373136,2023-01-10,2026-05-30,273,15,1,7,146,3.6301369863013697,7.273972602739726,0.76027,2026-06-19,31,117.06896551724138,520,517,333,85,6,2026-03-28 20:46:09,Produto Destaque,True
PROD-0360,Rack de Teto Universal,Automotivo,318.0,AutoPeças Brasil Ltda,22.64,137,False,2024-03-31,Alto,Estoque Normal,124,349.0,90198.60999999994,805.3447321428566,2023-01-04,2026-04-13,115,4,2,3,61,3.7868852459016393,7.557377049180328,0.78689,2026-05-07,12,98.63636363636364,517,516,326,104,5,2026-03-27 06:20:57,Produto Destaque,False
PROD-0009,Smart TV 55 Polegadas,Eletrônicos,3746.0,Global Electronics Ltda,2.8,459,True,2024-02-04,Alto,Estoque Normal,3147,8799.0,23347338.060000006,8117.98958970793,2023-01-01,2026-05-30,2873,156,39,79,1552,3.6662371134020617,7.173969072164948,0.75322,2026-07-27,330,125.08169934640523,536,535,332,101,10,2026-03-28 16:57:26,Produto Destaque,True
PROD-0137,Tapete Sala 2x3m,Casa,267.0,Casa & Cia Distribuidora,1.64,0,True,2025-10-01,Alto,Sem Estoque,281,780.0,163783.91,625.1294274809161,2023-01-04,2026-05-03,252,14,6,9,126,3.7698412698412698,7.150793650793651,0.76984,2026-06-18,21,130.42105263157896,481,479,289,80,6,2026-03-27 17:22:06,Produto Destaque,True
PROD-0027,Teclado sem Fio,Eletrônicos,146.0,Shenzhen Connect Brasil,2.7,356,True,2023-04-14,Medio,Estoque Normal,1640,4606.0,503587.11000000004,340.26156081081086,2023-01-01,2026-05-30,1441,69,19,111,777,3.595881595881596,6.953667953667954,0.72973,2026-06-11,383,121.05524861878453,538,537,359,78,9,2026-03-27 14:41:01,Produto Destaque,True
PROD-0076,Jaqueta Impermeável,Vestuário,367.0,Moda Brasil Atacado,0.47,138,True,2022-11-03,Alto,Estoque Normal,132,380.0,98214.41000000003,854.0383478260873,2023-01-01,2026-05-14,121,7,1,3,64,3.40625,6.96875,0.71875,2026-05-19,12,159.8181818181818,540,540,340,97,3,2026-03-28 13:07:33,Produto Destaque,False
PROD-0008,Smart TV 43 Polegadas,Eletrônicos,1486.0,TechBrasil Distribuidora,1.95,0,False,2024-10-27,Alto,Sem Estoque,3525,9795.0,10421350.000000034,3277.154088050325,2023-01-02,2026-05-31,3185,205,42,93,1734,3.6580161476355246,7.168973471741638,0.74279,2026-07-13,288,117.30147058823529,526,524,341,86,8,2026-03-28 03:45:07,Produto Destaque,True
PROD-0081,Tênis de Corrida,Vestuário,157.0,Moda Brasil Atacado,0.29,150,True,2023-07-17,Medio,Estoque Normal,272,772.0,90168.90000000004,359.2386454183268,2023-01-02,2026-05-20,249,16,2,5,129,3.6589147286821704,7.155038759689923,0.75969,2026-06-05,13,161.0,498,495,304,92,7,2026-03-28 11:19:56,Produto Destaque,False
PROD-0206,Colchão Inflável,Esportes,170.0,SportsBrasil Atacado,11.5,255,True,2018-12-22,Medio,Estoque Normal,318,899.0,112824.22000000013,397.2683802816906,2023-01-08,2026-05-15,291,14,5,8,158,3.6835443037974684,7.582278481012659,0.75949,2026-06-13,18,122.17647058823529,493,493,317,80,6,2026-03-27 12:46:09,Produto Destaque,False
PROD-0148,Persiana Horizontal,Casa,181.0,Decor Import,12.85,36,True,2019-02-01,Medio,Estoque Normal,323,903.0,128541.79000000011,424.23033003300367,2023-01-02,2026-05-30,289,19,5,10,156,3.7756410256410255,7.4743589743589745,0.78846,2026-06-20,27,106.76,530,529,324,99,6,2026-03-28 15:57:24,Produto Destaque,True
PROD-0380,Quebra-cabeca 500 Pecas,Brinquedos,73.0,Fun Kids Distribuidora,1.97,291,True,2020-06-05,Medio,Estoque Normal,574,1631.0,88996.22999999998,169.19435361216728,2023-01-01,2026-05-31,525,28,3,18,291,3.6872852233676974,7.364261168384879,0.79038,2026-07-23,43,121.60975609756098,514,513,326,91,6,2026-03-28 14:39:18,Produto Destaque,True
PROD-0408,Pistola de Bolhas,Brinquedos,46.0,Brinquedos do Brasil Ltda,3.91,73,True,2018-04-24,Baixo,Estoque Normal,607,1672.0,55923.32999999998,102.8002389705882,2023-01-02,2026-05-28,562,21,9,15,299,3.6588628762541804,7.096989966555184,0.75251,2026-06-17,55,122.13207547169812,512,511,350,76,9,2026-03-27 14:55:14,Produto Destaque,True
PROD-0444,Estante de Livros 5 Prateleiras,Móveis,655.0,MoveisPlus Distribuidora,19.7,0,False,2021-08-20,Alto,Sem Estoque,131,395.0,206388.23999999996,1677.953170731707,2023-01-10,2026-05-30,116,8,2,5,60,3.75,7.133333333333334,0.75000,2026-06-14,13,136.76923076923077,500,499,318,85,6,2026-03-26 23:17:26,Produto Destaque,False
PROD-0233,Suporte Lombar Esportivo,Esportes,116.0,Esporte Total Ltda,3.5,375,True,2019-01-08,Medio,Estoque Normal,339,1020.0,86242.77999999996,284.6296369636962,2023-01-05,2026-05-15,307,22,2,8,165,3.7636363636363637,7.254545454545455,0.76364,2026-06-12,30,133.96666666666667,503,502,319,90,12,2026-03-28 14:11:47,Produto Destaque,True
PROD-0387,Kit Massinha de Modelar,Brinquedos,81.0,Brinquedos do Brasil Ltda,1.25,72,True,2025-12-30,Medio,Estoque Normal,595,1713.0,101372.32000000011,188.42438661710057,2023-01-04,2026-05-24,536,30,10,19,307,3.6905537459283386,7.156351791530945,0.72964,2026-07-10,49,128.4255319148936,483,482,308,81,2,2026-03-23 14:52:02,Produto Destaque,True
PROD-0033,HD Externo 1TB,Eletrônicos,369.0,Alpha Tech Importados,3.08,31,True,2022-11-19,Alto,Estoque Normal,480,1378.0,349146.84999999986,802.6364367816088,2023-01-01,2026-05-30,418,39,10,13,234,3.6025641025641026,7.264957264957265,0.74786,2026-07-13,83,114.725,496,493,318,90,7,2026-03-26 09:19:15,Produto Destaque,True
PROD-0306,Loção Pos-sol,Beleza,73.0,Beleza Total Atacado,0.26,279,True,2023-02-13,Medio,Estoque Normal,611,1732.0,95603.35000000003,173.5088021778585,2023-01-01,2026-05-25,549,35,6,21,291,3.731958762886598,7.305841924398625,0.77663,2026-06-23,49,117.97872340425532,524,524,316,88,3,2026-03-27 19:39:42,Produto Destaque,True
PROD-0232,Meias de Compressão Par,Esportes,148.0,Atlética Import Ltda,4.62,496,True,2025-03-13,Medio,Estoque Normal,318,857.0,90446.31000000001,315.14393728223,2023-01-01,2026-05-16,291,16,5,6,170,3.6411764705882352,7.205882352941177,0.75294,2026-06-01,21,134.0,523,521,334,93,7,2026-03-26 23:35:33,Produto Destaque,True
PROD-0427,Cozinha Infantil,Brinquedos,256.0,Brinquedos do Brasil Ltda,1.96,172,False,2019-05-05,Alto,Estoque Normal,292,782.0,147500.73,567.3105,2023-01-06,2026-05-17,271,14,3,4,148,3.554054054054054,6.9324324324324325,0.72973,2026-05-26,25,116.1304347826087,519,518,332,93,6,2026-03-27 15:06:29,Produto Destaque,True
PROD-0356,Shampoo Automotivo 1L,Automotivo,51.0,AutoPeças Brasil Ltda,13.82,1,True,2022-06-19,Medio,Estoque Baixo,614,1678.0,64199.949999999975,114.84785330948117,2023-01-02,2026-05-27,554,32,13,15,313,3.7156549520766773,7.277955271565495,0.77955,2026-05-29,49,107.375,523,522,331,94,8,2026-03-19 02:31:50,Produto Destaque,True
PROD-0112,Conjunto Esportivo,Vestuário,,Fashion Import Ltda,0.46,182,False,2022-05-29,Nao Informado,Estoque Normal,601,1734.0,122534.96000000004,224.83478899082576,2023-01-01,2026-05-15,550,33,8,10,295,3.5728813559322035,6.945762711864407,0.70847,2026-06-25,49,125.74468085106383,548,546,372,92,6,2026-03-27 07:51:03,Produto Destaque,True
PROD-0482,Cristaleira 3 Portas,Móveis,1080.0,MoveisPlus Distribuidora,44.08,245,True,2025-10-22,Alto,Estoque Normal,93,277.0,216514.9400000001,2547.234588235295,2023-02-17,2026-05-09,87,4,1,1,52,3.6346153846153846,7.288461538461538,0.76923,2026-06-28,6,108.4,479,478,304,86,6,2026-03-27 06:46:33,Produto Destaque,False
PROD-0403,Kit Experimentos Cientificos,Brinquedos,132.0,Brinquedos do Brasil Ltda,5.52,156,True,2018-04-21,Medio,Estoque Normal,297,832.0,80851.68000000002,306.25636363636374,2023-01-03,2026-05-24,278,11,4,4,158,3.5316455696202533,7.19620253164557,0.74684,2026-07-13,25,119.58333333333333,535,534,346,89,4,2026-03-26 04:27:01,Produto Destaque,True
PROD-0409,Kit de Pintura Infantil,Brinquedos,165.0,Fun Kids Distribuidora,4.24,32,True,2023-06-07,Medio,Estoque Normal,308,850.0,101410.60000000002,366.103249097473,2023-01-08,2026-03-28,280,16,5,7,147,3.5306122448979593,7.054421768707483,0.69388,2026-05-04,21,108.0,504,503,314,98,7,2026-03-28 04:04:09,Produto Destaque,True
PROD-0420,Caminhao de Brinquedo,Brinquedos,98.0,Brinquedos do Brasil Ltda,4.2,0,False,2024-02-19,Medio,Sem Estoque,570,1546.0,107938.87999999992,212.0606679764242,2023-01-02,2026-05-30,531,23,4,12,285,3.635087719298246,7.277192982456141,0.74035,2026-06-18,46,128.75,526,526,347,86,6,2026-03-28 08:01:28,Produto Destaque,True
PROD-0075,Jaqueta de Couro,Vestuário,,Fashion Import Ltda,1.77,17,False,2019-11-27,Nao Informado,Estoque Normal,613,1671.0,119380.8200000001,214.3282226211851,2023-01-02,2026-05-22,559,29,7,18,304,3.6217105263157894,7.1644736842105265,0.75987,2026-07-03,47,123.56521739130434,490,489,320,76,7,2026-03-27 09:20:57,Produto Destaque,True
PROD-0067,Camiseta Polo Feminina,Vestuário,147.0,TextilBrasil Distribuidora,1.89,197,True,2024-06-25,Medio,Estoque Normal,297,822.0,88379.18999999997,328.5471747211895,2023-01-24,2026-05-29,268,21,2,6,154,3.7337662337662336,7.311688311688312,0.81818,2026-06-16,12,134.6,520,517,326,86,14,2026-03-28 11:27:22,Produto Destaque,False
PROD-0359,Suporte para Bicicleta Veicular,Automotivo,215.0,Automotivo Import,,17,True,2019-12-28,Alto,Estoque Normal,348,970.0,166037.4400000001,522.1303144654091,2023-01-02,2026-05-31,323,10,7,8,194,3.5670103092783507,6.793814432989691,0.70619,2026-06-17,34,121.7,530,526,348,86,7,2026-03-28 05:02:24,Produto Destaque,True
PROD-0243,Bola de Pilates 65cm,Esportes,157.0,Atlética Import Ltda,7.05,0,True,2019-06-22,Medio,Sem Estoque,305,855.0,97843.09999999995,354.50398550724617,2023-01-08,2026-05-30,286,11,2,6,155,3.8193548387096774,7.419354838709677,0.78710,2026-05-09,16,99.875,488,487,307,77,5,2026-03-28 23:36:24,Produto Destaque,False
PROD-0034,HD Externo 2TB,Eletrônicos,806.0,Shenzhen Connect Brasil,4.5,307,True,2019-01-31,Alto,Estoque Normal,3008,8385.0,4919701.8799999915,1788.3321992002877,2023-01-02,2026-05-30,2704,123,30,151,1524,3.4881889763779528,6.804461942257218,0.69488,2026-07-05,619,117.67764298093587,538,534,330,87,5,2026-03-27 19:29:17,Produto Destaque,True
PROD-0097,Chapéu de Palha,Vestuário,75.0,Confecções do Sul,1.05,0,True,2024-12-14,Medio,Sem Estoque,544,1432.0,76443.82999999997,157.9417975206611,2023-01-05,2026-05-25,486,35,5,18,278,3.5863309352517985,7.219424460431655,0.75540,2026-07-02,45,131.58536585365854,513,513,335,87,7,2026-03-27 02:57:49,Produto Destaque,True
PROD-0372,Boneca Articulada 30cm,Brinquedos,145.0,Fun Kids Distribuidora,5.72,0,True,2022-06-27,Medio,Sem Estoque,322,894.0,100933.23999999999,337.56936454849495,2023-01-01,2026-04-23,290,20,2,10,149,3.48993288590604,6.530201342281879,0.68456,2026-05-17,24,93.54166666666667,493,493,309,84,9,2026-03-28 03:32:04,Produto Destaque,True
PROD-0455,Mesa de Centro,Móveis,649.0,MoveisPlus Distribuidora,66.57,292,True,2020-08-07,Alto,Estoque Normal,144,380.0,193945.82000000004,1458.239248120301,2023-01-08,2026-05-06,131,5,4,4,74,3.72972972972973,7.324324324324325,0.81081,2026-04-25,6,87.8,566,565,346,111,7,2026-03-26 11:52:10,Produto Destaque,False
PROD-0191,Halteres Par 10kg,Esportes,239.0,SportsBrasil Atacado,8.21,295,True,2021-11-21,Alto,Estoque Normal,295,803.0,142646.71,548.6411923076922,2023-01-05,2026-05-25,269,16,5,5,152,3.5789473684210527,6.848684210526316,0.75000,2026-04-21,24,99.33333333333333,530,530,348,94,11,2026-03-27 09:43:12,Produto Destaque,True
PROD-0383,Blocos de Montar 500 Pecas,Brinquedos,457.0,Brinquedos do Brasil Ltda,3.3,145,True,2023-07-13,Alto,Estoque Normal,116,324.0,115068.5,1046.0772727272727,2023-02-02,2026-04-19,105,5,2,4,49,3.510204081632653,6.795918367346939,0.73469,2026-06-07,7,105.0,507,507,317,89,9,2026-03-27 12:07:30,Produto Destaque,False
PROD-0031,Capinha de Celular,Eletrônicos,80.0,Shenzhen Connect Brasil,0.34,90,False,2018-07-05,Medio,Estoque Normal,1688,4688.0,277958.3300000001,181.55344872632273,2023-01-01,2026-05-28,1474,77,24,113,814,3.5356265356265357,6.902948402948403,0.71499,2026-07-19,357,121.28034682080924,525,522,359,78,9,2026-03-27 15:50:02,Produto Destaque,True
PROD-0386,Pelucia Gigante 80cm,Brinquedos,165.0,Toy Import Atacado,2.11,114,True,2026-03-06,Medio,Estoque Normal,316,866.0,103300.74999999997,365.0203180212013,2023-01-01,2026-05-31,285,20,5,6,173,3.647398843930636,7.115606936416185,0.73988,2026-07-10,25,134.0,509,507,322,89,6,2026-03-18 21:41:39,Produto Destaque,True
PROD-0242,Luvas de Musculação,Esportes,160.0,SportsBrasil Atacado,13.03,234,True,2025-02-19,Medio,Estoque Normal,303,862.0,104215.79999999994,374.876978417266,2023-01-05,2026-05-19,276,15,3,9,152,3.5657894736842106,7.072368421052632,0.73026,2026-05-19,24,137.43478260869566,483,482,302,82,11,2026-03-28 06:55:29,Produto Destaque,True
PROD-0285,Gel de Limpeza Facial,Beleza,,Cosméticos do Brasil Ltda,,98,False,2021-03-01,Nao Informado,Estoque Normal,584,1596.0,121316.09000000003,230.20130929791276,2023-01-04,2026-05-31,525,33,8,18,302,3.6490066225165565,7.059602649006623,0.71192,2026-06-27,55,128.37254901960785,504,503,326,104,3,2026-03-27 21:09:30,Produto Destaque,True
PROD-0443,Cadeira Gamer,Móveis,,Interiores Import Ltda,40.25,308,False,2025-06-28,Nao Informado,Estoque Normal,577,1638.0,121768.85000000006,234.1708653846155,2023-01-10,2026-05-25,534,28,4,11,293,3.733788395904437,7.334470989761092,0.76451,2026-06-06,54,124.24,545,545,343,93,11,2026-03-28 01:18:05,Produto Destaque,True
PROD-0438,Mesa de Jantar 6 Cadeiras,Móveis,,MoveisPlus Distribuidora,73.85,192,False,2026-03-08,Nao Informado,Estoque Normal,598,1676.0,128050.46000000005,234.9549724770643,2023-01-05,2026-05-26,552,30,5,11,313,3.7284345047923324,7.198083067092652,0.74121,2026-06-21,42,139.51351351351352,489,487,314,92,6,2026-03-23 03:31:50,Produto Destaque,True
PROD-0140,Kit de Almofadas 4 Peças,Casa,183.0,Casa & Cia Distribuidora,9.95,251,True,2018-06-21,Medio,Estoque Normal,303,839.0,117343.11000000003,425.156195652174,2023-01-04,2026-05-12,271,17,8,7,156,3.6794871794871793,7.2243589743589745,0.75000,2026-06-13,24,112.625,529,528,350,85,9,2026-03-26 17:27:06,Produto Destaque,True
PROD-0266,Condicionador Profissional 1L,Beleza,59.0,Beauty Import Brasil,0.16,204,True,2024-05-14,Medio,Estoque Normal,574,1598.0,71429.18000000002,135.7969201520913,2023-01-03,2026-05-23,529,25,7,13,284,3.7359154929577465,7.302816901408451,0.78873,2026-06-15,40,136.0810810810811,567,566,355,111,13,2026-03-28 19:25:29,Produto Destaque,True
PROD-0492,Mesa de Canto Redonda,Móveis,246.0,Interiores Import Ltda,33.35,307,False,2021-06-27,Alto,Estoque Normal,305,840.0,161573.91999999998,579.1179928315412,2023-01-10,2026-05-25,290,8,4,3,172,3.755813953488372,7.215116279069767,0.76744,2026-06-04,18,109.0,521,520,355,77,5,2026-03-28 11:47:25,Produto Destaque,False
PROD-0313,Pneu Aro 14,Automotivo,432.0,Automotivo Import,5.01,0,True,2020-10-11,Alto,Sem Estoque,129,346.0,113320.71000000005,1002.8381415929208,2023-01-02,2026-04-08,121,4,2,2,61,3.5737704918032787,6.868852459016393,0.72131,2026-04-02,10,155.11111111111111,479,478,305,91,6,2026-03-26 23:06:26,Produto Destaque,False
PROD-0507,Câmera de Acao 4K,Eletrônicos,1400.0,TechBrasil Distribuidora,3.11,298,True,2020-06-17,Alto,Estoque Normal,3473,9727.0,9902336.729999974,3106.1282089083984,2023-01-01,2026-05-31,3129,199,51,94,1729,3.6859456333140543,7.196645459803355,0.75882,2026-07-18,293,117.0948905109489,0,0,0,0,0,,Produto Destaque,True
PROD-0053,SSD Externo 480GB,Eletrônicos,310.0,Shenzhen Connect Brasil,3.78,203,True,2021-02-16,Alto,Estoque Normal,1707,4783.0,1103771.410000001,710.7349710238256,2023-01-01,2026-05-29,1510,71,22,104,842,3.501187648456057,6.793349168646081,0.70071,2026-07-07,354,118.1,485,484,298,83,10,2026-03-27 07:26:08,Produto Destaque,True
PROD-0250,Perfume Feminino 100ml,Beleza,229.0,Cosméticos do Brasil Ltda,0.44,280,True,2024-03-31,Alto,Estoque Normal,294,810.0,136483.73999999993,524.9374615384613,2023-01-02,2026-05-15,261,16,6,11,140,3.6357142857142857,7.4714285714285715,0.78571,2026-06-12,31,139.73076923076923,517,513,335,83,6,2026-03-23 01:16:02,Produto Destaque,True
PROD-0044,Suporte para Notebook,Eletrônicos,153.0,Alpha Tech Importados,2.62,48,True,2021-12-08,Medio,Estoque Normal,564,1584.0,176975.39999999985,348.376771653543,2023-01-11,2026-05-28,503,37,7,17,284,3.6338028169014085,7.200704225352113,0.72887,2026-07-03,94,132.24719101123594,471,470,302,85,5,2026-03-28 04:02:39,Produto Destaque,True
PROD-0178,Kit Organização Cozinha,Casa,181.0,Casa & Cia Distribuidora,12.53,0,True,2020-02-03,Medio,Sem Estoque,291,857.0,116175.19999999995,431.878066914498,2023-01-02,2026-05-28,255,23,4,9,122,3.6065573770491803,7.090163934426229,0.71311,2026-06-29,29,125.57142857142857,531,531,332,95,8,2026-03-25 19:53:36,Produto Destaque,True
PROD-0004,Notebook Intel Core i5,Eletrônicos,3359.0,Shenzhen Connect Brasil,,217,True,2020-12-21,Alto,Estoque Normal,3026,8440.0,20381391.799999993,7438.464160583939,2023-01-01,2026-05-31,2712,139,28,147,1475,3.480677966101695,6.791864406779661,0.69356,2026-07-12,588,119.3076923076923,498,497,331,79,6,2026-03-27 07:05:02,Produto Destaque,True
PROD-0308,Creme de Depilação,Beleza,80.0,Beleza Total Atacado,1.0,427,True,2025-11-11,Medio,Estoque Normal,601,1685.0,100867.72999999988,186.79209259259238,2023-01-05,2026-05-29,542,36,5,18,277,3.703971119133574,7.129963898916968,0.73285,2026-06-17,51,112.02173913043478,560,560,336,108,10,2026-03-26 01:26:09,Produto Destaque,True
PROD-0513,Smart TV 65 Polegadas,Eletrônicos,,Global Electronics Ltda,4.36,0,False,2025-04-22,Nao Informado,Sem Estoque,1888,5337.0,388377.47000000026,227.12132748538028,2023-01-01,2026-05-31,1741,86,12,49,918,3.667755991285403,7.150326797385621,0.73965,2026-07-19,210,113.80203045685279,0,0,0,0,0,,Produto Destaque,True
PROD-0292,Corretivo Líquido,Beleza,85.0,Beauty Import Brasil,1.47,370,True,2024-07-19,Medio,Estoque Normal,584,1645.0,106624.06999999992,201.557788279773,2023-01-04,2026-05-28,536,30,4,14,313,3.626198083067093,7.1629392971246,0.75080,2026-06-29,40,108.11111111111111,486,486,323,80,9,2026-03-27 21:22:14,Produto Destaque,True
PROD-0193,Halteres Par 20kg,Esportes,264.0,SportsBrasil Atacado,1.43,451,True,2025-06-04,Alto,Estoque Normal,280,783.0,162472.8999999999,617.7676806083647,2023-01-02,2026-05-24,255,15,6,4,147,3.6530612244897958,7.272108843537415,0.77551,2026-05-31,14,154.15384615384616,547,546,372,85,11,2026-03-26 08:56:36,Produto Destaque,False
PROD-0267,Máscara Capilar 500g,Beleza,141.0,Beleza Total Atacado,1.17,131,True,2019-03-21,Medio,Estoque Normal,319,914.0,98705.79999999994,335.734013605442,2023-01-06,2026-05-30,291,15,4,9,154,3.7337662337662336,7.383116883116883,0.77273,2026-06-12,26,131.8695652173913,498,496,310,99,8,2026-03-27 12:20:49,Produto Destaque,True
PROD-0230,Cotoveleira Esportiva Par,Esportes,111.0,Fitness Distribuidora,14.5,75,True,2019-09-27,Medio,Estoque Normal,323,903.0,75073.53000000004,252.7728282828284,2023-01-02,2026-05-31,286,22,5,10,163,3.7177914110429446,7.319018404907975,0.76687,2026-05-26,34,150.76470588235293,498,498,330,85,6,2026-03-25 17:02:59,Produto Destaque,True
PROD-0172,Cesto de Roupa Suja,Casa,,Utilidades do Lar Ltda,5.44,85,False,2020-12-25,Nao Informado,Estoque Normal,613,1720.0,128267.41999999998,230.28262118491918,2023-01-15,2026-05-22,549,37,9,18,302,3.7119205298013247,7.225165562913907,0.78477,2026-06-15,44,128.35714285714286,525,523,365,76,10,2026-03-23 13:56:17,Produto Destaque,True
PROD-0471,Balcao de Cozinha,Móveis,1485.0,Decor Brasil Atacado,78.72,263,True,2020-05-22,Alto,Estoque Normal,81,224.0,233426.75999999995,3242.0383333333325,2023-02-18,2026-05-25,73,3,1,4,43,3.9302325581395348,7.5813953488372094,0.86047,2026-04-26,7,93.14285714285714,516,516,355,68,6,2026-03-25 20:11:49,Produto Destaque,False
PROD-0013,Fone de Ouvido Bluetooth,Eletrônicos,,TechBrasil Distribuidora,0.84,90,False,2025-11-08,Nao Informado,Estoque Normal,2287,6311.0,469906.2000000008,225.80788082652612,2023-01-01,2026-05-31,2096,106,22,63,1148,3.681184668989547,7.2770034843205575,0.76394,2026-07-25,212,118.51282051282051,517,517,319,104,4,2026-03-26 17:42:30,Produto Destaque,True
PROD-0413,Bateria Musical Infantil,Brinquedos,456.0,Brinquedos do Brasil Ltda,4.15,44,False,2024-05-18,Alto,Estoque Normal,128,368.0,125580.17,1064.2387288135594,2023-02-17,2026-04-06,111,8,3,6,61,3.8852459016393444,7.80327868852459,0.80328,2026-05-02,10,142.5,513,512,328,90,4,2026-03-26 19:24:18,Produto Destaque,False
PROD-0002,Smartphone 64GB,Eletrônicos,1906.0,Global Electronics Ltda,4.46,407,True,2018-07-23,Alto,Estoque Normal,3281,9204.0,13275999.689999979,4431.2415520694185,2023-01-01,2026-05-31,2998,151,40,92,1619,3.7078443483631873,7.334156886967263,0.76961,2026-07-27,314,122.83934426229509,510,509,324,94,8,2026-03-23 06:21:24,Produto Destaque,True
PROD-0239,Regata Esportiva Masculina,Esportes,43.0,Esporte Total Ltda,12.21,441,True,2026-02-24,Baixo,Estoque Normal,577,1630.0,51371.72000000009,98.22508604206517,2023-01-04,2026-05-27,528,21,6,22,293,3.6928327645051193,7.238907849829351,0.75427,2026-07-16,47,112.0,511,509,329,92,8,2026-03-28 05:39:52,Produto Destaque,True
PROD-0214,Bloco de Yoga,Esportes,87.0,Atlética Import Ltda,8.53,151,False,2020-04-12,Medio,Estoque Normal,611,1734.0,115065.54000000002,205.4741785714286,2023-01-02,2026-05-26,552,36,6,17,314,3.624203821656051,7.028662420382165,0.72930,2026-07-20,48,128.9777777777778,533,533,332,93,11,2026-03-27 13:52:18,Produto Destaque,True
PROD-0348,Capa de Volante,Automotivo,33.0,Automotivo Import,20.86,280,True,2024-03-14,Baixo,Estoque Normal,598,1673.0,45804.51999999998,81.64798573975041,2023-01-01,2026-05-25,545,32,9,12,296,3.6317567567567566,7.081081081081081,0.71959,2026-07-12,45,125.53658536585365,505,503,343,69,6,2026-03-28 06:34:56,Produto Destaque,True
PROD-0258,Máquina de Cortar Cabelo,Beleza,223.0,Beauty Import Brasil,0.31,63,True,2021-07-27,Alto,Estoque Normal,296,848.0,145777.78,541.9248327137547,2023-01-04,2026-05-21,257,21,4,14,149,3.8456375838926173,7.704697986577181,0.81879,2026-05-24,16,94.21428571428571,515,515,337,86,5,2026-03-23 18:55:20,Produto Destaque,False
PROD-0275,Sérum Ácido Hialurônico,Beleza,186.0,Beauty Import Brasil,1.27,247,False,2024-04-11,Medio,Estoque Normal,269,746.0,109016.16000000009,452.34921161825764,2023-01-02,2026-04-24,245,15,3,6,143,3.5734265734265733,6.986013986013986,0.71329,2026-06-15,19,107.36842105263158,523,523,351,85,5,2026-03-28 00:08:41,Produto Destaque,False
PROD-0021,Projetor Full HD,Eletrônicos,3607.0,Shenzhen Connect Brasil,1.32,0,True,2023-06-30,Alto,Sem Estoque,3108,8824.0,22928063.12000003,8093.209714084021,2023-01-01,2026-05-29,2776,140,37,155,1552,3.506443298969072,6.84020618556701,0.69781,2026-07-13,683,117.62307692307692,543,541,339,101,10,2026-03-23 23:03:37,Produto Destaque,True
PROD-0475,Cadeira de Balanco,Móveis,632.0,MoveisPlus Distribuidora,6.42,399,True,2019-05-05,Alto,Estoque Normal,152,419.0,202117.45,1464.6192028985508,2023-02-11,2026-05-10,138,8,0,6,71,3.704225352112676,7.352112676056338,0.77465,2026-06-19,19,113.26315789473684,511,509,334,94,10,2026-03-28 19:18:26,Produto Destaque,False
PROD-0358,Flanela Automotiva Kit 5,Automotivo,73.0,Peças & Cia Distribuidora,16.59,437,False,2025-10-12,Medio,Estoque Normal,571,1583.0,93029.97999999997,176.19314393939388,2023-01-01,2026-05-18,523,27,6,15,277,3.707581227436823,7.371841155234657,0.75812,2026-07-03,41,117.74358974358974,510,509,338,72,7,2026-03-22 16:41:32,Produto Destaque,True
PROD-0015,Headset Gamer,Eletrônicos,359.0,Shenzhen Connect Brasil,1.35,274,True,2020-07-11,Alto,Estoque Normal,1723,4844.0,1283614.640000001,820.2010479233234,2023-01-01,2026-05-27,1510,91,21,101,835,3.562874251497006,6.972455089820359,0.71617,2026-07-02,341,125.671875,491,487,308,95,15,2026-03-28 17:55:34,Produto Destaque,True
PROD-0345,Sensor de Estacionamento,Automotivo,173.0,AutoPeças Brasil Ltda,,39,False,2022-03-23,Medio,Estoque Normal,301,780.0,110624.81,400.81452898550725,2023-01-07,2026-05-28,279,14,4,4,157,3.745222929936306,7.445859872611465,0.77070,2026-07-14,24,109.08695652173913,511,510,331,93,4,2026-03-28 12:13:50,Produto Destaque,True
PROD-0483,Estante Gamer,Móveis,1148.0,MoveisPlus Distribuidora,64.93,125,True,2020-04-18,Alto,Estoque Normal,81,228.0,206609.65,2830.2691780821915,2023-01-12,2026-05-19,76,3,0,2,40,3.5,7.1,0.72500,2026-06-13,11,92.72727272727273,544,539,369,78,6,2026-03-28 19:17:57,Produto Destaque,False
PROD-0417,Pula Corda Infantil,Brinquedos,27.0,Brinquedos do Brasil Ltda,2.24,430,True,2024-04-04,Baixo,Estoque Normal,595,1631.0,32577.159999999993,60.105461254612536,2023-01-04,2026-05-13,534,28,14,19,299,3.588628762541806,7.110367892976589,0.73579,2026-06-24,56,111.20754716981132,531,529,343,110,6,2026-03-28 23:39:22,Produto Destaque,True
PROD-0344,Retrovisor com Monitor,Automotivo,276.0,Peças & Cia Distribuidora,12.77,461,True,2023-01-08,Alto,Estoque Normal,276,757.0,160300.98000000004,651.6300000000001,2023-01-08,2026-05-09,254,15,3,4,142,3.683098591549296,7.049295774647887,0.73944,2026-06-05,20,148.26315789473685,507,506,339,78,4,2026-03-26 12:33:16,Produto Destaque,True
PROD-0082,Meia Esportiva Kit com 3,Vestuário,,TextilBrasil Distribuidora,1.06,497,False,2018-04-09,Nao Informado,Estoque Normal,596,1667.0,118265.85000000003,220.6452425373135,2023-01-01,2026-05-29,556,26,4,10,301,3.7109634551495017,7.4186046511627906,0.76744,2026-07-24,44,103.78571428571429,547,543,332,94,9,2026-03-27 10:59:58,Produto Destaque,True
PROD-0390,Robo Programavel,Brinquedos,490.0,Fun Kids Distribuidora,1.63,270,False,2019-04-30,Alto,Estoque Normal,122,342.0,124190.56,1149.9125925925925,2023-01-08,2026-04-22,107,9,2,4,50,3.76,6.86,0.74000,2026-06-05,11,116.3,518,516,321,94,6,2026-03-28 08:47:15,Produto Destaque,False
PROD-0301,Protetor Labial,Beleza,15.0,Beauty Import Brasil,0.77,292,False,2023-09-24,Baixo,Estoque Normal,585,1592.0,18866.569999999985,35.06797397769514,2023-01-01,2026-05-16,532,24,8,21,301,3.6877076411960132,7.461794019933555,0.79070,2026-07-15,48,102.34042553191489,572,572,354,105,7,2026-03-21 23:52:36,Produto Destaque,True
PROD-0149,Jogo de Banheiro 3 Peças,Casa,94.0,Casa & Cia Distribuidora,10.13,327,True,2021-01-08,Medio,Estoque Normal,585,1617.0,115628.68999999994,216.12839252336437,2023-01-04,2026-05-30,527,33,4,21,308,3.603896103896104,7.061688311688312,0.70455,2026-06-10,49,118.17391304347827,545,544,353,96,4,2026-03-26 17:44:17,Produto Destaque,True
PROD-0450,Cama Solteiro com Cabeceira,Móveis,835.0,Interiores Import Ltda,13.78,470,True,2018-04-30,Alto,Estoque Normal,88,246.0,155790.25,1832.8264705882352,2023-01-18,2026-03-25,80,6,0,2,49,3.7142857142857144,7.714285714285714,0.81633,2026-04-25,7,77.16666666666667,521,521,343,86,6,2026-03-26 11:40:10,Produto Destaque,False
PROD-0511,Fantoche Kit 6 Personagens,Brinquedos,163.0,Fun Kids Distribuidora,1.95,128,True,2018-08-18,Medio,Estoque Normal,303,851.0,104338.49999999997,371.3113879003558,2023-01-01,2026-05-02,278,14,4,7,144,3.7708333333333335,7.430555555555555,0.77083,2026-06-07,23,120.0909090909091,0,0,0,0,0,,Produto Destaque,True
PROD-0100,Chinelo Masculino,Vestuário,59.0,Confecções do Sul,0.54,267,False,2023-08-17,Medio,Estoque Normal,583,1668.0,73302.41,137.01385046728973,2023-01-04,2026-05-30,529,35,6,13,311,3.620578778135048,7.167202572347267,0.72347,2026-06-27,48,113.88095238095238,533,532,331,102,5,2026-03-26 09:31:48,Produto Destaque,True
PROD-0322,Central Multimidia 7 Polegadas,Automotivo,592.0,AutoPeças Brasil Ltda,21.65,165,True,2025-01-17,Alto,Estoque Normal,123,305.0,145226.60999999996,1273.917631578947,2023-01-06,2026-05-27,114,5,1,3,56,3.3035714285714284,6.517857142857143,0.67857,2026-07-19,9,153.0,529,529,330,92,12,2026-03-20 13:37:34,Produto Destaque,False
PROD-0123,Colete Masculino,Vestuário,117.0,Moda Brasil Atacado,1.01,171,True,2020-11-01,Medio,Estoque Normal,302,844.0,74101.67000000001,261.8433568904594,2023-01-03,2026-05-22,282,9,4,7,167,3.6706586826347305,7.197604790419161,0.74850,2026-07-13,20,119.21052631578948,517,515,325,101,11,2026-03-26 02:12:09,Produto Destaque,True
PROD-0121,Suéter Masculino,Vestuário,222.0,Moda Brasil Atacado,1.48,232,True,2018-12-12,Alto,Estoque Normal,298,856.0,132628.28,496.7351310861423,2023-01-11,2026-05-11,275,12,3,8,175,3.6514285714285712,6.942857142857143,0.70857,2026-05-25,33,127.06451612903226,522,521,337,89,7,2026-03-26 19:04:04,Produto Destaque,True
PROD-0395,Balanco Infantil,Brinquedos,261.0,Brinquedos do Brasil Ltda,0.56,476,False,2025-02-14,Alto,Estoque Normal,295,812.0,154741.55,577.3938432835821,2023-01-02,2026-05-21,269,13,3,10,145,3.606896551724138,6.979310344827586,0.72414,2026-06-12,30,134.89285714285714,514,513,337,87,8,2026-03-27 02:01:39,Produto Destaque,True
PROD-0014,Fone de Ouvido com Fio,Eletrônicos,90.0,Shenzhen Connect Brasil,1.42,388,True,2024-03-26,Medio,Estoque Normal,1681,4569.0,302018.3299999999,196.49858815875075,2023-01-01,2026-05-28,1465,62,27,127,809,3.619283065512979,6.929542645241038,0.72435,2026-07-17,348,120.24534161490683,472,471,288,93,10,2026-03-27 08:02:47,Produto Destaque,True
PROD-0307,Autobronzeador,Beleza,135.0,Perfumes & Cia,1.38,194,False,2019-12-05,Medio,Estoque Normal,291,853.0,87740.73000000004,337.4643461538463,2023-01-08,2026-05-26,262,17,8,4,144,3.638888888888889,7.083333333333333,0.74306,2026-04-25,24,139.1818181818182,502,501,318,68,12,2026-03-26 16:56:47,Produto Destaque,True
PROD-0499,Perfume Importado 200ml,Beleza,220.0,Beleza Total Atacado,1.24,106,True,2022-06-10,Alto,Estoque Normal,319,876.0,155064.94999999998,522.1042087542087,2023-01-01,2026-05-31,289,21,4,5,157,3.605095541401274,7.114649681528663,0.74522,2026-06-22,23,96.43478260869566,537,534,357,80,10,2026-03-22 21:00:44,Produto Destaque,True
PROD-0339,Para-brisa Defletor,Automotivo,242.0,Peças & Cia Distribuidora,13.54,317,True,2021-10-06,Alto,Estoque Normal,276,774.0,144193.44999999998,569.9345849802371,2023-01-01,2026-05-12,255,14,4,3,139,3.676258992805755,7.0071942446043165,0.72662,2026-06-06,29,142.19230769230768,512,511,342,80,5,2026-03-28 05:36:33,Produto Destaque,True
PROD-0366,Selante de Pneu,Automotivo,46.0,AutoPeças Brasil Ltda,9.6,432,True,2019-11-11,Baixo,Estoque Normal,614,1708.0,61467.950000000004,114.04072356215214,2023-01-02,2026-05-30,568,32,8,6,302,3.6556291390728477,7.185430463576159,0.76159,2026-07-08,41,118.17073170731707,503,500,308,87,9,2026-03-22 08:33:55,Produto Destaque,True
PROD-0133,Travesseiro de Pluma,Casa,198.0,Decor Import,11.71,0,False,2022-08-10,Medio,Sem Estoque,277,739.0,111777.76999999996,431.5744015444014,2023-01-08,2026-05-27,258,10,1,8,139,3.7697841726618706,7.359712230215828,0.76978,2026-07-09,25,125.8,521,519,336,91,6,2026-03-27 11:31:25,Produto Destaque,True
PROD-0278,Óleo Corporal,Beleza,44.0,Beauty Import Brasil,0.78,338,True,2026-01-12,Baixo,Estoque Normal,608,1754.0,58787.04000000003,105.92259459459464,2023-01-01,2026-05-19,560,17,14,17,313,3.6741214057507987,7.182108626198083,0.75399,2026-06-27,42,128.3846153846154,531,527,346,100,5,2026-03-26 12:55:41,Produto Destaque,True
PROD-0324,Capa para Banco Dianteiro Par,Automotivo,165.0,Automotivo Import,22.5,133,True,2020-01-20,Medio,Estoque Normal,305,862.0,104891.83999999998,387.0547601476014,2023-01-01,2026-05-27,285,13,5,2,145,3.8344827586206898,7.289655172413793,0.80690,2026-06-12,30,119.77777777777777,489,488,327,81,2,2026-03-27 21:10:56,Produto Destaque,True
PROD-0289,Creme para as Mãos,Beleza,,Beauty Import Brasil,0.66,0,False,2021-04-30,Nao Informado,Sem Estoque,627,1720.0,131166.5699999999,230.116789473684,2023-01-01,2026-05-27,574,26,4,23,318,3.710691823899371,7.273584905660377,0.76730,2026-06-25,47,138.97727272727272,485,485,327,69,3,2026-03-22 06:35:37,Produto Destaque,True
PROD-0084,Sutiã Conforto,Vestuário,117.0,TextilBrasil Distribuidora,0.93,472,True,2019-08-04,Medio,Estoque Normal,277,809.0,67760.89000000003,275.4507723577237,2023-01-05,2026-05-06,247,15,6,9,136,3.801470588235294,7.661764705882353,0.81618,2026-06-05,18,110.23529411764706,535,535,349,85,8,2026-03-28 10:29:38,Produto Destaque,False
PROD-0104,Óculos de Sol,Vestuário,128.0,Fashion Import Ltda,1.21,180,False,2021-09-06,Medio,Estoque Normal,269,739.0,70908.37999999996,288.2454471544714,2023-02-04,2026-05-30,247,10,1,11,124,3.685483870967742,6.854838709677419,0.72581,2026-06-06,21,112.05263157894737,534,532,369,77,9,2026-03-28 17:26:14,Produto Destaque,True
PROD-0317,Bateria Automotiva 45Ah,Automotivo,512.0,AutoPeças Brasil Ltda,8.16,483,True,2018-04-12,Alto,Estoque Normal,125,338.0,137946.84999999995,1289.222897196261,2023-01-06,2026-05-22,115,6,2,2,61,3.639344262295082,7.032786885245901,0.70492,2026-06-06,10,121.5,513,512,347,77,10,2026-03-28 13:11:57,Produto Destaque,False
PROD-0385,Pelucia 60cm,Brinquedos,291.0,Brinquedos do Brasil Ltda,4.19,87,True,2024-06-06,Alto,Estoque Normal,300,821.0,171423.6,634.9022222222222,2023-01-03,2026-05-31,275,18,3,4,138,3.739130434782609,7.326086956521739,0.79710,2026-07-08,20,115.05555555555556,516,516,307,116,5,2026-03-28 21:35:53,Produto Destaque,True
PROD-0238,Tênis de Natação,Esportes,83.0,Esporte Total Ltda,11.99,397,True,2021-07-25,Medio,Estoque Normal,560,1596.0,96162.89999999997,188.18571428571423,2023-01-02,2026-05-28,515,26,10,9,285,3.705263157894737,7.5508771929824565,0.77544,2026-07-08,38,129.14705882352942,472,472,318,74,5,2026-03-27 03:14:06,Produto Destaque,True
PROD-0163,Aspirador de Pó Vertical,Casa,354.0,Decor Import,6.68,276,False,2022-09-25,Alto,Estoque Normal,132,372.0,99186.04000000005,819.7193388429756,2023-01-04,2026-05-28,124,3,0,5,78,3.6025641025641026,7.115384615384615,0.71795,2026-07-26,12,105.66666666666667,533,532,355,95,7,2026-03-20 13:57:09,Produto Destaque,False
PROD-0236,Camiseta Esportiva Feminina,Vestuário,56.0,Atlética Import Ltda,4.34,24,True,2025-08-23,Medio,Estoque Normal,601,1650.0,70719.83999999988,129.05080291970782,2023-01-05,2026-05-29,548,26,7,20,314,3.627388535031847,6.968152866242038,0.72611,2026-06-22,52,137.38,534,534,358,91,7,2026-03-28 21:48:18,Produto Destaque,True
PROD-0283,Esfoliante Corporal,Beleza,48.0,Beauty Import Brasil,1.22,1,True,2023-07-18,Baixo,Estoque Baixo,593,1667.0,61115.82,112.13911926605505,2023-01-01,2026-05-29,550,24,3,16,306,3.611111111111111,7.078431372549019,0.73856,2026-06-24,69,97.56923076923077,477,475,315,83,5,2026-03-26 02:37:31,Produto Destaque,True
PROD-0019,Câmera Fotográfica Digital,Eletrônicos,1509.0,Alpha Tech Importados,,498,True,2023-06-06,Alto,Estoque Normal,1754,4790.0,5161228.760000016,3180.0546888478225,2023-01-01,2026-05-31,1570,106,32,46,870,3.671264367816092,7.197701149425288,0.74828,2026-07-17,185,116.31360946745562,482,480,312,81,2,2026-03-28 13:12:32,Produto Destaque,True
PROD-0254,Secador de Cabelo 2200W,Beleza,,Perfumes & Cia,,258,False,2025-07-17,Nao Informado,Estoque Normal,575,1564.0,120456.70999999995,225.99757973733574,2023-01-07,2026-05-31,522,28,10,15,281,3.5943060498220643,7.0,0.73665,2026-07-01,54,135.96226415094338,497,497,308,101,4,2026-03-24 17:29:05,Produto Destaque,True
PROD-0336,Lampada LED Automotiva H4,Automotivo,81.0,Automotivo Import,21.65,172,True,2023-06-22,Medio,Estoque Normal,570,1606.0,103872.04000000017,198.98858237547924,2023-01-01,2026-05-24,529,22,5,14,286,3.576923076923077,6.891608391608392,0.72378,2026-05-22,46,127.31111111111112,529,527,354,79,7,2026-03-28 23:55:43,Produto Destaque,True
PROD-0099,Cachecol de Lã,Vestuário,79.0,Moda Brasil Atacado,1.85,399,False,2024-10-14,Medio,Estoque Normal,603,1712.0,96073.66999999995,179.24192164179095,2023-01-01,2026-05-27,543,41,7,12,303,3.6534653465346536,7.158415841584159,0.72277,2026-07-21,46,101.24444444444444,525,524,342,86,7,2026-03-26 07:29:34,Produto Destaque,True
PROD-0462,Cabeceira Solteiro,Móveis,505.0,MoveisPlus Distribuidora,73.62,459,True,2022-05-14,Alto,Estoque Normal,130,394.0,153605.60999999996,1301.7424576271183,2023-01-19,2026-05-26,120,7,1,2,68,3.5588235294117645,7.1911764705882355,0.75000,2026-06-05,9,109.0,494,491,320,86,6,2026-03-28 13:45:31,Produto Destaque,False
PROD-0054,Microfone USB Condensador,Eletrônicos,401.0,TechBrasil Distribuidora,2.14,25,True,2025-09-20,Alto,Estoque Normal,2259,6458.0,1945044.310000001,945.5733155080219,2023-01-01,2026-05-31,2053,124,19,63,1118,3.6556350626118066,7.149373881932021,0.74419,2026-07-18,175,125.08235294117647,497,495,328,80,8,2026-03-23 04:31:09,Produto Destaque,True
PROD-0068,Calça Jeans Masculina,Vestuário,205.0,Confecções do Sul,1.49,258,True,2018-10-14,Alto,Estoque Normal,311,879.0,132403.58,467.8571731448763,2023-01-01,2026-05-24,285,12,8,6,158,3.670886075949367,7.094936708860759,0.75949,2026-06-03,29,115.28571428571429,554,551,355,98,12,2026-03-26 12:18:57,Produto Destaque,True
PROD-0060,Placa de Captura HDMI,Eletrônicos,450.0,TechBrasil Distribuidora,2.13,55,True,2019-02-12,Alto,Estoque Normal,2190,6145.0,2081212.3200000022,1040.0861169415302,2023-01-01,2026-05-31,2007,117,15,51,1098,3.6821493624772312,7.1329690346083785,0.74044,2026-07-17,176,123.51552795031056,526,524,330,91,4,2026-03-22 04:24:00,Produto Destaque,True
PROD-0400,Telescopio Infantil,Brinquedos,204.0,Toy Import Atacado,5.61,69,False,2023-05-16,Alto,Estoque Normal,314,806.0,125908.68,432.67587628865977,2023-01-01,2026-05-14,284,21,2,7,154,3.5974025974025974,6.922077922077922,0.74026,2026-06-11,25,114.8695652173913,515,515,341,92,9,2026-03-22 06:57:04,Produto Destaque,True
PROD-0071,Vestido Floral,Vestuário,234.0,Confecções do Sul,0.93,219,True,2022-06-29,Alto,Estoque Normal,312,876.0,149945.15000000002,529.841519434629,2023-01-07,2026-05-29,281,15,6,10,170,3.7,7.252941176470588,0.75882,2026-06-17,19,104.23529411764706,536,535,359,88,10,2026-03-28 12:04:04,Produto Destaque,False
PROD-0284,Sabonete Líquido 500ml,Beleza,,Cosméticos do Brasil Ltda,0.81,3,False,2018-06-06,Nao Informado,Estoque Baixo,596,1721.0,127395.20999999989,236.79407063197004,2023-01-03,2026-05-21,541,35,2,18,296,3.668918918918919,7.297297297297297,0.75000,2026-07-09,37,124.13888888888889,506,502,316,103,5,2026-03-21 16:44:22,Produto Destaque,True
PROD-0310,Kit Coloração Cabelo,Beleza,,Beauty Import Brasil,0.93,96,False,2023-03-02,Nao Informado,Estoque Normal,658,1788.0,138355.32999999984,228.309125412541,2023-01-01,2026-05-29,598,30,10,20,353,3.7677053824362607,7.458923512747876,0.78470,2026-06-20,48,105.77777777777777,529,528,327,100,7,2026-03-27 06:27:24,Produto Destaque,True
PROD-0318,Bateria Automotiva 80Ah,Automotivo,686.0,Peças & Cia Distribuidora,21.97,385,True,2020-04-02,Alto,Estoque Normal,136,356.0,197632.15999999995,1568.509206349206,2023-01-06,2026-03-27,117,11,1,7,62,3.8225806451612905,7.483870967741935,0.77419,2026-05-05,9,108.0,507,506,329,87,6,2026-03-27 15:04:42,Produto Destaque,False
PROD-0248,Rede de Vôlei,Esportes,,Atlética Import Ltda,8.55,223,False,2021-05-03,Nao Informado,Estoque Normal,633,1729.0,128247.59000000001,223.03928695652175,2023-01-03,2026-05-14,579,30,7,17,305,3.737704918032787,7.390163934426229,0.77705,2026-06-25,65,113.75,511,511,338,86,5,2026-03-27 23:24:09,Produto Destaque,True
PROD-0237,Bota para Caminhada,Esportes,333.0,Fitness Distribuidora,0.49,300,True,2023-01-03,Alto,Estoque Normal,109,344.0,85641.19000000002,839.6195098039217,2023-01-21,2026-05-30,102,2,1,4,52,3.6538461538461537,6.769230769230769,0.73077,2026-06-19,12,163.1,552,551,348,94,10,2026-03-28 17:41:18,Produto Destaque,False
PROD-0319,Oleo de Motor 5W30 4L,Automotivo,,AutoPeças Brasil Ltda,6.3,350,False,2021-03-12,Nao Informado,Estoque Normal,608,1723.0,133645.60000000006,242.11159420289866,2023-01-02,2026-05-28,548,32,8,20,303,3.6666666666666665,7.33993399339934,0.77558,2026-06-10,44,127.92682926829268,493,492,301,90,10,2026-03-24 02:12:22,Produto Destaque,True
PROD-0244,Rolo de Pilates,Esportes,76.0,SportsBrasil Atacado,2.5,34,False,2024-01-05,Medio,Estoque Normal,598,1689.0,93922.12000000004,173.28804428044288,2023-01-01,2026-05-26,543,30,12,13,309,3.6310679611650487,7.090614886731392,0.77994,2026-07-15,51,131.91666666666666,560,554,345,109,9,2026-03-27 23:26:29,Produto Destaque,True
PROD-0212,Saco de Pancadas,Esportes,374.0,Esporte Total Ltda,13.63,340,False,2022-08-11,Alto,Estoque Normal,113,307.0,82455.11000000003,824.5511000000002,2023-01-04,2026-03-28,104,7,0,2,60,3.4166666666666665,6.8,0.66667,2026-05-04,15,110.21428571428571,543,542,333,113,13,2026-03-23 07:05:08,Produto Destaque,False
PROD-0436,Sofa Cama,Móveis,1890.0,MoveisPlus Distribuidora,8.0,493,True,2025-03-14,Alto,Estoque Normal,85,243.0,369554.49000000005,4677.904936708861,2023-02-10,2026-02-24,74,7,1,3,45,3.8444444444444446,7.155555555555556,0.75556,2026-04-09,4,164.0,520,520,326,95,4,2026-03-22 14:21:07,Produto Destaque,False
PROD-0419,Casinha de Bonecas,Brinquedos,371.0,Brinquedos do Brasil Ltda,3.71,327,True,2023-01-08,Alto,Estoque Normal,127,382.0,93384.59999999999,848.950909090909,2023-01-12,2026-05-06,124,1,0,2,74,3.72972972972973,7.513513513513513,0.81081,2026-07-05,7,93.28571428571429,542,542,351,105,3,2026-03-28 17:21:09,Produto Destaque,False
PROD-0365,Polidor Automotivo 500g,Automotivo,74.0,Peças & Cia Distribuidora,4.76,341,True,2024-09-14,Medio,Estoque Normal,536,1527.0,85324.34999999996,178.50282426778236,2023-01-01,2026-05-29,485,26,10,15,266,3.669172932330827,7.2481203007518795,0.76692,2026-06-11,39,117.08333333333333,508,505,321,92,7,2026-03-25 23:01:45,Produto Destaque,True
PROD-0375,Carrinho de Friccao Kit 5,Brinquedos,140.0,Fun Kids Distribuidora,5.75,153,True,2021-08-14,Medio,Estoque Normal,284,814.0,83208.24,321.2673359073359,2023-01-01,2026-05-10,258,15,4,7,131,3.6106870229007635,6.977099236641221,0.74046,2026-06-11,21,135.94736842105263,469,469,299,73,10,2026-03-28 04:10:06,Produto Destaque,True
PROD-0429,Tapete de Atividades,Brinquedos,132.0,Brinquedos do Brasil Ltda,3.02,169,True,2019-05-26,Medio,Estoque Normal,305,810.0,81782.69000000002,291.0416014234876,2023-01-02,2026-05-29,285,9,4,7,152,3.6776315789473686,7.1118421052631575,0.76974,2026-06-17,20,159.73684210526315,474,474,316,71,6,2026-03-28 09:09:26,Produto Destaque,True
PROD-0287,Pincel de Maquiagem Kit,Beleza,111.0,Perfumes & Cia,0.97,442,False,2025-06-28,Medio,Estoque Normal,282,771.0,67915.61000000002,261.2138846153847,2023-01-07,2026-05-11,263,13,1,5,147,3.6054421768707483,7.414965986394558,0.74830,2026-06-09,21,125.85714285714286,553,552,355,105,6,2026-03-28 11:11:48,Produto Destaque,True
