id_cliente,nome_cliente,sobrenome_cliente,email_cliente,telefone_cliente,ramal_cliente,genero_cliente,data_nascimento_cliente,data_cadastro_cliente,endereco_cliente,cidade_cliente,estado_cliente,pais_cliente,origem_cliente
2e3d574b-57eb-4418-a778-9e84c7654689,Alan,Menezes,alan_menezes@1.com.br,(75) 9000-2424,3019,Masculino,1975-05-20,2021-10-30,639 Jennifer Creek,Salvador,Bahia,Brasil,Web
4375cc64-a523-46b9-a87b-a34e5be6c014,Flavia,Dias,flavia_dias@hotmail.com,(86) 0319-5667,4475,Feminino,1980-12-18,2022-09-29,52798 CALEB MEADOW APT. 352,Camaçari,Bahia,Brasil,Indicação
799232a9-ef75-4215-baeb-21e7a007d57c,Renan,Otero,renan331@hotmail.com,(85) 2630-7452,null,Masculino,1998-03-14,2023-01-06,71826 Timothy Mills,Joaquim Nabuco,Pernambuco,Brasil,Web
81d2afca-7f70-4906-acea-6a88b2609133,Hannah,Costa,hannah_costa@hotmail.com,(82) 0242-0982,544,Feminino,1967-09-09,2018-10-21,6952 Carol Hills Apt. 762,Goiânia,Goiás,Brasil,App
3711e720-6790-4915-9cda-a8759f7bf60d,Pedro,Quaresma,pedro_quaresma@gmail.com,(87) 8484-2580,49768,Masculino,1961-05-20,2023-12-19,923 Ryan Prairie,Guarulhos,São Paulo,Brasil,Web
84a527bb-a443-47b6-89b4-78c9d8b1550f,Wesley,Serrano,wesley.serrano195@1.com,(87) 1570-2726,null,Masculino,1999-08-12,2021-07-05,975 Roberts Grove Suite 836,São Paulo,São Paulo,Brasil,Web
d9f437ed-e8d7-4707-93cc-c82bf1adc593,Julia,Queiroz,julia681@1.com,(81) 4411-3387,4007,Feminino,1990-01-31,2023-07-29,1511 Williams Ferry Suite 056,Marcelândia,Mato Grosso,Brasil,Web
bf2d0191-200c-47a1-b71c-e50204edc39e,Murilo,Evangelista,murilo266@hotmail.com,(19) 8558-5795,53928,Masculino,1979-04-19,2021-04-06,1277 Miranda Stream Suite 375,Sumaré,São Paulo,Brasil,App
a7696c15-38ff-475d-8e3b-63c8c288f0cc,Zelinda,Amorim,zelinda541@hotmail.com,(92) 3737-9066,47062,Feminino,1980-01-12,2021-08-28,91423 Richard Branch Apt. 837,Itupiranga,Pará,Brasil,App
b06ff84e-3a74-4996-8323-e9ebc2273e48,Maria,Garcia,mgarcia538@yahoo.com,(87) 3421-5907,null,Feminino,1984-05-04,2022-05-30,9667 Butler Curve Suite 612,Mauá,São Paulo,Brasil,Web
08989252-01bd-4d64-bb0f-f94aa4ce3815,Denise,Martins,denise316@yahoo.com,(91) 0106-6859,1865,Feminino,1983-09-19,2021-11-11,0570 Callahan Cape,Arapiraca,Alagoas,Brasil,Web
40a906db-855d-47bd-a34d-544d7827b8ce,Gerson,Prado,gerson.prado520@gmail.com,(86) 4176-1733,36090,Masculino,1997-04-21,2022-01-01,409 Ann Way,Paraibuna,São Paulo,Brasil,Web
bae5448e-6d53-4509-a106-a38899534f34,Carla,Queiroz,carla_queiroz@hotmail.com,(69) 6410-6841,null,Feminino,1962-03-20,2021-07-21,8604 Dawson Springs Apt. 253,Poxoréu,Mato Grosso,Brasil,Web
b4d756a5-1bdb-436b-ad36-18c55b3bac9c,Bernardo,Zampieri,bernardo.zampieri175@yahoo.com,(15) 9876-2839,05214,Masculino,1998-11-29,2024-01-04,0424 Dixon Loop Apt. 776,Pingo-d'água,Minas Gerais,Brasil,Web
27dba3dd-b69d-4a54-bcf6-db2462594a63,Tadeu,Ferreira,tadeu.ferreira@gmail.com,(87) 4629-2707,null,Masculino,1980-03-04,2022-09-13,9752 Brady Expressway,Ipixuna,Amazonas,Brasil,Web
58c39f8e-4445-4ac4-8a1c-bb46a379bb51,Nicolas,Ferreira,nicolas_ferreira@1.com.br,(89) 7372-6414,514,Masculino,1998-06-12,2019-06-21,1129 Owens Station,Pará,Itupiranga,Brasil,Web
0326f62f-ed1d-4235-9a8a-0583ee23f52d,Miguel,Ferreira,miguel_ferreira@,(89) 4414-8658,71458,Masculino,1974-07-12,2021-08-05,77201 Wells Glen Apt. 034,Mauá,São Paulo,Brasil,Indicação
494a0df9-9a52-4162-8409-c9c06504cd1d,Patricia,Domingues,patricia.domingues385@yahoo.com,(88) 2516-3593,null,Feminino,1975-03-12,2023-04-19,610 Lopez Ways,Nova Colinas,Maranhão,Brasil,Web
8197383f-e9eb-492b-b317-ad2e9303fc7a,Gerson,Pereira,gpereira493@hotmail.com,(85) 4393-6131,null,Masculino,2004-04-22,2021-03-16,5061 Jackson Union Apt. 119,Curitiba,Paraná,Brasil,Web
07777c4a-8163-478c-8fae-f7a7a0497d1f,Caio,Orozco,corozco203@yahoo.com,(93) 1853-3879,null,Masculino,1994-09-22,2019-05-08,1145 Jones Track Suite 957,Saquarema,Rio De Janeiro,Brasil,Indicação
73e21cd9-e0e5-429e-918a-bfde56bc9c29,Paulo,Lopes,paulo.lopes@gmail.com,(93) 3933-9738,3477,Masculino,2005-11-04,2022-02-04,63394 Jimenez Crossing Suite 333,Nossa Senhora De Nazaré,Piauí,Brasil,Indicação
9e074f6b-aa5d-4741-bd4f-32759a254156,Cristiano,Cavalcanti,cristiano_cavalcanti@yahoo.com,(13) 4879-0633,916,Masculino,1982-02-18,2020-03-10,1384 Young Village Apt. 291,Tucuruí,Pará,Brasil,Web
3bfe3f46-23da-4874-a266-fdb9dce82c37,Veronica,Guimarães,veronica.guimaraes860@hotmail.com,(84) 8022-0755,955,Feminino,2003-02-17,2018-07-10,2064 Stafford Crest Apt. 227,Olinda,Pernambuco,Brasil,Web
06bad691-df33-4763-9f37-e833e514f69b,Yara,Andrade,yara_andrade@gmail.com,(91) 5872-0666,7251,Feminino,1979-06-18,2019-02-16,71406 Christopher Squares,Pedro De Toledo,São Paulo,Brasil,Web
626a8aa1-a1a3-4c97-a307-23cf32a808ad,Wagner,Vargas,wagner506@yahoo.com,(71) 5211-2123,2783,Masculino,1992-03-16,2023-03-09,74525 Walton Alley Apt. 208,Atibaia,São Paulo,Brasil,Indicação
85051b9e-3cf2-4176-a27a-fa03af601a81,Francielly,Prado,francielly_prado@yahoo.com,(89) 8424-5738,8309,Feminino,1992-02-23,2020-03-28,014 Campos Viaduct Apt. 360,Maria Helena,Paraná,Brasil,App
68787ec2-3b03-41d5-b52d-fa89fc9f196d,Yasmin,Pereira,yasmin.pereira460@yahoo.com,(74) 1555-6901,86829,Feminino,1960-03-16,2022-09-29,13640 Pruitt Rue,Peabiru,Paraná,Brasil,App
45e44167-6803-4d9f-903b-f65b199fb1ff,Rafaela,Torres,rafaela.torres@yahoo.com,(95) 2775-4892,00862,Feminino,2006-12-25,2021-06-24,770 Lewis Court,Armazém,Santa Catarina,Brasil,Web
580f2567-f363-4d9a-be11-2c3330bf4b71,Miguel,Souza,miguel476@gmail.com,(86) 6067-8234,null,Masculino,1978-09-22,2024-10-28,32496 Nathan Drive Apt. 968,São Paulo,São Paulo,Brasil,Web
06fecdff-0019-4ee0-90f6-bfa6f0d82519,Jefferson,Godoy,jefferson.godoy@yahoo.com,(77) 2381-4062,41565,Não Informado,1996-01-15,2021-03-25,212 Velasquez Neck,São Caetano Do Sul,São Paulo,Brasil,Web
b613fabf-3246-4409-9189-0b4492091ef0,Celso,Garcia,celso.garcia@yahoo.com,(49) 2002-0085,null,Masculino,1987-10-08,2021-05-09,6683 Bullock Divide,Guarulhos,São Paulo,Brasil,Web
dca66c93-b65b-4a41-8e03-719346b1b898,Camila,Drummond,camila976@yahoo.com,(83) 7157-4471,25226,Feminino,2015-03-16,2019-07-17,8321 Margaret Fort,Barretos,São Paulo,Brasil,Web
9412a9b3-7aa4-4485-bb73-bef979a6f935,Fernanda,Wanderley,fernanda.wanderley@hotmail.com,(77) 1790-4106,null,Feminino,1983-06-14,2024-09-25,4905 York Village,Junco Do Seridó,Paraíba,Brasil,Web
dc50d6ac-ffcf-499d-85e1-f9df4250c1f3,Leandro,Alves,lalves458@hotmail.com,(84) 8990-1920,85068,Masculino,1983-08-07,2019-03-18,168 Nicholas Forges Apt. 082,Rio Verde,Goiás,Brasil,App
40638f84-b69d-46e5-92c8-8f19f931265d,Nicole,Sampaio,nicole561@gmail.com,(97) 9186-4257,null,Feminino,1992-11-14,2019-06-17,4075 SARA LOCKS,Carapicuíba,São Paulo,Brasil,Web
f1b3142a-9e3d-410a-863e-7542a626bf57,Plinio,Xisto,plinio886@hotmail.com,(74) 3183-1842,88741,Masculino,1965-12-18,2020-02-08,4408 Erin Knoll Apt. 053,Uberlândia,Minas Gerais,Brasil,App
666e1799-c560-4c6e-891f-db7d491b1b98,Kelly,Yamamoto,kyamamoto678@yahoo.com,(65) 4331-3407,969,Feminino,1998-08-07,2020-06-18,2648 Andrew Gardens,Brasília,Distrito Federal,Brasil,Web
d441c9c8-d3d7-4e45-95ac-784d823b6d13,Penelope,Kuhn,penelope.kuhn300@yahoo.com,(97) 8092-7219,null,Feminino,1986-11-16,2019-10-04,957 Steele Square Apt. 405,Franca,São Paulo,Brasil,App
1cbe42d3-d0bc-4de0-8bdb-3995e2168cd2,Lucas,Amorim,lucas_amorim@yahoo.com,(86) 8652-8127,08640,Masculino,2005-12-28,2024-11-14,02717 Daniel Coves,Camaragibe,Pernambuco,Brasil,Web
a4ba8cda-740e-4694-8c0e-ed19eb9a5d1a,Tiago,Coelho,tiago_coelho@hotmail.com,(12) 3499-4835,null,Masculino,1979-08-03,2022-11-25,710 Gonzalez Circles,Embu Das Artes,São Paulo,Brasil,Web
72c4717c-fef3-4e04-af4e-f843c6473171,Ana,Viana,aviana543@1.com,(74) 6421-4430,null,Feminino,1976-08-06,2022-06-20,514 Ward Mill Apt. 429,Assis,São Paulo,Brasil,Web
7231ff8d-cbf7-44ee-9ced-b685d8735881,Tania,Maciel,tmaciel198@gmail.com,(83) 4639-7920,null,Feminino,1997-10-11,2022-11-22,439 Brennan Port,Boa Vista,Roraima,Brasil,Web
b02950c9-4978-4423-8ffd-3d0e43293d73,Elias,Oliveira,elias.oliveira675@gmail.com,(83) 3520-2858,797,Masculino,1971-01-06,2022-09-19,8822 Ryan Lodge,Atibaia,São Paulo,Brasil,Web
6e2e9433-b50c-404b-9605-40963620b38d,Berenice,Evangelista,berenice616@gmail.com,(84) 2192-0775,null,Feminino,1992-07-19,2018-10-18,5392 Eddie Freeway,São José Do Rio Preto,São Paulo,Brasil,Web
e4669fc4-cdc2-4652-aad3-2f5c139c2172,Eduardo,Iglesias,eduardo_iglesias@hotmail.com,(12) 9635-5692,741,Masculino,1969-01-25,2020-10-30,2866 Ruth Mission Suite 254,Caraá,Rio Grande Do Sul,Brasil,Web
599d68c6-4a2b-49e1-b778-a84ce6e72477,Ester,Lopes,ester.lopes940@gmail.com,(91) 6516-9921,null,Feminino,1988-12-01,2020-05-03,522 Grant Isle,Antônio Carlos,Minas Gerais,Brasil,Web
696c74c7-554d-4fea-a2ae-b86e57a347bb,Helena,Souza,helena456@yahoo.com,(11) 9644-6927,57684,Feminino,1994-02-22,2019-10-29,455 Nathaniel Alley,Mallet,Paraná,Brasil,Web
677e9853-222f-4949-b40a-f74ebc6c871c,Elias,Hora,elias_hora@hotmail.com,(92) 3543-9927,7213,Masculino,1990-10-17,2021-11-01,00034 Murray Prairie,Videira,Santa Catarina,Brasil,Web
4735ad54-02dd-4bfc-9473-f572ed4a630e,Sandra,Horta,sandra_horta@hotmail.com,(87) 6244-7209,201,Feminino,1995-07-25,2022-02-20,93934 Clark Parkways Suite 442,Ponta Grossa,Paraná,Brasil,App
f1843ec7-a5af-41ad-8042-850ddc18262f,Artur,Rocha,artur_rocha@gmail.com,(94) 7884-4713,null,Masculino,2001-03-27,2020-08-16,214 Victoria Manors,Balneário Camboriú,Santa Catarina,Brasil,Indicação
0f55d0ec-7ec6-4b86-ad39-62101f07dbb7,Eduarda,Wanderley,eduarda.wanderley910@yahoo.com,(89) 9183-5460,062,Feminino,1980-04-26,2018-10-16,247 Jennifer Light,Osasco,São Paulo,Brasil,Web
d45d0832-8673-4212-8b64-12428ec6d2f2,Ruan,Domingues,ruan.domingues@hotmail.com,(83) 6611-1534,4610,Masculino,1993-03-18,2022-05-08,09159 Tim Haven,São Paulo,São Paulo,Brasil,Web
6beec799-fa5d-42d1-aad4-0868188b913d,Viviane,Uchoa,viviane.uchoa@gmail.com,(75) 5601-1248,1495,Feminino,1971-12-18,2018-11-04,41060 Cross Mall Apt. 225,Cruz Machado,Paraná,Brasil,App
46f3a26c-b9c3-47ee-8ab3-425d357fb922,Adriana,Tobias,adriana_tobias@1.com.br,(79) 1312-8945,64378,Feminino,1972-07-15,2023-06-14,5326 Horn Summit,São Carlos,São Paulo,Brasil,Web
097e6235-ce30-4604-837a-0a26ce0bbdf9,Beatriz,Gomes,beatriz.gomes245@hotmail.com,(93) 1423-2893,null,Feminino,1991-11-30,2023-05-16,87905 Cassandra Heights,Espírito Santo,Rio Grande Do Norte,Brasil,App
5ffe6c9d-516b-4c1d-835e-a1f8863d6772,Hannah,Godoy,hannah_godoy@hotmail.com,(89) 4062-5767,null,Feminino,1986-09-27,2022-02-24,97649 Charles Rest,Caruaru,Pernambuco,Brasil,App
1535ea2c-8eed-4be3-a86c-99347d38372c,Simone,Lacerda,simone_lacerda@cliente3729.com,(14) 9957-7523,854,Feminino,1989-06-28,2022-12-16,02670 Ashley Court Suite 405,Rio Grande Da Serra,São Paulo,Brasil,Web
2684097f-8570-4f2e-8400-8d33fa7eb90b,Jaqueline,Domingues,jdomingues488@gmail.com,(71) 6275-0802,30434,Feminino,1987-12-12,2019-09-23,0234 Dorsey Lights Apt. 250,Belém,Pará,Brasil,Web
cdb3efd4-b5ba-48e3-9ea9-aba1aaa03615,Mariana,Miranda,mariana.miranda210@hotmail.com,(93) 6286-9524,null,Feminino,1984-07-18,2022-02-09,31601 Rachel Glen,Araraquara,São Paulo,Brasil,Web
96cc749f-34b2-45d4-b325-09b7609e0c45,Guilherme,Franco,guilherme_franco@hotmail.com,(83) 6323-5401,1120,Masculino,1979-08-31,2021-10-06,27486 Lewis Coves Suite 074,Betim,Minas Gerais,Brasil,App
88a8cde6-b526-468d-abaa-52aa32339b64,Wanessa,Souza,wanessa_souza@hotmail.com,(83) 3145-6259,944,Feminino,1983-10-08,2022-01-07,059 Barton Ford,São Paulo,São Paulo,Brasil,Web
4c6a3530-f075-4558-aced-06a877a71fb5,Celso,Coelho,celso331@yahoo.com,(96) 6743-7084,60660,Masculino,1991-02-07,2018-02-16,56090 Navarro Crossroad Suite 369,Sapiranga,Rio Grande Do Sul,Brasil,App
8d27663a-7558-460a-a910-ed8a4f12f912,Cintia,Esteves,cintia_esteves@hotmail.com,(86) 4275-2197,287,Feminino,1992-06-30,2022-05-11,2388 Gonzalez Corners,Perdizes,Minas Gerais,Brasil,App
548eb0d0-2217-4bcb-8a5e-7683c540f9fa,Paula,Campos,paula.campos175@hotmail.com,(82) 5440-5267,53959,Feminino,1989-01-23,2020-03-30,2180 Tina Mountain,São Paulo,São Paulo,Brasil,Web
b3bd297c-448c-4f98-a33c-f02ae639125a,Thaisa,Carvalho,thaisa_carvalho@gmail.com,(92) 8707-3750,null,Feminino,1978-10-15,2020-09-16,66091 Porter Plains Suite 676,Cristalina,Goiás,Brasil,Web
31e8838d-b54e-49cc-b6a4-8b88b8c8e742,Everton,Yamamoto,eyamamoto953@gmail.com,(97) 6872-3938,936,Masculino,1979-02-10,2018-04-23,13403 Emily Village Apt. 847,Junqueiro,Alagoas,Brasil,Web
61e99dea-26d2-456d-83db-074b47bceaf6,Francielly,Guerra,francielly_guerra@hotmail.com,(92) 4294-7704,null,Feminino,1998-10-12,2019-10-17,2361 Larsen Street,Camboriú,Santa Catarina,Brasil,App
48409880-01cf-4053-9106-048c84372d81,Daniel,Domingues,daniel_domingues@gmail.com,(14) 3989-4556,4158,Masculino,1981-12-16,2019-06-09,403 Elizabeth Ports,Ouricuri,Pernambuco,Brasil,Web
6181c12b-ff51-4330-a95a-f1f00b8eeb63,Nilton,Alves,nilton381@yahoo.com,(81) 3290-5168,651,Masculino,1996-04-10,2022-06-06,05045 Rebecca Club Apt. 465,Rio De Janeiro,Rio De Janeiro,Brasil,Indicação
9d817421-b6b8-48cc-b6b3-cefc3e5c7c74,Osmar,Evangelista,osmar.evangelista@gmail.com,(87) 2226-4666,6046,Masculino,1964-04-25,2021-08-21,19473 Koch Mount,Foz Do Iguaçu,Paraná,Brasil,Indicação
788ded9e-db69-4f19-bfee-c23e7c71818f,Xuxa,Nogueira,xuxa591@hotmail.com,(82) 0210-9545,null,Feminino,2017-12-09,2018-03-16,9023 Roberts Springs,Itaboraí,Rio De Janeiro,Brasil,Web
b1d563c9-7b28-438d-9af8-cfeaf1200fa6,Kevin,Guerra,kguerra348@yahoo.com,(86) 6140-1879,7831,Masculino,1999-04-26,2020-05-02,68825 Charles Overpass Apt. 634,Presidente Getúlio,Santa Catarina,Brasil,Web
ea4e8685-9cda-432f-aa79-0277cca0dcab,Wendell,Inocencio,wendell911@yahoo.com,(11) 1707-6549,90578,Masculino,1990-09-18,2022-03-10,94056 Robert Heights,Sobral,Ceará,Brasil,App
b9ff1f01-cb76-4b08-9b4b-107b8e534797,Adriana,Luz,adriana.luz460@yahoo.com,(84) 3720-2965,015,Feminino,1985-08-17,2018-03-20,065 Vicki Via,Brasília,Distrito Federal,Brasil,Web
3f5ad3a2-00af-4d74-bd8e-5b58710918dc,Sabrina,Bessa,sabrina_bessa@hotmail.com,(91) 2736-9183,207,Feminino,1981-10-23,2023-04-04,134 Doyle Mountains,Cotia,São Paulo,Brasil,App
102d9c80-4cab-4aea-a79b-e24230424821,Flavio,Correia,flavio381@yahoo.com,(17) 2955-8397,null,Masculino,1986-12-09,2022-11-10,0249 Winters Prairie,Paranavaí,Paraná,Brasil,App
61221290-0b30-45d9-a58c-5699c90bfb9d,Beatriz,Yokoyama,byokoyama508@hotmail.com,(95) 2466-4867,null,Feminino,1979-05-16,2022-01-22,636 Meghan Point Apt. 741,Brasília,Distrito Federal,Brasil,Web
65e26f3e-d53b-4399-9c7b-66b9db3b0f40,Ivan,Queiroz,iqueiroz418@gmail.com,(99) 2147-6657,68614,Masculino,1965-03-18,2021-03-15,42575 Aaron Fields Suite 760,São Paulo,São Paulo,Brasil,Web
257f5f81-be57-4669-85f8-920279426def,Raquel,Werneck,raquel.werneck650@yahoo.com,(12) 9787-6442,918,Feminino,1997-10-09,2021-09-18,4109 Amber Cliffs Apt. 621,Jaboatão Dos Guararapes,Pernambuco,Brasil,Web
6a1e3aea-6c33-4248-b5e1-d8c9ebba972f,Wesley,Nagata,wesley_nagata@gmail.com,(74) 2301-4630,5451,Masculino,1980-07-07,2024-02-07,40708 Andrew Walk Suite 821,Barra Do Bugres,Mato Grosso,Brasil,Indicação
eaae2c5a-67f5-4a48-87c3-d77109746646,Lucas,Figueiredo,lucas166@yahoo.com,(15) 3875-8848,8305,Masculino,1981-11-02,2020-04-21,0851 Thomas Village,Bahia,Salvador,Brasil,Web
93253759-86b5-4e71-ae51-ba0c752b174b,Tereza,Neves,tereza_neves@yahoo.com,(93) 2477-9091,7953,Feminino,1971-11-01,2018-09-17,373 Dillon Oval,São Leopoldo,Rio Grande Do Sul,Brasil,Web
71114b8a-a20e-46dc-99a6-d828f38f1e3e,Veronica,Dias,vdias543@hotmail.com,(68) 4525-2154,627,Feminino,1991-08-26,2023-07-10,0198 Thomas Alley Apt. 126,Lagoa De Dentro,Paraíba,Brasil,Web
4f93babc-bbd8-44b6-9e73-764604b61b22,Barbara,Otero,barbara.otero960@yahoo.com,(86) 9156-7463,null,Feminino,2006-12-05,2022-09-15,900 Robert Fall Suite 951,Várzea,Rio Grande Do Norte,Brasil,Web
cc0f1236-bb93-4add-b52b-c07c096a3980,Francielly,Ulhoa,francielly576@hotmail.com,(91) 1808-2294,null,Feminino,1995-05-14,2019-10-22,0507 Little Mews,São Paulo,São Paulo,Brasil,Web
bb7ef857-5f08-4cf4-b5af-97cb2c0050b8,Noemi,Ortiz,noemi371@1.com,(71) 4108-6262,797,Feminino,1972-07-14,2021-08-11,60815 Jennifer Pike,São Paulo,São Paulo,Brasil,App
6970ab99-78ab-4be7-b635-83ce4ee76e52,Nicolas,Queiroz,nicolas_queiroz@1.com.br,(86) 4579-1204,69301,Masculino,1992-05-06,2021-04-28,32925 Lee Overpass,Araguatins,Tocantins,Brasil,Web
589cd870-64f8-4ace-bac0-fd342023eac7,Melissa,Nagata,melissa_nagata@yahoo.com,(34) 9858-6948,476,Feminino,1999-04-09,2018-10-10,3338 Henry Rest Suite 854,Recife,Pernambuco,Brasil,Web
f14ee1bc-24aa-4c4f-aa52-5a12ef0ef010,Sandra,Xerez,sandra.xerez425@gmail.com,(85) 7222-3098,null,Feminino,1997-02-12,2019-04-06,70368 Aguirre Isle,Teresina,Piauí,Brasil,App
1fd5937f-e782-4321-aaba-1b78c9802526,Marcelo,Viana,marcelo_viana@hotmail.com,(88) 9598-7100,5880,Masculino,1980-02-13,2024-10-07,746 Jennifer Rapid Suite 077,Valença,Bahia,Brasil,Web
894c31f0-0b60-496e-a2ca-a190ffe84e52,Nadia,Moura,nadia_moura@yahoo.com,(87) 2578-0772,null,Feminino,1988-02-29,2022-08-06,75632 Griffin Trafficway,Carinhanha,Bahia,Brasil,App
21a1b1c8-7ebb-4546-a2c0-08d535d5a135,Amelia,Siqueira,amelia.siqueira130@hotmail.com,(89) 6307-8067,6051,Feminino,1976-08-03,2022-12-28,1511 Holt Street Apt. 730,São Paulo,Porto Ferreira,Brasil,Web
992ae8b5-68fb-4b41-a9ad-51467518ea33,Daniela,Siqueira,daniela856@yahoo.com,(82) 5740-5109,05164,Feminino,1991-06-28,2020-06-19,759 Williams Viaduct Apt. 428,Patos,Paraíba,Brasil,Web
7bab46bd-63b5-43d1-8126-8d971f99214d,Soraya,Neves,soraya.neves780@yahoo.com,(88) 3768-0824,4031,Feminino,2020-09-05,2022-06-06,2520 Robert Orchard,Conselheiro Lafaiete,Minas Gerais,Brasil,Indicação
160efcb2-33ca-41b1-b968-a2725b47c3d1,Melissa,Ortiz,melissa.ortiz@1.com.br,(88) 1876-7507,3144,Feminino,1974-11-08,2022-12-23,6211 Stephens Skyway Apt. 901,Iracema,Roraima,Brasil,App
326c19e1-2c75-48f0-be94-05cd078b4789,Leticia,Alves,leticia.alves635@hotmail.com,(86) 8235-7610,561,Feminino,1998-06-10,2022-10-22,4142 Weaver Extensions Suite 744,Crixás,Goiás,Brasil,Web
0c7d56a7-3658-485b-a780-331e44b0ca82,Yonatan,Duarte,yonatan746@yahoo.com,(95) 3572-2679,5376,Masculino,1967-01-29,2018-02-26,93483 Lisa Unions,Lauro De Freitas,Bahia,Brasil,Web
ba76860c-67dd-42ad-a902-c4852595d69b,Tiago,Serrano,tiago151@gmail.com,(87) 8846-7102,null,Masculino,2006-11-13,2019-06-25,5579 White Mews,São Paulo,São Paulo,Brasil,Web
8b2eebcf-7489-464a-b78e-739b1479b5d8,Maria,Martins,mmartins383@yahoo.com,(77) 3291-3572,9860,Feminino,2001-02-27,2023-05-20,594 Carolyn Forks,Avanhandava,São Paulo,Brasil,Web
1ec1592e-c23e-44a4-b22e-eec0f2e4f24d,Alexandre,Ribeiro,aribeiro108@gmail.com,(82) 0994-1225,null,Masculino,1974-02-27,2022-12-18,4716 Mcdonald Key Apt. 996,Sumaré,São Paulo,Brasil,Web
60239b8d-ebda-4a95-b7b5-295328afcf05,Kelly,Nogueira,kelly_nogueira@gmail.com,(88) 5529-1557,0886,Feminino,1992-01-21,2024-02-12,82308 Butler Road,Catalão,Goiás,Brasil,Web
4310a76b-f4df-4143-b3d5-85197ff45565,Carolina,Lacerda,carolina.lacerda@hotmail.com,(89) 3880-4283,1131,Feminino,1974-09-20,2020-12-04,915 Kimberly Springs,Juiz De Fora,Minas Gerais,Brasil,Web
6862ae50-ecb4-491a-a078-e4c43064f0f1,Patricia,Lima,patricia.lima925@yahoo.com,(86) 0010-8488,266,Feminino,1996-03-03,2022-06-30,766 Thompson Port Suite 441,Eldorado,São Paulo,Brasil,Web
b18f58a0-adef-49a2-9a81-ea870bc82086,Nathalia,Martins,nmartins783@yahoo.com,(91) 2208-7609,120,Feminino,1997-11-15,2019-07-20,36196 Allen Rue Apt. 834,Colatina,Espírito Santo,Brasil,App
d24b218d-f45a-4ef3-aa3e-7cc64f5c0c60,Ingrid,Henriques,ingrid.henriques@gmail.com,(95) 8452-4482,3743,Feminino,1960-08-16,2020-12-30,1242 Roberts Valleys Suite 861,Três Lagoas,Mato Grosso Do Sul,Brasil,App
f2406c2d-7131-4627-a385-765628898cc4,Mauro,Batista,mauro.batista@hotmail.com,(97) 3674-7883,7596,Masculino,1985-10-12,2023-11-30,4844 Powers Court,Vitória De Santo Antão,Pernambuco,Brasil,Web
9685e5ef-c43f-4229-84dc-c7ede8ee50ed,Valter,Freitas,valter386@gmail.com,(73) 0122-9604,27840,Masculino,1992-12-26,2018-05-05,490 Gabriella Divide,Itu,São Paulo,Brasil,Web
644751ac-132e-4b12-820f-53ef2ca05413,Nicolas,Fonseca,nfonseca163@hotmail.com,(77) 1426-5571,null,Masculino,1986-02-03,2018-11-17,22963 Payne Falls Suite 008,Costa Rica,Mato Grosso Do Sul,Brasil,Web
bc72f013-8189-470a-8f79-9d56a79432ad,Sergio,Inocencio,sinocencio893@gmail.com,(46) 0300-0150,0179,Masculino,1983-03-21,2021-03-18,2123 Myers Field,Guarulhos,São Paulo,Brasil,Web
4ade0a23-bdfd-42f6-acc0-230f53b21444,Julia,Franco,julia951@yahoo.com,(81) 5233-3309,1804,Feminino,2000-12-16,2021-05-24,061 Madeline Rapids,Parnaguá,Piauí,Brasil,App
202f6005-d6de-4cbb-898c-bd53a5ee631f,Rodrigo,Nogueira,rodrigo_nogueira@gmail.com,(11) 6382-3879,32636,Masculino,1979-04-10,2019-11-11,695 Gary Mission Apt. 863,Osório,Rio Grande Do Sul,Brasil,App
73944de3-dbac-4ffd-bc85-041fe3b831aa,Alan,Junqueira,alan_junqueira@yahoo.com,(66) 3412-4043,141,Masculino,1983-04-21,2022-01-13,496 Rogers Hill Suite 184,Fortaleza,Ceará,Brasil,Web
9f275d01-f8b4-4fac-b009-0e7575b6f5e4,Yonatan,Moura,yonatan_moura@gmail.com,(93) 5109-7826,493,Masculino,1992-03-04,2021-04-27,56488 John Crescent,Bom Jesus Do Galho,Minas Gerais,Brasil,App
3e6d66a9-5844-40a9-b516-015bbaaf8ec1,Veronica,Junqueira,veronica.junqueira830@hotmail.com,(11) 4490-9607,null,Feminino,1992-02-13,2024-12-02,75239 Mark Centers Apt. 023,Mata De São João,Bahia,Brasil,Web
2c98dc6b-7f96-4c4a-84e1-4a330095a0a2,Adriana,Macedo,amacedo338@cliente6345.com,(85) 4348-4264,null,Feminino,1987-12-10,2019-04-09,83399 Lawrence Coves,Fazenda Rio Grande,Paraná,Brasil,Web
69ef5d0c-5a2f-4abd-9cf9-189930f1601f,Thaisa,Ortiz,thaisa_ortiz@hotmail.com,(77) 0324-2760,547,Feminino,1988-01-10,2018-02-12,0507 Knight Cliffs Suite 000,São Paulo,São Paulo,Brasil,App
fffe23af-9929-486c-88b4-4b62e2433502,Amelia,Evangelista,amelia_evangelista@hotmail.com,(93) 7803-6863,null,Feminino,2000-03-21,2021-06-04,308 Christine Rue Apt. 470,Jequitibá,Minas Gerais,Brasil,App
abf9f5a4-18de-49e7-8989-97cdd149c09d,Daniela,Viana,dviana368@yahoo.com,(95) 3248-6545,null,Feminino,1994-02-27,2019-07-28,355 Christopher Falls Suite 782,Codajás,Amazonas,Brasil,Web
82172f80-5f70-435c-96a7-7bd17661a4b5,Nicole,Ribeiro,nicole.ribeiro790@gmail.com,(83) 0754-2555,901,Feminino,1977-04-19,2018-06-08,5135 Johnson Terrace,Manhuaçu,Minas Gerais,Brasil,App
101117d9-fb2a-4ed5-9e73-13e660e2debb,Ursula,Torres,ursula.torres@hotmail.com,(68) 3334-1117,991,Feminino,1991-11-11,2022-04-27,5852 Rodriguez Viaduct Apt. 590,Salvador,Bahia,Brasil,Web
5c517e34-0837-4370-bc69-7313bd3cccab,Edson,Esteves,edson.esteves890@hotmail.com,(77) 5139-4570,31037,Masculino,1986-10-08,2018-12-10,484 Foster Grove,Rio De Janeiro,Rio De Janeiro,Brasil,App
6155f556-3c92-4f40-b14b-4ee0548d5ba6,Maria,Duarte,maria_duarte@hotmail.com,(13) 9848-8294,06825,Feminino,1998-06-10,2022-04-26,216 Laurie Cliffs,Angra Dos Reis,Rio De Janeiro,Brasil,Web
51b58752-a85b-43cb-9763-d344572aa847,Elias,Lopes,elias.lopes@gmail.com,(91) 3900-9344,50580,Masculino,1988-06-05,2019-04-11,7289 Duncan Summit,Viana,Maranhão,Brasil,App
3cc7353e-5a0c-47e6-a506-46036323216f,Maria,Amorim,mamorim293@gmail.com,(98) 1976-5697,null,Feminino,1995-09-14,2021-07-20,00164 Wright Fork Suite 002,Manaus,Amazonas,Brasil,Indicação
49cfcd1b-32a0-4f78-b13f-41a356ad64d3,Herbert,Freitas,herbert.freitas310@yahoo.com,(79) 3423-3809,207,Masculino,1993-06-04,2021-03-04,473 Cooke Lakes,Diadema,São Paulo,Brasil,App
5b234bdf-8483-4a79-8f04-eb48161f89b3,Fernanda,Domingues,fernanda.domingues@yahoo.com,(27) 8819-7839,null,Feminino,1991-11-28,2018-10-21,1971 Mark Springs,Bacabal,Maranhão,Brasil,Web
bf06007d-f3d9-4d88-af0f-6bad178593a1,Ester,Yamamoto,ester_yamamoto@hotmail.com,(79) 6104-9730,744,Feminino,1983-12-21,2021-01-03,858 Curtis Center Apt. 959,Vitória Da Conquista,Bahia,Brasil,App
ab73f05c-07ea-424e-8e59-f580bd0b5d12,Zelia,Jesus,zelia181@gmail.com,(75) 1171-6092,72116,Feminino,1984-05-28,2020-08-16,098 Eric Gardens,Rio De Janeiro,Rio De Janeiro,Brasil,Web
f6b48557-3693-43ed-87f1-42f9f497de8d,Paloma,Teixeira,pteixeira883@1.com,(94) 9393-2269,null,Feminino,1974-05-03,2021-08-02,94153 Huff Stream,Araçatuba,São Paulo,Brasil,Web
d1cb96eb-be60-46bb-970c-51b9ae3c537e,Silas,Nascimento,silas.nascimento685@gmail.com,(85) 7261-2791,65976,Masculino,2006-06-02,2022-09-24,5799 Andrea Avenue,São Jerônimo,Rio Grande Do Sul,Brasil,Web
87905902-1482-424b-8df9-454999c69449,Larissa,Correia,larissa.correia870@1.com,(91) 7600-7384,null,Feminino,1975-04-14,2019-05-06,33770 Young Views,Maripá,Paraná,Brasil,App
132536e4-2446-4f80-a675-3c15acb11b17,Leonardo,Costa,leonardo_costa@gmail,(83) 8261-4249,6892,Masculino,1971-04-09,2023-10-23,3859 Taylor Station Suite 302,Piúma,Espírito Santo,Brasil,Web
120700ca-4168-49d7-a16f-ac9cb44d2a76,Tania,Cunha,tania.cunha880@yahoo.com,(99) 0688-9499,null,Feminino,2001-09-16,2018-06-08,09530 Briana Track Apt. 639,Rio De Janeiro,Rio De Janeiro,Brasil,App
d1e89c99-dd92-494c-8ece-67d9e0f4fa5b,Hilton,Neto,hilton_neto@gmail.com,(91) 9288-3123,839,Masculino,1989-08-31,2018-10-27,4729 Dylan Pines Apt. 516,São José,Santa Catarina,Brasil,Web
b3b76e0a-abc5-4cbd-88e4-5bfbd4aed503,Xisto,Lopes,xlopes273@yahoo.com,(11) 3397-8944,39688,Masculino,1964-02-05,2022-08-01,942 David Square Suite 986,Ipecaetá,Bahia,Brasil,Web
31b32ca2-e2db-4223-87c0-acb17bfd9ed1,Bruna,Ornelas,bruna_ornelas@yahoo.com,(13) 6953-7753,47662,Feminino,1984-02-12,2021-01-30,601 Graham Club Suite 486,Paulista,Pernambuco,Brasil,App
cd55e3c6-75bc-41ae-9903-26dfddefaead,Sergio,Barbosa,sbarbosa498@yahoo.com,(69) 4013-5083,6913,Não Informado,1982-03-06,2019-04-14,3342 Ware Squares,Piên,Paraná,Brasil,App
6954e3c0-d7d5-4027-9554-60e4644f8cab,Wendeline,Silva,wendeline731@hotmail.com,(86) 1421-3574,79663,Feminino,1955-12-15,2022-07-19,4109 Jessica Land,União,Piauí,Brasil,App
df1adb6d-d6bd-459f-bc86-cc430a9a2d7b,Gloria,Garcia,gloria.garcia@gmail.com,(63) 3045-3242,null,Feminino,1982-12-28,2021-03-25,478 Graham Trail Suite 305,Domingos Martins,Espírito Santo,Brasil,Web
db9388c5-4939-4d62-b296-029ebdbe02a7,Noemi,Campos,noemi491@gmail.com,(93) 6455-3950,null,Feminino,2000-06-04,2021-08-30,364 Steele Alley,Belém,Pará,Brasil,Web
4e1a4437-84f4-409f-ac6b-ccf5845fe95c,Mariana,Barbosa,mariana816@gmail.com,(12) 2647-9282,087,Feminino,1976-05-05,2024-08-19,476 Joseph Corners Apt. 451,Santo Ângelo,Rio Grande Do Sul,Brasil,Web
9911c6c0-d30f-4d58-8e2f-afb84c9852e0,Isadora,Xisto,isadora_xisto@hotmail.com,(88) 9194-0942,958,Feminino,1977-09-02,2022-03-11,07246 Jennifer Ville,Limeira,São Paulo,Brasil,Indicação
ca2234cf-8a08-427e-8188-b5bc49f98740,Leonora,Gomes,leonora431@yahoo.com,(16) 9795-7627,430,Feminino,1971-10-18,2022-07-03,27918 NORTON PLAZA,Salvador,Bahia,Brasil,Web
4b8acafc-446b-4ff1-abd3-171ea57b9b33,Sheila,Neto,sneto458@yahoo.com,(64) 1018-2106,null,Feminino,1990-09-22,2018-07-11,98258 Peters Ramp,Cajueiro Da Praia,Piauí,Brasil,Web
4a1af88a-9365-4c74-9a32-88ab7e6c0441,Celso,Santos,csantos588@gmail.com,(85) 5076-6702,3906,Masculino,1990-11-26,2022-05-16,799 Derek Well Apt. 193,Curitiba,Paraná,Brasil,App
748f2432-0a79-4c68-ba51-3a0a6177175f,Wendeline,Evangelista,wendeline.evangelista615@hotmail.com,(96) 9780-8741,35255,Feminino,1990-01-06,2022-06-21,401 Ryan Groves Apt. 123,Euclides Da Cunha,Bahia,Brasil,Indicação
03195575-47b2-46c3-b13f-3c5e033dbd51,Renato,Miranda,renato.miranda@yahoo.com,(97) 1573-2678,736,Masculino,1991-03-21,2022-06-27,9402 Scott Locks,Maceió,Alagoas,Brasil,Web
35405b13-23b7-4146-8786-36050e0158ea,Yuri,Correia,yuri711@gmail.com,(98) 8991-8900,73858,Masculino,1986-02-25,2023-04-19,951 Denise Freeway,Cariacica,Espírito Santo,Brasil,Web
445159a4-136d-4611-a5d6-87438a10d2f1,Raquel,Cardoso,raquel566@gmail.com.,(87) 1077-9902,null,Feminino,2000-03-20,2019-08-28,17297 Joseph Glen,Londrina,Paraná,Brasil,Web
5d1c5ced-86d8-4b95-86c9-05c223f60521,Francielly,Nascimento,francielly_nascimento@hotmail.com,(84) 7482-1803,43452,Feminino,1973-07-13,2022-08-28,2221 Garcia Drive,Nossa Senhora Do Socorro,Sergipe,Brasil,Web
af91141e-1633-4510-9693-da5dd24559ce,Sabrina,Lacerda,sabrina_lacerda@1.com.br,(71) 9023-4050,null,Feminino,1971-04-07,2021-03-28,0787 Nelson Meadow,Manaus,Amazonas,Brasil,Web
903663ce-31dc-451d-afd3-71e49c44210d,Ulisses,Ortiz,ulisses736@hotmail.com,(79) 2755-0047,null,Masculino,1980-12-16,2022-04-24,71534 Clark Track Apt. 104,Jacareí,São Paulo,Brasil,Web
fd9bb64f-0e94-4c94-acfd-3d0d4127fcd4,Thaisa,Klein,thaisa_klein@hotmail.com,(99) 8553-7728,187,Feminino,2001-10-09,2021-08-29,744 Gaines Well Apt. 054,Rio De Janeiro,Rio De Janeiro,Brasil,Web
d04c3a41-3a84-464c-b1b0-d59c316d40df,Flavia,Siqueira,flavia.siqueira245@hotmail.com,(82) 6804-0803,8980,Feminino,2001-10-23,2022-01-19,77875 Bishop Inlet Suite 451,Ferraz De Vasconcelos,São Paulo,Brasil,App
434c00ed-22f1-4fe7-a917-75a0acdf3142,Uriel,Viana,uriel561@yahoo.com,(83) 3205-1485,3055,Masculino,2002-11-10,2021-05-04,203 Cunningham Freeway Suite 783,Altinho,Pernambuco,Brasil,App
b990034d-a75e-412b-877a-c57026eb690e,Benedito,Zanetti,benedito.zanetti@hotmail.com,(97) 6647-5743,432,Masculino,1984-03-09,2021-07-11,22555 Thompson Mount,Sidrolândia,Mato Grosso Do Sul,Brasil,Web
2c2cdabb-d5e9-494f-82a7-9c9259f5d09b,Hugo,Evangelista,hevangelista733@hotmail.com,(86) 5502-9631,null,Masculino,1997-08-27,2024-01-19,7476 Eric Underpass Suite 058,Jandaia Do Sul,Paraná,Brasil,App
274fd5a0-52e2-4248-b6e8-ec69bb3757cf,Lindomar,Serrano,lserrano208@gmail.com,(64) 3020-5437,211,Masculino,1961-08-17,2022-03-09,230 Richardson Ways,Sebastião Laranjeiras,Bahia,Brasil,App
e710f97c-3745-4deb-b9a1-aa5c035cfe3d,Renata,Santos,renata716@gmail.com,(11) 3879-4573,36327,Feminino,1980-02-25,2022-01-03,339 Randall Fort,Goianésia,Goiás,Brasil,Web
93a7b32d-28fb-4781-a825-d20b195cab94,Fernanda,Miranda,fernanda_miranda@yahoo.com,(16) 5892-8192,848,Feminino,1994-10-21,2019-05-18,71217 Janice Ramp Suite 716,Sete Lagoas,Minas Gerais,Brasil,Web
317beb69-96e8-4355-ba61-ded36a15719a,Isabela,Pinto,isabela866@hotmail.com,(71) 7844-6100,408,Feminino,2004-10-29,2022-08-21,3101 Herrera Bridge,Rio Tinto,Paraíba,Brasil,Indicação
518af421-2b93-4b1a-8c1f-cbf4fadd94c6,Beatriz,Orozco,beatriz_orozco@hotmail.com,(99) 7099-8142,79559,Feminino,2005-06-07,2018-09-08,8176 Thompson Groves,Juiz De Fora,Minas Gerais,Brasil,App
249046b7-49d3-4c9c-a169-935feb9ed480,Hector,Wanderley,hector.wanderley@gmail.com,(54) 5020-0061,null,Masculino,1997-03-17,2021-08-11,5952 Francis Walk Apt. 877,Itapecerica,Minas Gerais,Brasil,Web
f593151d-9ecc-4e48-934e-f7e5981de761,Fernanda,Menezes,fernanda541@gmail.com,(82) 0303-8691,null,Feminino,1983-04-11,2024-01-25,930 Klein Locks Apt. 627,Cajari,Maranhão,Brasil,Web
f10918eb-4918-49fd-a096-86635fa6e76a,Alisson,Kuhn,akuhn453@1.com,(83) 1336-4483,null,Masculino,1950-03-19,2022-01-25,9758 Hale Manors,São Luís,Maranhão,Brasil,App
73e6bcd2-c121-4ff0-bbda-8290cb5f2db9,Ester,Godoy,ester341@hotmail.com,(87) 1876-3771,null,Feminino,1976-02-08,2021-06-03,6369 Peterson Isle,Rio De Janeiro,Rio De Janeiro,Brasil,App
ad8feb04-559b-4d51-b013-f549c541afd0,Danilo,Gomes,dgomes278@gmail.com,(22) 6856-8875,1329,Masculino,2018-11-04,2020-08-23,17459 Vanessa Dam,Belém,Pará,Brasil,Web
38814953-47e9-42a4-8b63-00bc73d020c4,Vanessa,Pereira,vpereira738@hotmail.com,(81) 3062-4882,null,Feminino,2001-02-05,2024-08-28,604 Joseph Court Suite 827,Concórdia,Santa Catarina,Brasil,Web
e763d593-0ec6-449c-bf7e-6aec7dc0f92e,Fernanda,Queiroz,fernanda_queiroz@gmail.com,(81) 1774-1462,454,Feminino,1997-07-19,2019-11-05,35629 French Plaza Apt. 979,São Paulo,São Paulo,Brasil,Web
c9859b3a-c902-4252-8473-6c51157dcb58,Larissa,Yamamoto,larissa.yamamoto@hotmail.com,(83) 4351-4364,276,Feminino,1998-09-09,2022-12-28,909 Ricky Trace Suite 247,Alagoa Nova,Paraíba,Brasil,Web
9be0ab93-0dd8-4365-81da-c743da4b812f,Iris,Lima,iris.lima210@gmail.com,(89) 0897-7025,289,Feminino,1973-11-06,2020-09-22,0743 Jamie Garden,Franca,São Paulo,Brasil,Web
9077517c-d045-4fb7-8a91-eefc27f198df,Julia,Garcia,julia_garcia@gmail.com,(83) 5240-0849,null,Feminino,1990-02-19,2018-11-17,9734 Smith Run,Bezerros,Pernambuco,Brasil,Indicação
469a7c2e-d4a2-4752-ba6a-9ccaa580da2c,Yago,Duarte,yduarte273@yahoo.com,(89) 7912-3168,8375,Masculino,1992-04-30,2023-03-23,660 Valentine Isle Apt. 020,Jacareí,São Paulo,Brasil,Web
09790b39-e111-4de2-8098-abcd96906577,Celso,Esteves,celso.esteves875@gmail.com,(97) 3087-7847,1707,Masculino,1981-09-12,2022-05-04,588 Melissa Mount,Santa Branca,São Paulo,Brasil,Web
134a2fd5-1fdd-4192-9aed-70b2e8688ebb,Renan,Borges,renan.borges365@yahoo.com,(86) 5973-7306,null,Masculino,1983-04-17,2024-02-10,187 Knox Forest Suite 352,São Miguel Do Guaporé,Rondônia,Brasil,Web
03249453-ca92-4cc1-90e7-13ec52c91d0a,Nathan,Silva,nsilva153@hotmail.com,(87) 0399-5341,87617,Masculino,1970-04-24,2023-08-26,2853 Mcdonald Run,Sobral,Ceará,Brasil,Indicação
c7551a8a-c024-4793-964e-73066281bd34,Olivia,Guimarães,olivia_guimaraes@1.com.br,(69) 0530-9630,null,Feminino,2005-10-06,2018-11-12,5987 Adrian Inlet Apt. 894,Araguaína,Tocantins,Brasil,App
1a810ff5-0f8b-4328-b131-e913e5779371,Gustavo,Fernandes,gustavo.fernandes770@gmail.com,(92) 9106-3289,6806,Masculino,1989-09-22,2021-12-15,658 Roberts Landing,Belo Jardim,Pernambuco,Brasil,Web
e5a6e577-881a-448d-8bef-0ae732181905,Carlos,Gomes,carlos.gomes465@1.com,(95) 9169-3613,2179,Masculino,1963-10-04,2023-07-04,405 Deborah Ranch,Tramandaí,Rio Grande Do Sul,Brasil,Web
757421b8-68db-423c-a246-6bf18b393079,Luis,Pacheco,luis.pacheco655@yahoo.com,(75) 0362-7704,49230,Masculino,1964-05-31,2022-12-23,2352 Sanchez Locks Suite 559,Prados,Minas Gerais,Brasil,Web
40f60d2b-d8bb-43a2-8784-087dd1003629,Barbara,Imperatore,barbara.imperatore520@hotmail.com,(91) 5960-6562,null,Feminino,1999-06-05,2023-10-27,3657 Harrison Villages Suite 191,Brasília,Distrito Federal,Brasil,Web
a07f463f-18d0-4f8c-b03f-34be900f0ce5,Gustavo,Pinto,gustavo_pinto@yahoo.com,(91) 3291-6539,0409,Masculino,1985-05-28,2023-09-13,0468 Jamie Drive,Leme,São Paulo,Brasil,Web
35272e51-5b96-4cf9-b841-d21ab0e6b1d4,Giovana,Orozco,giovana.orozco@gmail.com,(99) 1896-9035,10626,Feminino,1991-07-06,2021-07-17,85229 Thompson Corners Apt. 778,Macapá,Amapá,Brasil,Indicação
77cb9626-731f-4f83-8378-077574ae226a,João,Rocha,jrocha138@hotmail.com,(24) 9355-9937,null,Masculino,1973-02-12,2021-04-22,8188 Michael Corners Suite 435,Garrafão Do Norte,Pará,Brasil,App
76604994-ba06-462b-ad2c-46e4568697b0,Berenice,Rodrigues,berenice.rodrigues@yahoo.com,(98) 0543-8928,337,Feminino,1997-04-07,2019-03-14,44962 Barton Union,Rio De Janeiro,Rio De Janeiro,Brasil,Web
9bf8cfb3-8425-4b88-b519-0a2300bffd04,Nilton,Jardim,nilton256@hotmail.com,(81) 0464-4281,8958,Masculino,1946-12-11,2020-11-24,2591 Chen Route,Brusque,Santa Catarina,Brasil,Web
83626bca-e6a8-4e5c-bf5a-aafdfc96b08f,Ingrid,Campos,ingrid_campos@yahoo.com,(94) 8287-1427,639,Feminino,1997-10-14,2021-08-01,266 Connor Landing,Coelho Neto,Maranhão,Brasil,Web
a1bacd3d-980c-4ce0-8b69-b55d393a4283,Barbara,Andrade,barbara_andrade@gmail.com,(11) 8935-7677,3307,Feminino,1974-06-16,2024-04-22,78013 Nicholas Curve,Porto Alegre,Rio Grande Do Sul,Brasil,Indicação
14d60ab3-cdfa-4924-b9ae-e33aa5b1166a,Tadeu,Duarte,tduarte693@yahoo.com,(17) 3229-9859,null,Masculino,2006-11-03,2021-11-17,196 Cooper Oval Suite 178,Campinas,São Paulo,Brasil,Web
efd708cc-bcaf-44f2-8eef-06403172323d,Raquel,Juste,rjuste728@gmail.com,(88) 6036-9024,null,Feminino,1993-09-01,2021-07-06,572 Jeanne Lodge Apt. 305,Jaguaquara,Bahia,Brasil,App
d377f7fb-5563-40ab-b603-770fa55224ce,Yonatan,Figueiredo,yonatan.figueiredo610@gmail.com,(87) 0522-5890,null,Masculino,1989-11-23,2018-11-16,52544 Warren Hills Apt. 124,Botucatu,São Paulo,Brasil,Web
fb83aee1-fb6f-4295-a462-78968bcdfac0,Isabela,Inocencio,isabela_inocencio@hotmail.com,(11) 5048-2696,null,Feminino,1989-09-21,2020-11-24,259 Cruz Light,Rio De Janeiro,Rio De Janeiro,Brasil,Web
ac184a88-47d1-46a4-97b7-56f95c2d699c,Xisto,Moura,xmoura578@hotmail.com,(98) 9255-7970,54676,Masculino,1994-01-03,2018-06-30,314 Howard Cove,São Paulo,São Paulo,Brasil,Web
c331e3bf-bc1c-4a17-a73a-96ab55efb01c,Natalia,Andrade,natalia.andrade@hotmail.com,(88) 9412-8913,47585,Feminino,1981-12-28,2020-01-26,4959 Logan Lock,Rio De Janeiro,Rio De Janeiro,Brasil,Web
de921a00-cd87-4354-b56b-e97bc64e720f,Carolina,Teixeira,carolina.teixeira520@yahoo.com,(95) 8433-9468,679,Feminino,1993-08-09,2022-12-12,471 Henry Locks Suite 631,Marabá Paulista,São Paulo,Brasil,App
87811f76-f209-4550-859f-b0dcdae2bb24,Igor,Campos,igor881@hotmail.com,(84) 0720-9449,null,Masculino,2021-02-11,2022-04-26,93373 Barber Freeway Apt. 351,Arapiraca,Alagoas,Brasil,App
b1b7c52d-e016-42d8-b5f7-7ec25defd534,Iris,Jesus,iris.jesus@hotmail.com,(93) 8172-1509,8756,Feminino,1949-03-04,2023-04-24,344 Ryan Shoal,Ilhéus,Bahia,Brasil,Web
37e954af-d722-4987-adc5-70b520fda8ef,Marcelo,Vargas,marcelo.vargas@gmail.com,(92) 8474-3511,3825,Masculino,1970-01-10,2022-09-09,6115 Jonathan Meadow Suite 366,São José Do Rio Preto,São Paulo,Brasil,App
10256b48-da10-4968-9534-cb3625c3bd5c,Bianca,Luz,bianca821@yahoo.com,(98) 9728-7831,null,Feminino,1978-05-01,2023-06-05,05774 Pearson Harbor,São Paulo,São Paulo,Brasil,Web
854c7070-1025-4ca4-acfe-756033d63756,Claudia,Orozco,claudia.orozco@gmail.com,(89) 7770-4757,null,Feminino,1989-03-07,2021-01-26,74181 Jackson Ferry,São Paulo,São Paulo,Brasil,Web
653a2e10-01f5-4c9c-9bfa-cea3d9469c94,Francielly,Evangelista,francielly.evangelista@hotmail.com,(66) 5240-1670,null,Feminino,1971-09-30,2019-12-27,3440 Ricky Rue Suite 722,Belo Horizonte,Minas Gerais,Brasil,App
e6e2340e-1a36-4e99-988a-3716c889d9df,Plinio,Figueiredo,pfigueiredo458@gmail,(97) 0920-7589,122,Masculino,1987-12-17,2018-06-29,9241 Williams Mountains Suite 207,Aripuanã,Mato Grosso,Brasil,Web
2fc7ee6a-5003-492f-95db-13795ab24f08,Ursula,Batista,ursula.batista855@yahoo.com,(82) 3242-3910,48931,Feminino,1978-04-15,2021-08-13,39738 Sheryl Stream,São Domingos Do Araguaia,Pará,Brasil,Web
922d9f38-d9b6-4347-8314-8303a570c972,Larissa,Queiroz,larissa201@hotmail.com,(85) 7924-4301,null,Feminino,1975-06-18,2021-10-19,71499 Martin Crescent Suite 910,Itaguaí,Rio De Janeiro,Brasil,App
8f3b6030-fe13-4cea-b0f6-54b2d69734f0,Monica,Santos,monica.santos@yahoo.com,(86) 0559-0506,null,Feminino,1985-12-28,2020-01-13,1012 Joseph Corners,Porto Velho,Rondônia,Brasil,Web
fb5327c4-fca8-4efb-9524-8353fe65fc6c,Caio,Lopes,caio_lopes@hotmail.com,(98) 4670-6878,90373,Masculino,1989-07-13,2019-03-25,4479 Gray Mountain Suite 341,Cerro Branco,Rio Grande Do Sul,Brasil,Web
2677908a-8196-4d71-84a5-b0bce961a963,Karen,Cardoso,karen.cardoso310@yahoo.com,(92) 5377-2872,null,Feminino,1994-06-27,2021-07-26,826 Joshua Roads,Sete Lagoas,Minas Gerais,Brasil,Web
5782778f-cde6-449c-a95f-026734da5e39,Ruan,Neves,ruan141@gmail.com,(98) 8385-8719,638,Masculino,1999-07-18,2022-07-16,654 Chad Ferry,Rio De Janeiro,Rio De Janeiro,Brasil,Web
25235e2d-4362-4e2e-9454-2a2732809bc5,Eduarda,Tobias,eduarda_tobias@gmail.com.,(83) 8727-0234,null,Feminino,1957-07-02,2019-08-09,171 Sandra River,Ananindeua,Pará,Brasil,Web
d2587721-bf36-437a-9e51-6c2be72d48e4,Xuxa,Inocencio,xuxa101@gmail.com,(11) 7959-6812,null,Feminino,1987-10-09,2022-05-17,0721 Flores Fall Apt. 434,São Paulo,São Paulo,Brasil,Web
3656cdd3-4274-4e35-9fa9-860a29973e84,Bruna,Quaresma,bquaresma303@gmail.com,(93) 2089-8715,null,Feminino,1983-05-26,2019-12-01,878 Wall Glen Apt. 612,Minas Gerais,Almenara,Brasil,App
76d94380-f352-4cf3-aa17-736bb1f10beb,Xenia,Macedo,xenia.macedo585@yahoo.com,(83) 6331-0918,5375,Feminino,1980-02-27,2018-09-04,22525 Rush Loaf,Rio De Janeiro,Rio De Janeiro,Brasil,Web
55725d23-3c0f-4a2e-8113-535d06792a20,Valter,Fonseca,valter.fonseca@gmail.com,(12) 7542-9777,null,Masculino,1994-01-25,2021-07-19,4384 Jennifer Plaza Apt. 895,São Paulo,São Paulo,Brasil,Web
3ceabfbd-99a9-4ec3-b5fb-34e6fb02e0a6,Aline,Correia,aline_correia@yahoo.com,(81) 5380-1546,8526,Feminino,1988-07-29,2021-09-17,0297 Benjamin Place,Capivari De Baixo,Santa Catarina,Brasil,Web
999cd385-73c3-4f3a-ae1c-0b303a4e74a5,Otavio,Uchoa,otavio_uchoa@gmail.com,(99) 0984-5905,18960,Masculino,1971-03-06,2023-08-08,39116 Jonathan Cove Apt. 908,Tangará Da Serra,Mato Grosso,Brasil,App
dd540214-114a-4bf6-8ec9-6324023dffb0,Zelino,Kuhn,zelino_kuhn@gmail.com,(17) 7269-9977,49743,Masculino,1988-01-18,2018-10-15,95568 Espinoza Shoals,Camaçari,Bahia,Brasil,Web
6c34456a-b00c-4e2c-9731-f87012be3e56,Nilton,Coutinho,nilton416@hotmail.com,(91) 6215-9634,null,Masculino,1983-07-10,2022-06-30,490 Geoffrey Highway Apt. 884,Rio De Janeiro,Rio De Janeiro,Brasil,Indicação
7c5968e0-20f2-4f35-a8c7-32bfabc9a815,Danilo,Leite,dleite723@gmail.com,(93) 8113-8545,129,Masculino,2004-11-29,2018-06-01,96391 Reynolds Trace,Muriaé,Minas Gerais,Brasil,App
433e4783-a382-4f5b-8667-42559440e155,Leonardo,Lacerda,leonardo.lacerda@gmail.com,(88) 5621-4792,062,Masculino,1988-10-22,2021-05-07,0183 Richardson Trail Suite 315,Macapá,Amapá,Brasil,Web
bf218124-18c0-4e84-9265-47fc15606585,Maria,Duarte,maria_duarte@yahoo.com,(91) 6207-8645,70463,Feminino,1994-03-25,2019-09-15,99161 Cynthia Ridge,Rolândia,Paraná,Brasil,Web
cd2f328b-0b90-4e77-9d16-a6f443c72395,Emanuel,Teixeira,emanuel_teixeira@,(94) 2841-1386,null,Masculino,1998-09-26,2021-01-31,9908 Tammy Valley Apt. 553,Brasília,Distrito Federal,Brasil,App
8207750f-5de8-4886-8894-b7329ae7f704,Giovani,Uchoa,giovani_uchoa@hotmail.com,(81) 1803-2963,157,Masculino,1977-03-09,2021-04-22,84594 Jonathan Trafficway,Uberlândia,Minas Gerais,Brasil,Web
07c02c8d-df2f-4848-834d-9605be2bce36,Ruan,Rezende,rrezende613@gmail.com,(89) 1532-4908,97557,Masculino,1995-12-02,2023-04-06,938 Nicole Dale Suite 862,Belo Horizonte,Minas Gerais,Brasil,App
b07dc26c-5648-4f49-852b-297e7c9b8130,Ruan,Pinto,ruan591@gmail.com,(91) 0645-3448,null,Masculino,1992-12-06,2019-10-04,7138 Michael Fields Apt. 988,Belo Horizonte,Minas Gerais,Brasil,App
c2df0e66-fb59-4117-80e3-5b3b93ce4318,Rafael,Freitas,rfreitas388@hotmail.com,(89) 7249-8513,085,Masculino,1974-09-28,2022-01-05,59035 Ricky Estates Apt. 229,Osasco,São Paulo,Brasil,Indicação
39e6ca6d-d0e6-439c-a546-002a15902c47,Giovanna,Andrade,giovanna.andrade@yahoo.com,(14) 8647-2990,28956,Feminino,1992-10-16,2019-05-24,815 Jacob Burgs,Taquaritinga,São Paulo,Brasil,Web
2cde52cc-e0b3-4123-a4d7-cdb11326419a,Olivia,Oliveira,olivia.oliveira@gmail.com,(81) 1276-6290,389,Feminino,2005-08-08,2022-12-13,84970 Moore Flats Apt. 809,Caruaru,Pernambuco,Brasil,Web
fcad6b12-c2f4-44b2-a179-b999c85b7c6c,Iris,Henriques,iris.henriques980@yahoo.com,(89) 4817-8201,null,Feminino,1998-01-08,2023-10-10,408 Walton Mill,Tio Hugo,Rio Grande Do Sul,Brasil,Web
0ab61934-1cb4-46fb-8141-5e59c7b81032,Valter,Neto,vneto728@1.com,(61) 8001-4320,null,Masculino,1984-11-02,2020-01-17,7933 Sandra Walks,Codó,Maranhão,Brasil,App
c2220467-d168-4981-87d5-52656e276f93,Orlando,Nascimento,orlando.nascimento@yahoo.com,(93) 0819-8106,3650,Masculino,1978-10-11,2019-05-27,4302 Elizabeth Walk,Minas Gerais,Consolação,Brasil,Web
d9f09c8e-cc29-4fc4-8ee0-693a6885883b,Xuxa,Guerra,xuxa_guerra@gmail.com,(87) 3172-3756,350,Feminino,2001-08-08,2021-03-17,228 Karen Mountain,Ocara,Ceará,Brasil,Web
61c28f71-ed9d-4a98-8b44-c6e2424a8467,Roberto,Guerra,roberto206@gmail.com,(83) 7606-8300,196,Não Informado,1993-09-05,2021-07-09,66230 John Trace Apt. 999,Jundiaí,São Paulo,Brasil,Web
0b5748b9-c861-495c-9822-aaa62f53a527,Alan,Cunha,alan.cunha940@yahoo.com,(93) 4037-9277,95626,Masculino,1991-11-12,2023-03-09,94321 Garcia Trail,Taguaí,São Paulo,Brasil,Web
df658dd7-c32b-48b1-9e91-7c7ebf4f81fd,Jefferson,Coutinho,jefferson.coutinho@yahoo.com,(95) 1389-0885,null,Masculino,1985-10-13,2024-01-26,239 William Rapid,São Paulo,São Paulo,Brasil,Web
3de97e72-4a3b-4fd3-90f8-ce8920127b49,Yolanda,Nascimento,yolanda126@yahoo.com,(86) 6679-1560,null,Feminino,1997-09-05,2020-12-18,8634 James Square,Jaboatão Dos Guararapes,Pernambuco,Brasil,App
581b3633-3480-44fb-a3f1-e3bd7136247a,Vagner,Menezes,vagner.menezes730@yahoo.com,(91) 9007-9964,133,Masculino,1975-01-03,2024-10-06,716 Jennifer Ferry Apt. 994,Rio De Janeiro,Rio De Janeiro,Brasil,Indicação
0e271382-332d-4ee1-860b-7c9dfad5bd28,Valdo,Iglesias,valdo.iglesias@gmail.com,(86) 1019-8149,9204,Masculino,1991-07-17,2021-09-25,835 Michelle Views,Coxim,Mato Grosso Do Sul,Brasil,Web
c688da85-b5c0-4a1e-aaa0-c5a90d636582,Paulo,Moreira,pmoreira243@gmail.com,(71) 4261-6014,null,Masculino,1971-11-15,2019-07-08,51258 Miller Trail,Ribeirão Preto,São Paulo,Brasil,Web
304085f5-fea7-447e-86ce-765eaecfc96e,Patricia,Ortiz,patricia.ortiz@yahoo.com,(12) 6689-1698,86351,Feminino,2005-01-22,2022-12-02,94643 Calvin Extension,Parauapebas,Pará,Brasil,Indicação
198a71c2-ffae-489d-a536-4b9778413347,Gilberto,Costa,gilberto_costa@gmail.com,(92) 5946-6117,null,Masculino,1989-10-19,2019-04-25,55306 Eric Haven,Volta Redonda,Rio De Janeiro,Brasil,Web
1971ec7f-a74c-4468-9dae-9088864e9777,Adriano,Lima,adriano436@hotmail.com,(91) 0297-9051,76242,Masculino,1944-03-24,2021-02-11,789 Terrell Coves,São Jerônimo Da Serra,Paraná,Brasil,Web
92bef0b5-4f3e-402a-9757-e11e76ee2060,Miguel,Borges,miguel_borges@gmail.com,(11) 8079-7026,629,Masculino,1999-04-21,2019-09-25,82841 Dawn Causeway Apt. 949,Saubara,Bahia,Brasil,Web
7130e60f-4ed2-49c3-8391-34c72385b4c3,Noemi,Ribeiro,noemi.ribeiro@yahoo.com,(91) 9057-6822,67675,Feminino,1981-10-02,2020-07-17,03945 Graham Corner Suite 950,Araçatuba,São Paulo,Brasil,Web
99e05ab6-21de-493d-aee2-19aac4f97d39,Tadeu,Zampieri,tzampieri908@hotmail.com,(84) 1931-0518,1508,Masculino,2001-04-02,2019-05-15,810 Jones Parkways Suite 019,Rio De Janeiro,Rio De Janeiro,Brasil,Web
e8b6207f-645c-4e75-a745-b6260d7e0b8a,Paula,Junqueira,paula511@hotmail.com,(86) 5641-9405,null,Feminino,1964-06-12,2019-08-29,0956 Armstrong Wells Suite 826,Bandeirantes,Paraná,Brasil,Indicação
4f5aabc7-9d87-4384-a176-80a4ff106bd6,Darlan,Leite,darlan_leite@gmail.com,(17) 6890-9859,null,Masculino,1962-11-11,2020-09-13,725 Lawrence Rapids,Serra,Espírito Santo,Brasil,App
473a5f92-5cb2-4abf-a5a6-37d4b0095cf0,Ester,Viana,ester551@yahoo.com,(15) 6462-8976,37328,Feminino,1990-04-30,2019-11-16,057 Olson Knoll Apt. 038,Otacílio Costa,Santa Catarina,Brasil,Web
f4ca9ec3-1fc3-47bc-8cf0-a27aba7b42fe,Claudia,Wanderley,claudia.wanderley@yahoo.com,(82) 4562-4706,null,Feminino,1986-03-30,2024-05-04,6267 Martin Cove Suite 202,Francisco Morato,São Paulo,Brasil,App
a9ef6941-5007-4211-b608-c9cf5c12c649,Querinton,Tavares,querinton_tavares@hotmail.com,(87) 3398-5126,null,Masculino,1994-10-13,2021-07-07,417 Sara Groves Apt. 359,Vassouras,Rio De Janeiro,Brasil,Web
e0977757-30b2-4577-a719-d40c1fdd5d65,Adriana,Zanetti,adriana_zanetti@yahoo.com,(93) 7398-5553,82670,Feminino,1974-07-16,2022-11-28,18371 Adam Pine,Garça,São Paulo,Brasil,Web
df0c0e0d-8710-4a0d-987f-16bc5805ce6c,Yara,Torres,ytorres423@hotmail.com,(77) 4340-1037,null,Feminino,2005-03-02,2019-02-22,902 Elizabeth Expressway Apt. 296,Nova Andradina,Mato Grosso Do Sul,Brasil,Indicação
8ec4e0d8-e0a8-4188-b4e1-87d5ad874d75,Ulisses,Pires,ulisses181@hotmail.com,(91) 4396-0470,435,Masculino,1991-09-16,2018-05-06,93450 Gomez Gardens Suite 033,Presidente Prudente,São Paulo,Brasil,Indicação
f912768b-1fa4-4a40-bc40-232cda8b234f,Mariana,Freitas,mariana626@gmail.com,(69) 1163-7122,57745,Feminino,1987-09-11,2020-03-18,907 Emily Tunnel Suite 663,Várzea Paulista,São Paulo,Brasil,Web
468ebe29-95a7-44f1-a46b-564bc0edef85,Nicole,Otero,notero978@hotmail.com,(88) 1329-3663,0503,Feminino,1979-06-23,2022-05-28,94314 Candace Falls Suite 791,Feira Grande,Alagoas,Brasil,Indicação
b4241a4f-35b8-4a66-9d47-364737d25ae5,Diana,Otero,dotero408@hotmail.com,(98) 8146-8754,null,Feminino,1997-04-06,2020-11-30,51704 Morrison Trail,Terra Boa,Paraná,Brasil,Indicação
62d19230-2068-408a-b125-69b11da332f1,Barbara,Fernandes,barbara.fernandes@yahoo.com,(81) 6062-8317,null,Feminino,1992-04-02,2021-10-20,2483 Herrera Falls Suite 690,São Paulo,São Paulo,Brasil,Web
e35adda3-4738-4396-ada9-60129b9c1e9a,Mariana,Martins,mariana886@gmail.com,(93) 7078-5916,7188,Feminino,2006-06-06,2021-09-28,1717 Jeffrey Forks Apt. 876,Imperatriz,Maranhão,Brasil,App
d9ef0dcd-c530-48cb-a96d-85bfb61c7f84,Lucas,Costa,lucas_costa@gmail.com,(92) 6389-7064,04261,Masculino,1988-11-21,2019-01-03,857 Elliott Pine,Jundiaí,São Paulo,Brasil,App
942aa047-8ac6-47f5-ae4b-2826d23ade1e,Renato,Pacheco,renato.pacheco310@yahoo.com,(92) 6764-8333,74180,Masculino,1971-04-09,2023-06-07,55258 Castillo Walk,Porto Alegre Do Tocantins,Tocantins,Brasil,Web
15423065-4d36-4baa-baf9-fa772d344649,Danilo,Rego,danilo636@gmail.com,(88) 8352-7116,null,Masculino,1985-12-02,2020-03-25,748 Vaughn Cliffs,Vitorino,Paraná,Brasil,Web
d8b40219-c242-45a4-8ea3-06f659139304,Hugo,Zanetti,hzanetti668@hotmail.com,(91) 4039-8607,1768,Masculino,1978-12-15,2021-09-14,739 Bryan Branch,São Bernardo Do Campo,São Paulo,Brasil,App
fecc6217-32a9-4db5-814b-3adefd7fd945,Patricia,Queiroz,patricia_queiroz@hotmail.com,(88) 1827-9230,1714,Feminino,2004-10-10,2018-05-09,770 Steven Road,Ouro Branco,Alagoas,Brasil,Web
49f10790-847d-4cfd-b215-97f1c762d66f,Rafaela,Xerez,rafaela.xerez340@gmail.com,(95) 2379-9353,407,Feminino,1993-08-05,2024-07-06,2617 John Branch,Rio De Janeiro,Rio De Janeiro,Brasil,App
7503f7e7-0d20-405c-be6c-79278324af20,Keila,Andrade,keila.andrade@hotmail.com,(96) 4861-8848,9638,Feminino,1997-07-17,2023-02-21,29900 Ross Via Apt. 099,São Paulo,São Paulo,Brasil,Web
b779c5e2-6b0e-417d-8c38-9d1e75cff724,Celso,Miranda,celso516@yahoo.com,(92) 7827-6536,2335,Masculino,1993-12-30,2021-04-20,8669 Jamie Shoal,Viseu,Pará,Brasil,Web
ee52736a-a99c-4b38-8727-0b4d23f559a3,Kaique,Monteiro,kaique_monteiro@yahoo.com,(94) 9938-3071,null,Masculino,1981-10-01,2018-08-30,321 Russell Crest Apt. 605,Niterói,Rio De Janeiro,Brasil,Web
fe3c9015-a4d1-4056-af3b-ed7f57f505d0,Jonatan,Yokoyama,jyokoyama168@1.com,(82) 7087-4343,null,Masculino,1990-03-30,2020-07-13,80766 Jennifer Village,Bahia,Campo Formoso,Brasil,Web
51958e12-ecb7-450e-8310-d8857afa4ee9,Jaqueline,Uchoa,juchoa773@hotmail.com,(13) 0979-8854,null,Feminino,1970-03-03,2023-12-09,73305 Moore Corner Suite 887,Capanema,Pará,Brasil,Web
65344d74-d337-40f7-bb54-317cf0b880fe,Plinio,Rocha,plinio.rocha890@hotmail.com,(89) 5743-9025,01079,Masculino,1962-12-16,2018-06-09,606 Jacobs Divide Suite 981,Aveiro,Pará,Brasil,Web
cc5963b4-f9b3-4520-8df0-8796bfec5190,Xavier,Moreira,xavier351@gmail.com,(84) 2908-2169,020,Masculino,1972-07-18,2023-01-03,39201 Felicia Ferry Apt. 347,Cajamar,São Paulo,Brasil,App
ad9e488a-6072-40dc-b134-8c50e52c8e5b,Roberta,Pacheco,roberta.pacheco@yahoo.com,(96) 5706-9083,85531,Feminino,1982-10-09,2020-03-03,474 Carrie Forest,Santo André,São Paulo,Brasil,App
a104bda9-faf6-4522-b326-26322d525452,Jaqueline,Fernandes,jaqueline.fernandes@yahoo.com,(87) 3217-6895,null,Feminino,1962-01-13,2024-02-26,349 Walker Point Suite 390,Alto Araguaia,Mato Grosso,Brasil,App
9f541cb4-14f0-46d0-840f-be26f7e06973,Valter,Xavier,vxavier843@hotmail.com,(87) 5532-3374,438,Masculino,1999-08-27,2022-05-24,0015 Cochran Roads Apt. 690,Concórdia,Santa Catarina,Brasil,Web
1620680e-4d22-4d8d-bba1-8c85ea8d7030,Otavia,Lopes,otavia906@hotmail.com,(94) 4809-2595,2553,Feminino,1971-07-23,2020-08-16,335 Christopher Valley,Buenópolis,Minas Gerais,Brasil,App
d5bf64ad-bc08-49d8-9b8b-2c08c300d20e,Fabiana,Junqueira,fabiana.junqueira385@gmail.com,(71) 0620-1187,203,Feminino,1991-06-18,2021-08-07,12997 Ford Shores Suite 410,Rio De Janeiro,Saquarema,Brasil,Web
010e6741-64be-4652-83b5-d0ed73eac2aa,Silvio,Godoy,silvio.godoy@hotmail.com,(65) 5109-3103,552,Masculino,1997-01-29,2018-10-30,5578 Griffith Oval,Vargem Grande,Maranhão,Brasil,App
433e8b70-d694-445e-89a1-ab59a14dfcad,Simone,Gomes,sgomes198@1.com,(75) 4118-9335,722,Feminino,2003-03-21,2024-09-24,3225 Hughes Squares,Durandé,Minas Gerais,Brasil,Web
4d43c44e-94b8-41b1-93ce-ed643319fb5e,Wagner,Campos,wagner_campos@gmail.com,(75) 5434-3531,null,Masculino,2006-08-06,2019-03-01,29384 Rodriguez Key,Boa Vista,Roraima,Brasil,Web
4c49dd1d-ff9e-4c34-a158-753c5b1a4667,Hector,Teixeira,hector_teixeira@gmail.com,(81) 1215-6368,null,Masculino,1997-08-13,2019-03-04,21756 Thomas Lakes Apt. 716,São Luís De Montes Belos,Goiás,Brasil,Web
b5760310-fe1e-4188-a640-4dc321c80221,Leonora,Rego,lrego258@hotmail.com,(95) 1857-0927,null,Feminino,2004-02-26,2021-01-12,565 Sara Ville Suite 048,Alto Alegre Do Pindaré,Maranhão,Brasil,App
cc348f73-aaa2-4943-8f19-bb6b4ff856b6,Melissa,Prado,melissa_prado@yahoo.com,(97) 1235-9479,10220,Feminino,1991-10-01,2019-05-13,8835 Patterson Mount Apt. 181,Salvador,Bahia,Brasil,Web
41911bc0-af85-4cf6-b672-dd9dc5f49e53,Jade,Silva,jade_silva@hotmail.com,(87) 9423-4907,null,Feminino,1972-09-23,2018-09-23,596 Ryan Meadow,Rio Real,Bahia,Brasil,Web
73bf25b0-12a9-496b-8b4a-fbc22920a5f4,Sabrina,Prado,sabrina466@yahoo.com,(71) 3170-8252,698,Feminino,1976-12-16,2020-09-01,034 Jacqueline Mall Apt. 488,Campo Grande,Mato Grosso Do Sul,Brasil,Web
f0591d97-f338-4a20-aaec-e6059b95218f,Kleberson,Yunes,kyunes828@gmail.com,(82) 4821-7313,62627,Masculino,2002-02-01,2019-08-30,9311 Myers Path,Rio De Janeiro,Rio De Janeiro,Brasil,Web
9175e977-0b95-4920-9b4b-5f6ae8016e44,Orlando,Correia,orlando_correia@hotmail.com,(95) 1877-3527,null,Masculino,1971-01-26,2019-08-01,03297 David Parkways,Santo André,São Paulo,Brasil,App
84e96d88-cd41-4335-ac1d-c0aa776db948,Barbara,Ribeiro,bribeiro118@yahoo.com,(81) 6164-4621,null,Feminino,1989-08-19,2023-05-31,32155 Pierce Terrace Suite 173,Uberaba,Minas Gerais,Brasil,Indicação
94925361-db2c-49b3-b487-abdbbf6f815a,Samuel,Nagata,samuel.nagata835@hotmail.com,(77) 5517-3130,71194,Masculino,1999-04-08,2022-01-01,905 Kyle Road Suite 792,Rio Piracicaba,Minas Gerais,Brasil,Web
185e12dd-a26b-47d0-af44-2b211d119a22,Wendeline,Ornelas,wendeline676@hotmail.com,(92) 6173-6572,62164,Feminino,1996-06-30,2021-10-23,5959 Todd Well,Petrópolis,Rio De Janeiro,Brasil,App
5ef5d1b2-1622-4464-a174-adf1b1d7365c,Gloria,Ribeiro,gloria406@yahoo.com,(95) 6583-7505,691,Feminino,2003-10-16,2023-12-26,5852 Lindsey Bypass,Rubiataba,Goiás,Brasil,Web
8d44dd91-328b-4aeb-810c-12678a967d02,Querinton,Ferreira,querinton.ferreira660@hotmail.com,(95) 8826-8746,0667,Masculino,1992-04-26,2023-07-07,721 Green Mountain,Teresina,Piauí,Brasil,Web
570bd7db-f93e-4fb6-b5a5-2cd05b88f971,Tiago,Souza,tiago226@gmail.com,(92) 7514-4579,261,Masculino,1984-09-01,2019-09-06,2607 Rowe Islands,Monte Carlo,Santa Catarina,Brasil,App
fcddce5d-4a40-4b18-8796-6a025e4764fc,Plinio,Maciel,plinio.maciel@yahoo.com,(67) 8110-2008,null,Masculino,1963-04-01,2019-03-04,304 Rose Hill Suite 908,São Paulo,São Paulo,Brasil,Indicação
f8f26be7-ae5d-4a87-9123-6d990dcdbb0b,Noemi,Brito,nbrito933@yahoo.com,(91) 0129-9968,null,Feminino,1991-06-28,2019-07-15,9238 Roberts Village,Caieiras,São Paulo,Brasil,App
61990631-65de-44b5-8d4b-25b7d2924f6c,Benedito,Alves,benedito_alves@yahoo.com,(93) 0984-0096,4463,Masculino,2004-09-24,2022-06-29,4967 Thompson Road Suite 110,Santa Rita Do Sapucaí,Minas Gerais,Brasil,Web
c6cd1fd7-b5db-4003-983f-0bc1d0bf88b5,Gabriel,Brito,gabriel.brito460@gmail.com,(97) 9871-1648,7078,Masculino,1982-02-20,2023-10-27,660 Dennis Drives Suite 444,Palmeirândia,Maranhão,Brasil,Web
70e4dde7-4705-4652-b3d1-f015cb8a6d5c,Luana,Prado,luana.prado355@hotmail.com,(14) 3869-3745,94739,Feminino,1988-06-04,2019-11-02,97359 Bush Point Apt. 426,Itamaraju,Bahia,Brasil,App
b0d3a59e-8565-4634-afbc-6772cac35b88,Mariana,Drummond,mariana.drummond565@gmail.com,(98) 0931-5798,866,Feminino,1974-03-31,2021-11-21,83196 Burgess Junction,Cotia,São Paulo,Brasil,Indicação
f90ee285-aa83-42ca-b662-198c39f5458d,Bianca,Uchoa,bianca.uchoa@gmail.com,(81) 5197-0290,3976,Feminino,1986-10-17,2019-11-03,482 Ashley Cove,Sarandi,Paraná,Brasil,App
3e0a45d5-2d82-4d48-98fa-b5b3953a40ed,Daniela,Andrade,daniela256@gmail.com,(86) 7710-5087,6003,Feminino,1980-03-09,2022-11-28,0943 Lauren Trace,Rio De Janeiro,Rio De Janeiro,Brasil,Web
4c32533d-e84b-4dff-8be7-32808db7e4df,Kleberson,Quaresma,kleberson.quaresma410@hotmail.com,(86) 1756-7329,113,Masculino,1968-11-08,2022-05-12,552 Audrey Expressway,Juazeiro,Bahia,Brasil,Web
abe65dd8-bc94-4cad-aa7f-503f3083c4d2,Luciana,Campos,luciana.campos140@gmail.com,(84) 0394-0263,null,Feminino,2003-09-24,2021-04-21,83089 Hayes Tunnel,Botucatu,São Paulo,Brasil,Web
24f297d1-3ac3-415b-aad6-93327b830150,Valdo,Bessa,valdo.bessa960@yahoo.com,(85) 5962-2280,59924,Masculino,1982-05-28,2018-09-18,3026 Suarez Lock Suite 764,Rio De Janeiro,Rio De Janeiro,Brasil,App
9e5b6feb-97f1-4d8c-a7b4-8dc4d8139a40,Tereza,Viana,tereza_viana@hotmail.com,(67) 0321-7072,81098,Feminino,2020-12-05,2022-08-05,49621 Davis Road Suite 579,São Bernardo Do Campo,São Paulo,Brasil,App
4e7d5afe-74b8-4375-a5ca-63c9d5b51090,Alice,Pinto,alice.pinto@hotmail.com,(96) 6808-3328,1969,Feminino,1981-10-21,2018-09-04,71129 Ian Dam Suite 653,Marechal Deodoro,Alagoas,Brasil,App
6144fe00-7cee-44ba-85e7-ff1405d9bdb2,Elaine,Pacheco,elaine_pacheco@yahoo.com,(89) 6446-1128,null,Feminino,1978-05-07,2018-11-27,2752 Rangel Drive,Avaré,São Paulo,Brasil,App
2bc6b92b-fb3d-4398-b910-42ca847df633,Vinicius,Silva,vinicius976@hotmail.com,(91) 9528-4424,16833,Masculino,1977-08-05,2021-11-16,03915 Andrews Square Suite 265,Praia Grande,São Paulo,Brasil,Web
26729c66-4ccf-4140-99b2-6b2d96a03742,Julia,Krause,julia.krause180@yahoo.com,(75) 5501-8002,16704,Feminino,1995-12-20,2019-12-12,5096 Christy Field Suite 920,Porto Alegre,Rio Grande Do Sul,Brasil,Indicação
dba90d92-759d-47c1-9d15-c76de4d5712c,Murilo,Souza,murilo_souza@hotmail.com,(97) 7276-5687,03264,Masculino,2004-01-11,2019-11-18,8924 Norris Stream,Campestre,Minas Gerais,Brasil,Indicação
800ed8fb-d673-4757-9fdb-ea0da6255793,Bruno,Hadad,bruno.hadad@hotmail.com,(82) 6590-3262,0043,Masculino,1984-11-09,2019-06-12,1904 Jonathan Views Suite 512,Colméia,Tocantins,Brasil,Indicação
57aac8a3-4a06-4848-bd6e-20dff813ac55,Juliana,Valente,jvalente958@hotmail.com,(13) 7236-4893,null,Feminino,2006-03-24,2018-05-26,2516 Green Unions,São Paulo,São Paulo,Brasil,Indicação
53e51695-b692-4831-b3c5-2f22db503f57,Ana,Castro,ana806@yahoo.com,(71) 1652-3245,466,Feminino,1994-08-06,2022-01-30,71680 Elizabeth Coves,Eunápolis,Bahia,Brasil,App
8f4b7a6a-782a-4fae-abad-55c5d01e0ca2,Valeria,Andrade,valeria.andrade680@gmail.com,(74) 9041-7253,null,Feminino,2004-07-26,2024-02-22,42716 Jennifer Throughway Apt. 881,Uberlândia,Minas Gerais,Brasil,Web
d319fa47-e2f5-474d-a9dd-8f80947351dd,Cecilia,Torres,cecilia.torres410@gmail.com,(84) 1020-6928,null,Feminino,2003-12-22,2023-01-16,61871 Lisa Circles Apt. 349,Nova Mamoré,Rondônia,Brasil,Web
7f3afedb-7b24-4249-9a93-7148e0c295e6,Ricardo,Siqueira,ricardo266@gmail.com,(87) 4565-5171,534,Masculino,2004-02-05,2022-08-11,605 Andre Trail Apt. 450,Rio De Janeiro,Belford Roxo,Brasil,Web
33615d6a-58c6-4138-8cf4-dd56acc14953,Elias,Rodrigues,erodrigues953@hotmail.com,(99) 5760-9358,0977,Masculino,1999-12-08,2022-02-25,98358 Davis Route Apt. 261,Lebon Régis,Santa Catarina,Brasil,Web
e89be83d-1072-490b-a067-4b1f6f7003c3,Patricia,Rodrigues,prodrigues403@hotmail.com,(14) 9589-0570,null,Feminino,1996-09-21,2019-07-19,0833 Long Turnpike Apt. 267,São Bernardo Do Campo,São Paulo,Brasil,Web
ca33c17f-b7d2-4106-b1f1-7c7409976877,Igor,Freitas,igor.freitas700@hotmail.com,(81) 1135-4970,57129,Masculino,1998-03-23,2022-02-13,38211 Smith Points Suite 952,Monte Alegre,Pará,Brasil,Web
2d7ee566-9885-4e9c-ba38-0e5bd2609ec1,Natalia,Queiroz,natalia.queiroz820@yahoo.com,(71) 0862-0447,null,Feminino,1995-06-13,2018-04-03,96198 John Parkways Suite 516,Mongaguá,São Paulo,Brasil,Web
1da251ee-89d2-4641-b43b-4ef3a3c67c3b,Soraya,Nagata,soraya.nagata460@hotmail.com,(81) 1866-5310,null,Feminino,2002-07-20,2022-02-18,655 Williamson Mill Apt. 175,Arenápolis,Mato Grosso,Brasil,App
ea8da686-504e-4235-b790-b2adfd30243a,Claudia,Araújo,claudia.araujo@gmail.com,(73) 6204-1445,null,Feminino,1973-06-14,2021-10-20,6037 Kyle Heights,Borda Da Mata,Minas Gerais,Brasil,Web
d88f39e9-fbac-4047-b996-c2c3d8a62221,Valdo,Evangelista,vevangelista818@hotmail.com,(79) 1541-4837,null,Masculino,1992-01-29,2021-01-13,038 Mallory Loaf Suite 267,Miracema,Rio De Janeiro,Brasil,Web
5e6c201d-629d-4cdf-87ae-4dc434fc0281,Gilberto,Bessa,gbessa578@yahoo.com,(96) 8951-8455,453,Masculino,1967-04-09,2021-12-13,094 William Hill,Marabá,Pará,Brasil,Web
d263b9ae-610f-41ea-a9d3-4ef2eb30a1d3,Carolina,Neves,carolina_neves@yahoo.com,(16) 1696-8479,3632,Feminino,1993-09-28,2020-12-08,4228 Benjamin Well,Acre,Rio Branco,Brasil,App
13fbbbba-179f-49e6-b928-a2e3ceb1c719,Walquiria,Yokoyama,walquiria_yokoyama@gmail.com,(74) 1326-5284,null,Feminino,1993-08-29,2019-07-23,980 Kyle Field,Caldas Novas,Goiás,Brasil,Web
c3a2902f-c444-47d1-adfd-be3f0518eb19,Veronica,Siqueira,vsiqueira898@yahoo.com,(92) 1891-9605,7046,Feminino,2000-05-20,2020-09-25,16058 Johnson Oval,Londrina,Paraná,Brasil,App
0820f5d4-5bd5-4234-bc45-4ed26dd95889,Karen,Fonseca,karen.fonseca@yahoo.com,(98) 7762-4669,689,Feminino,2000-04-12,2018-04-19,686 Brian Radial,Londrina,Paraná,Brasil,App
e0ddd4b3-9a2d-431c-b377-4db993d9130f,Pedro,Wanderley,pedro186@gmail.com,(68) 0352-8243,null,Masculino,1990-02-18,2020-09-10,786 Williams View,São Bento,Maranhão,Brasil,Web
b69493f0-63c2-4cfb-991d-49ebddf2bbfc,Mateus,Menezes,mateus.menezes115@1.com,(81) 1622-7462,null,Masculino,2002-10-15,2019-10-30,5664 Elizabeth Isle Suite 025,Cruz Das Almas,Bahia,Brasil,Web
445ad583-b3b5-4072-b130-4f2241652b33,Jaqueline,Jardim,jaqueline.jardim105@yahoo.com,(97) 6945-5972,23994,Feminino,1995-02-01,2018-03-17,0043 Glenn Parks,Goiânia,Goiás,Brasil,Indicação
4c161ed8-de84-483d-90c8-0f2cae509189,Eduardo,Nogueira,eduardo726@hotmail.com,(85) 2119-5844,20263,Masculino,2006-12-08,2022-08-22,85215 John Spurs Apt. 633,Gilbués,Piauí,Brasil,Web
d9a4002b-a6e4-4ee0-8a6a-c64d162ae532,Zenon,Quintanilha,zquintanilha978@yahoo.com,(19) 9959-7476,null,Masculino,1994-01-21,2018-04-19,9965 Torres Wall,Irará,Bahia,Brasil,Indicação
2780eb92-e7db-458f-8555-f93948c0fee2,Maria,Ornelas,maria.ornelas860@yahoo.com,(67) 6045-6304,8870,Feminino,1970-09-04,2019-12-06,89241 Nicole Circle Apt. 237,Nova Serrana,Minas Gerais,Brasil,App
9abbac4d-47d7-4b8f-90e2-04ce9b1e865f,Orlanda,Pereira,orlanda_pereira@yahoo.com,(16) 0999-8439,7519,Feminino,1972-07-08,2023-12-25,4807 Jeffery Shoal,Jundiaí,São Paulo,Brasil,Web
bc1e221b-5ba9-4a8e-b384-74322bbd264f,Wendell,Prado,wendell_prado@yahoo.com,(83) 3838-0504,null,Masculino,1962-05-07,2022-04-07,05890 Karen Creek,São Paulo,São Paulo,Brasil,Web
643e1845-abf2-40cb-a3e0-8faa907f3064,Yolanda,Serrano,yolanda.serrano@yahoo.com,(85) 2634-9230,null,Feminino,1961-05-24,2020-05-29,58395 Sullivan Centers,Fortaleza,Ceará,Brasil,App
9901e13d-5524-4ad4-96de-c941eba73ce6,Bruno,Menezes,bruno721@yahoo.com,(83) 1233-4858,86983,Masculino,1994-01-18,2022-05-23,0428 Misty Islands,São Paulo,São Paulo,Brasil,App
c48ae590-826b-4520-81d0-396d2acb77a0,Elias,Campos,elias_campos@hotmail.com,(17) 6289-5944,8361,Masculino,1994-08-14,2019-01-12,10441 Young Crescent Apt. 510,Salvador,Bahia,Brasil,Web
9ab21ff0-4e7b-4f97-904e-d5b7dfe72daf,Cintia,Lopes,clopes763@gmail.com,(92) 2287-5623,null,Feminino,2006-08-04,2022-07-04,03743 Patricia Mission,Salvador,Bahia,Brasil,Indicação
865a46a3-95f5-4bbe-8b37-398d7f691069,Felipe,Siqueira,felipe.siqueira925@hotmail.com,(12) 1679-3639,null,Masculino,1987-11-23,2019-04-25,994 Abigail Ridges Apt. 333,São Geraldo Do Araguaia,Pará,Brasil,Web
8290ef43-a83a-43ea-8f35-4333cb50687b,Nadia,Horta,nadia136@hotmail.com,(71) 4041-5161,716,Feminino,1995-11-27,2021-12-04,7385 John Terrace,Toritama,Pernambuco,Brasil,App
e04ac42f-e488-4638-ba65-09973cc29157,Tulio,Amorim,tamorim853@yahoo.com,(93) 7959-5061,99893,Masculino,1991-08-29,2022-06-16,831 Daniel Lock Suite 352,Novo Hamburgo,Rio Grande Do Sul,Brasil,Indicação
e440acf3-bd36-417a-becf-470471d5a223,Valter,Cunha,valter_cunha@gmail.com,(69) 1329-0930,null,Masculino,1989-07-20,2019-07-31,027 Kenneth Fields,Luiz Alves,Santa Catarina,Brasil,App
e52e1833-71c5-4489-a936-adc9c08996ef,Bernardo,Jardim,bernardo.jardim@yahoo.com,(89) 9460-8363,122,Masculino,1998-06-13,2022-09-29,30947 Bailey Divide Apt. 363,Fortaleza,Ceará,Brasil,Web
733a57b2-2b95-49e7-92b9-9e822a401cb7,Renan,Godoy,renan_godoy@yahoo.com,(96) 6868-1814,90717,Masculino,1974-01-21,2021-04-28,20923 Andrea Walk,Santa Gertrudes,São Paulo,Brasil,App
7ad0d016-8ffd-4e0a-acff-ba09dde6d35f,Pedro,Zimmermann,pedro_zimmermann@gmail.com,(93) 2480-1963,2235,Masculino,1997-10-07,2018-12-11,445 Barker Mission Apt. 695,Recife,Pernambuco,Brasil,Web
da18f2f5-b61f-4628-aadf-377528e35555,Fernando,Bessa,fernando_bessa@hotmail.com,(27) 9763-7865,89704,Masculino,1986-07-14,2023-05-28,650 Jacob Rapids Suite 915,São José Do Rio Preto,São Paulo,Brasil,Web
287e9f34-4493-40cc-9771-19029dd2ecd4,Penelope,Dias,penelope151@gmail,(89) 1828-7853,null,Feminino,1991-10-16,2023-01-16,274 Heather Points Suite 334,Bragança Paulista,São Paulo,Brasil,Indicação
aa6ffdfe-e5ef-4a3a-ba58-8161457ac45d,Isadora,Xerez,isadora_xerez@hotmail.com,(88) 5456-3258,null,Feminino,1984-02-13,2019-04-05,4267 Delgado Parkway,Campos Dos Goytacazes,Rio De Janeiro,Brasil,App
5a27428c-805d-4b5e-8d03-f87688273e24,Rafaela,Tobias,rafaela_tobias@1.com.br,(94) 8925-0970,6949,Feminino,1993-09-17,2018-04-15,478 Ryan Dale,Nanuque,Minas Gerais,Brasil,App
2f4b65b9-df64-4550-8c0d-c191cc64c58e,Vilma,Fonseca,vilma_fonseca@hotmail.com,(83) 5246-9241,null,Feminino,2006-03-11,2019-04-23,672 Lisa Radial Suite 530,Vitória Da Conquista,Bahia,Brasil,Indicação
33da0e8d-7589-49bb-905e-a8d3b81e16bb,Leticia,Iglesias,leticia_iglesias@yahoo.com,(82) 0069-4602,6096,Feminino,1953-08-07,2021-06-12,339 Olson Glen Apt. 703,São José Dos Pinhais,Paraná,Brasil,Web
753f5747-039b-4837-b075-81b75c30fb00,Herbert,Xavier,hxavier288@yahoo.com,(12) 3286-8899,null,Masculino,2000-02-03,2021-03-17,4184 Eddie Path,Pantano Grande,Rio Grande Do Sul,Brasil,App
a99c081e-8dee-4913-9e2e-3c37887bbf74,Olivia,Lopes,olivia346@hotmail.com,(87) 0159-9692,null,Feminino,1974-10-03,2022-02-02,18610 Laura Lock,Maringá,Paraná,Brasil,Web
35c0441f-ba6e-48fc-bed0-e922a943870f,Lucas,Monteiro,lucas716@yahoo.com,(89) 7607-9505,null,Masculino,1980-10-14,2019-12-09,7212 Allen Walk Apt. 531,Tefé,Amazonas,Brasil,App
de2dfdd6-f0be-4ea7-9d69-3b515d678f2f,Flavio,Hadad,flavio.hadad@yahoo.com,(83) 7203-6560,null,Masculino,1948-09-29,2021-11-28,0114 Joseph Field Apt. 336,Muriaé,Minas Gerais,Brasil,Indicação
b7fe7f13-ff32-4583-a79c-6f3465525a3f,Gabriela,Zampieri,gabriela.zampieri670@yahoo.com,(65) 4010-5053,91898,Feminino,1975-12-20,2021-01-12,49965 Anthony Tunnel,Porto Velho,Rondônia,Brasil,Web
ae027e43-c564-43ba-844d-b51099be73a5,Julia,Pacheco,jpacheco333@hotmail.com,(15) 9993-9353,null,Feminino,1995-03-28,2021-12-24,541 Kimberly Mews,Boa Viagem,Ceará,Brasil,Web
8dfdcf9d-2489-4115-a999-8247b21319bf,Guilherme,Torres,guilherme_torres@yahoo.com,(75) 3735-7133,null,Masculino,1997-12-06,2022-12-01,45744 Zachary Causeway Suite 073,Goianésia Do Pará,Pará,Brasil,Web
0404372e-8cc3-40e7-98a0-59216702075e,Artur,Domingues,artur921@yahoo.com,(95) 9637-1645,null,Masculino,1995-06-09,2021-11-20,894 Patricia Locks Suite 415,Teresópolis,Rio De Janeiro,Brasil,Indicação
4a2d02ca-a711-48ca-a0e1-75141142e126,Jaqueline,Drummond,jaqueline396@gmail.com,(77) 1801-5771,null,Feminino,1972-07-26,2018-02-02,47284 RICKY POINTS SUITE 059,São Paulo,São Paulo,Brasil,App
ebcab1d0-b717-438e-b48c-ffe0ba73b822,Otavio,Lacerda,olacerda908@yahoo.com,(86) 0670-7262,64239,Masculino,1997-11-10,2020-02-28,1338 Perez Fall,Balneário Gaivota,Santa Catarina,Brasil,Indicação
5e045119-0bde-4288-9d86-5f861e2e41e4,Simone,Quaresma,squaresma393@gmail.com,(73) 1041-3392,null,Feminino,1991-10-01,2021-05-19,898 Dustin Motorway Suite 480,Corumbá,Mato Grosso Do Sul,Brasil,Web
f568fe0a-d649-4d2b-a542-8ce7e5c1aec6,Fernanda,Pinto,fernanda.pinto@yahoo.com,(13) 1456-3986,656,Feminino,1992-05-15,2023-09-06,035 Thomas Valley Apt. 371,Pedreira,São Paulo,Brasil,App
d2ebc553-7355-434a-984a-eb61225b3981,Claudia,Abreu,claudia711@yahoo.com,(96) 9966-7321,null,Feminino,1978-02-14,2023-04-23,972 Harry Bypass Suite 331,Barcarena,Pará,Brasil,Indicação
23582dca-e740-4013-9e97-cd55121958c2,Barbara,Souza,barbara.souza@hotmail.com,(13) 9992-6973,78764,Feminino,1998-02-03,2021-10-23,4600 Dominique Shoals,Camaçari,Bahia,Brasil,Indicação
668cf657-e067-457e-ab39-59da78c1eca3,Elisa,Costa,elisa716@yahoo.com,(86) 5651-3925,null,Feminino,1994-10-16,2019-09-08,37132 Holder Terrace,Boa Vista,Roraima,Brasil,Web
3ff5a966-5c58-4430-aea5-bf9405c67b0f,Luis,Zampieri,luis.zampieri@hotmail.com,(73) 2214-1945,null,Masculino,1997-04-25,2021-05-11,3324 Joseph Court,Lajedo,Pernambuco,Brasil,Web
d62a8737-3a14-40ce-a8d6-df12184ed5fc,Vinicius,Nagata,vinicius.nagata650@gmail,(64) 1120-6723,9109,Masculino,1973-08-09,2021-09-22,4726 Fuentes Fall,São Vicente,São Paulo,Brasil,Web
f529d3d6-b67f-4ba3-9ee7-584825febe53,Benedito,Cunha,benedito.cunha@hotmail.com,(86) 7630-3690,33353,Masculino,2001-02-04,2020-12-25,6141 Rachel Extension Suite 480,Abel Figueiredo,Pará,Brasil,Web
cbb3ecea-0dfb-43c9-ae04-e308585eda2f,Orlando,Nagata,onagata783@yahoo.com,(88) 5063-6655,79014,Masculino,2003-06-05,2021-02-23,34972 Michael Fork,São Raimundo Das Mangabeiras,Maranhão,Brasil,Indicação
322b3a0c-e1de-4aca-b9d1-edceba8d9495,Alessandra,Tobias,alessandra_tobias@hotmail.com,(87) 5487-2751,36554,Feminino,1968-09-24,2024-05-15,06166 Goodwin Trace,Jardim Alegre,Paraná,Brasil,Indicação
67fbf9ea-0a2f-423e-bdd7-5b8430cd8bf9,Gerson,Figueiredo,gerson.figueiredo@yahoo.com,(71) 0111-7918,161,Masculino,1979-04-30,2022-04-27,2105 Mitchell Greens,Manaus,Amazonas,Brasil,Indicação
d9928a76-e6bf-46d8-86c5-2ed553cac9c4,Isabela,Cunha,isabela.cunha@yahoo.com,(67) 5250-3180,null,Feminino,2000-02-03,2022-07-24,75149 Ashley Rue Apt. 246,Itapetinga,Bahia,Brasil,App
7b36cd2b-6eec-48c4-8937-ac005c16a3cb,Wendell,Zanetti,wendell676@yahoo.com,(89) 7018-2088,null,Masculino,1981-01-29,2022-12-30,725 Smith Throughway Suite 498,São Paulo,São Paulo,Brasil,Web
c41e22f1-ba80-46fa-a97f-f3544b1fad65,Berenice,Evangelista,berenice.evangelista100@hotmail.com,(83) 2311-7073,null,Feminino,1995-09-15,2022-12-30,27734 Mckinney Plaza Suite 089,Bilac,São Paulo,Brasil,Web
1564124c-932d-44c1-a1c1-535cf823e366,Larissa,Zimmermann,larissa.zimmermann490@yahoo.com,(83) 7913-8040,null,Feminino,1998-06-07,2024-12-09,768 Wilkinson Ports,Rio De Janeiro,Rio De Janeiro,Brasil,Web
90caad1e-d36b-459d-879b-b1c0718a22d6,Walquiria,Araújo,walquiria.araujo@gmail.com,(14) 4915-9876,4064,Feminino,1981-05-13,2019-01-29,33417 Jackson Mountain Suite 090,Contagem,Minas Gerais,Brasil,App
530e4404-eee5-48a7-a431-c038cea116a9,Laura,Imperatore,laura_imperatore@gmail.com,(87) 6965-3517,null,Feminino,1975-09-07,2022-08-26,895 Nelson Shore,Pelotas,Rio Grande Do Sul,Brasil,Web
d6327e16-9590-4444-aa7b-37bc954bd18a,Sheila,Moura,sheila.moura@gmail.com,(68) 6320-3464,null,Feminino,1998-06-06,2022-11-11,00768 Taylor Parks Apt. 436,Belém,Pará,Brasil,Web
a1992f23-0775-49cf-a7d3-1d526cd56102,Yolanda,Cardoso,yolanda_cardoso@yahoo.com,(84) 1734-4457,84751,Feminino,1999-06-20,2020-06-19,1917 Heidi Vista Apt. 801,Campo Grande,Mato Grosso Do Sul,Brasil,Web
1cb751bf-5e38-4f67-bbfd-65be010323cd,Patrick,Lima,plima523@gmail.com,(67) 9420-0223,null,Masculino,1985-10-05,2019-03-31,76951 Frank Neck Suite 569,Anápolis,Goiás,Brasil,Web
ec65ee04-0be0-495a-8992-a490d777d433,Darlan,Ramos,darlan_ramos@yahoo.com,(86) 8951-6160,null,Masculino,1996-01-05,2022-04-04,915 Ellis Spring,Pacatuba,Ceará,Brasil,Web
fc34652f-34c3-43c6-b97a-32b86efc2403,Valter,Sampaio,valter.sampaio395@gmail.com,(14) 3832-7877,0888,Masculino,2004-01-07,2018-06-30,8368 Fry Passage,Novo Hamburgo,Rio Grande Do Sul,Brasil,Web
f360d5cb-a85b-495f-85cc-9f0d9902eca9,Aline,Zampieri,aline.zampieri680@yahoo.com,(15) 8892-4573,21008,Feminino,1994-12-20,2023-01-15,7855 Barnes Port Apt. 134,Ourinhos,São Paulo,Brasil,Web
076258d9-489b-4c76-abab-f960a5197912,Valter,Tobias,vtobias313@hotmail.com,(93) 6404-6548,409,Masculino,1984-07-10,2024-01-30,757 Lee Rue,Rio De Janeiro,Rio De Janeiro,Brasil,Web
55fcd272-f979-4cce-99bb-6f9e8195f7fa,Yuri,Lima,yuri_lima@gmail.com,(11) 7931-3945,null,Masculino,1996-01-19,2019-05-26,832 William Drive,Recife,Pernambuco,Brasil,App
9c8e2763-5bb6-4406-9ee3-b6f3c9ca79ab,Mauro,Franco,mauro.franco@hotmail.com,(79) 4990-2831,9412,Masculino,1979-10-27,2022-12-01,81052 BARRERA FORK,Lagoa Da Prata,Minas Gerais,Brasil,Indicação
e0bf4dae-838e-47c3-a8af-d24947d751df,Livia,Rodrigues,lrodrigues483@yahoo.com,(97) 3448-6728,314,Feminino,1981-01-25,2018-06-11,782 Jones Forges Suite 242,Bicas,Minas Gerais,Brasil,App
e2b93f3a-cbd7-4fc7-88ee-524c9ec9db41,Silas,Henriques,silas.henriques690@yahoo.com,(89) 2693-4325,null,Masculino,1979-01-15,2018-04-12,72891 Woods Crest Suite 358,Arapiraca,Alagoas,Brasil,Web
82889093-3b15-4112-ae20-8b9f63254267,Celso,Moura,celso596@yahoo.com,(84) 3556-8013,0223,Masculino,1991-09-16,2019-05-10,838 Denise Field Suite 505,Rio Verde,Goiás,Brasil,Web
ef2f4c7f-9a43-4f6a-b4ab-a970b02f10dc,Flavia,Araújo,flavia.araujo@yahoo.com,(88) 8496-4114,null,Feminino,2005-01-25,2018-01-13,87391 Patrick Port,Rio De Janeiro,Rio De Janeiro,Brasil,App
991cf151-741d-467d-b84d-c0266bdee764,Emanuel,Uchoa,euchoa313@yahoo.com,(21) 6596-8169,551,Masculino,1984-03-19,2021-05-24,664 Jennifer Groves Suite 751,Rio De Janeiro,Rio De Janeiro,Brasil,Indicação
ad0df3a3-44e8-40ee-a02f-f0bdd47b5f95,Diana,Hadad,diana.hadad@hotmail.com,(95) 5152-6738,null,Feminino,1995-12-30,2018-08-06,7359 Wilkinson Estate,Franca,São Paulo,Brasil,Web
1e85065e-7bb6-41d4-b944-1142fed078ea,Jorge,Ornelas,jorge.ornelas@yahoo.com,(81) 0119-8509,null,Masculino,1992-12-29,2019-09-17,4751 Beverly Trace Suite 531,Viçosa Do Ceará,Ceará,Brasil,App
cccfb335-8abc-4ff1-b22d-d0064e47d550,Caio,Santos,csantos603@1.com,(16) 8865-5728,0641,Masculino,1988-03-14,2022-04-19,88065 Jacob Lake Apt. 072,Porto Velho,Rondônia,Brasil,Web
349f775f-95ee-4204-a62d-e3af424a4001,Vagner,Alves,vagner.alves680@yahoo.com,(77) 0312-7438,1677,Masculino,1984-09-18,2023-01-18,2891 Ford Harbors Suite 187,Rio De Janeiro,Rio De Janeiro,Brasil,Web
68d8e558-fd1b-4e6d-8afb-4acb762d90b8,Walquiria,Andrade,walquiria236@yahoo.com,(66) 9111-4520,null,Feminino,1997-05-08,2018-06-02,9505 Ann Skyway Suite 211,Campina Grande,Paraíba,Brasil,App
a039ddc3-071c-4d5b-9ade-d3f894af95ac,Rosa,Monteiro,rosa.monteiro825@hotmail.com,(98) 5961-9724,48528,Feminino,1997-09-04,2024-12-05,710 Leon Terrace,Igaracy,Paraíba,Brasil,Web
7e948028-fe5c-4f8e-9876-2b69b38a366c,Fatima,Gomes,fatima836@hotmail.com,(96) 0358-5766,null,Feminino,1987-05-31,2019-12-07,350 Miller Mission,Santana Do Acaraú,Ceará,Brasil,Web
44442b7b-b478-48c7-97db-28c13b2dfed4,Quezia,Barbosa,quezia.barbosa350@yahoo.com,(95) 5737-6385,708,Feminino,1984-10-10,2018-02-02,062 Travis View,Tracuateua,Pará,Brasil,Web
dcb2b12a-acc7-4850-8e5c-6e796e93af99,Herbert,Serrano,herbert.serrano@gmail.com,(96) 6610-1993,9372,Masculino,2001-10-20,2022-11-24,571 Willie Prairie,Barueri,São Paulo,Brasil,App
65597dba-8a5f-482e-81f8-0ed05665ccce,Joana,Fonseca,joana.fonseca955@hotmail.com,(81) 2230-7647,null,Feminino,1977-06-17,2021-12-05,606 Amy Cape,Três Rios,Rio De Janeiro,Brasil,Web
9a042dce-9f06-4b84-ac4d-dbcc83e486df,Alexandre,Evangelista,alexandre.evangelista640@hotmail.com,(11) 6292-6736,286,Masculino,2006-03-28,2024-11-11,682 Steven Springs,Concórdia,Santa Catarina,Brasil,Web
97c89d0f-a68c-4899-a68f-534a7cea06f0,Penelope,Pinto,penelope.pinto@gmail.com,(81) 4850-3160,null,Feminino,1980-08-16,2019-04-08,1983 Joseph Cliffs,Apucarana,Paraná,Brasil,Indicação
ca805cc1-8768-4788-a790-b55afa821d35,Nathan,Andrade,nandrade318@yahoo.com,(77) 1104-3375,93860,Masculino,2003-09-27,2020-06-02,892 Anderson Glens,Sobral,Ceará,Brasil,Web
5be3b06f-8639-4f8a-840c-ae89d5cf9476,Ubirajara,Pires,ubirajara_pires@gmail.com,(92) 6478-6621,558,Masculino,1996-07-15,2023-03-17,375 Charles Path Suite 289,Poços De Caldas,Minas Gerais,Brasil,Web
60075cd8-229e-4bdd-a0bc-9b3d662c67bf,Leonora,Iglesias,leonora.iglesias920@1.com,(89) 1167-6956,370,Feminino,1972-08-11,2023-10-03,2723 Gonzalez Throughway Apt. 639,Minas Gerais,Santa Bárbara,Brasil,Web
bb436b52-c280-452b-912b-d3d5562e2b1c,Emanuel,Cavalcanti,emanuel.cavalcanti@hotmail.com,(75) 8139-2111,null,Masculino,1985-03-14,2020-05-03,1380 Roy Grove Apt. 527,Porto De Moz,Pará,Brasil,Web
4f9321a8-89b8-4bd7-9e8f-2b9b56f58615,Walquiria,Carvalho,walquiria.carvalho695@hotmail.com,(14) 3619-9583,7506,Feminino,1991-05-13,2019-04-03,7396 Tyler Mountain Suite 624,Alumínio,São Paulo,Brasil,Web
bd06ac1d-4e8d-406a-8af0-52e8daebed83,Adriana,Zanetti,azanetti808@gmail.com,(81) 5065-6822,null,Feminino,1982-02-15,2018-11-03,200 Shane Spur Apt. 481,Rondonópolis,Mato Grosso,Brasil,App
6193c2ad-6d30-4988-8bf6-8ddc1621b01c,Laura,Barbosa,laura_barbosa@gmail.com,(82) 4552-3393,019,Feminino,1975-08-23,2021-11-14,17550 Turner Road Apt. 270,São Gonçalo,Rio De Janeiro,Brasil,Web
8559a68b-d50e-42d3-a5d1-904d5752d3e7,Rafael,Yunes,ryunes768@hotmail.com,(94) 5334-6465,495,Masculino,1985-02-28,2018-07-30,2588 Caldwell Haven,Arapoti,Paraná,Brasil,Indicação
b1389ede-601f-43ea-967e-8d3034e63ef4,Guilherme,Oliveira,guilherme_oliveira@hotmail.com,(85) 1363-7058,null,Masculino,2003-02-14,2024-09-09,32892 Christina Streets Suite 628,Morada Nova,Ceará,Brasil,Web
9ba4f74f-91a2-4f12-9041-a8a387364efc,Querinton,Ribeiro,querinton.ribeiro485@yahoo.com,(96) 7093-8442,87821,Masculino,1996-10-09,2021-05-06,71386 Benjamin Island,Bayeux,Paraíba,Brasil,Web
f7c891c8-ad94-42c2-801c-e7d49dc62cf0,Francielly,Souza,francielly.souza330@yahoo.com,(88) 3666-0352,7520,Feminino,1997-02-19,2023-06-22,9745 Matthew Creek Suite 923,São Paulo,São Paulo,Brasil,Web
2f758fb9-5b44-4304-968c-72cb52dede38,Orlanda,Quintanilha,oquintanilha118@yahoo.com,(97) 0948-3958,02555,Feminino,2002-09-27,2018-10-30,541 Brittany Groves,Cuiabá,Mato Grosso,Brasil,Web
b93d3114-6fcd-4df3-bc43-6f1ed74d79be,Adriano,Estrada,adriano.estrada895@gmail.com,(86) 8042-7563,null,Masculino,1994-12-23,2023-07-10,873 West Crest,Itabaianinha,Sergipe,Brasil,App
d8e25df6-a332-4064-a1b3-a47a6e8c13d4,Berenice,Campos,berenice.campos690@hotmail.com,(15) 9674-9481,null,Feminino,2005-09-01,2022-02-10,1138 David Lake Suite 343,Campo Alegre,Alagoas,Brasil,Web
768f0642-6057-4b8c-93cd-537255192ae7,Valdo,Nunes,vnunes733@yahoo.com,(15) 4839-7139,null,Masculino,1988-05-14,2018-03-08,2105 Dixon Trail Suite 700,Rio De Janeiro,Rio De Janeiro,Brasil,Web
b776d42a-028e-4559-a93d-478be90456b6,Carolina,Teixeira,carolina.teixeira@hotmail.com,(83) 9421-4402,56104,Feminino,1976-04-01,2022-09-01,1258 Michael Fords Apt. 606,São Francisco De Itabapoana,Rio De Janeiro,Brasil,Web
8231a938-cd99-4b0a-827c-fbe47672d0d4,Jonatan,Jesus,jonatan.jesus@yahoo.com,(87) 0891-8716,85740,Masculino,1994-07-26,2021-04-28,11816 Joshua Skyway,Marituba,Pará,Brasil,App
d0c19faf-1b91-4865-989f-0ee44c373041,Renan,Xavier,renan391@hotmail.com,(67) 6704-2000,37744,Masculino,1996-07-08,2022-01-04,737 Timothy Forge Apt. 967,Diadema,São Paulo,Brasil,App
55e79f09-4948-4a68-b14e-68ba24e72e0b,Valeria,Esteves,valeria.esteves@hotmail.com,(87) 3964-2934,null,Feminino,1996-11-11,2022-01-23,86043 Heather Mountain Suite 170,Embu Das Artes,São Paulo,Brasil,Web
0fe0e348-9bbe-4cfb-94bf-f7d04ca7e217,Wanessa,Hora,wanessa406@gmail.com,(85) 1551-9195,null,Feminino,1994-09-02,2024-06-03,3107 Green Rue Apt. 312,Belo Horizonte,Minas Gerais,Brasil,Web
b695e46b-c720-4b7b-aec1-f3f4ac1b7436,Jonatan,Moura,jmoura408@hotmail.com,(11) 7396-8348,null,Masculino,1983-03-29,2023-12-22,6013 Moore Hill,Juazeiro,Bahia,Brasil,App
c12ae419-5a85-4525-8f4d-6a1d564e4f9c,Yago,Drummond,yago_drummond@yahoo.com,(97) 1289-9952,null,Masculino,1980-09-14,2019-10-21,567 Sharon Spurs,Contagem,Minas Gerais,Brasil,Web
e0427e67-67d7-459c-b74e-eb57e5b3054b,Renata,Santos,renata.santos@yahoo.com,(96) 5816-4446,9897,Feminino,1997-10-11,2024-07-10,3734 Carlos Prairie Apt. 783,Maceió,Alagoas,Brasil,App
e99f85b2-d993-402d-b6ca-962c489c5156,Adriana,Valente,avalente878@hotmail.com,(82) 2425-7239,10765,Feminino,1998-08-28,2019-06-22,199 Stewart Lakes,Primavera Do Leste,Mato Grosso,Brasil,Web
5c460bc2-5d65-4142-9e53-40bddb44bf67,Ivan,Zampieri,ivan481@yahoo.com,(81) 6632-3234,2713,Masculino,2003-11-22,2024-05-21,70971 Holland Fields,Carapicuíba,São Paulo,Brasil,App
e74b32c8-508b-491b-a3b8-836a72fb36ba,Yasmin,Oliveira,yasmin.oliveira@hotmail.com,(22) 4598-6667,2409,Feminino,1993-12-24,2022-01-16,725 Bush Port Suite 296,Serra,Espírito Santo,Brasil,Indicação
5f5753b2-20b6-46e0-80b7-387ad2e4cc24,Alessandra,Costa,alessandra_costa@yahoo.com,(83) 0729-2415,74125,Feminino,1960-07-14,2020-07-01,3986 Lara Inlet,Rio De Janeiro,Rio De Janeiro,Brasil,Web
9bf94d01-c6ff-49ca-a489-e8b16153fdd7,Zenon,Yamamoto,zenon121@hotmail.com,(13) 5556-8389,null,Masculino,1991-05-20,2024-03-12,1904 Burns Mountains Apt. 411,Boa Vista,Roraima,Brasil,App
e961f972-21f9-4467-a81d-535978d84fdf,Yuri,Brito,yuri441@yahoo.com,(77) 9041-5033,null,Masculino,1970-09-11,2021-03-26,0822 Walker Passage Suite 400,Aracaju,Sergipe,Brasil,App
9b2307be-5435-431b-85a7-23c36f28deff,Ariane,Queiroz,aqueiroz283@yahoo.com,(92) 5862-4046,79823,Feminino,1985-10-05,2023-05-27,7050 Stephen Common Apt. 423,Porto Alegre,Rio Grande Do Sul,Brasil,App
1b86db70-af75-411a-a07d-9638a372ec59,Adriano,Maciel,adriano_maciel@yahoo.com,(85) 4218-9935,422,Masculino,1987-07-18,2020-04-11,1546 Johnson Fields,Santarém,Pará,Brasil,App
4ad10100-69f0-4070-a121-9efc67c2bbd8,Leandro,Nogueira,leandro_nogueira@hotmail.com,(86) 4900-2739,null,Masculino,1983-02-04,2021-01-15,5177 Soto Parkway,Laguna,Santa Catarina,Brasil,Web
69b927bb-f0df-4477-90ef-bb5bf2407835,Laura,Iglesias,laura141@hotmail.com,(74) 0036-2951,21929,Feminino,1986-07-02,2020-10-16,03850 Ashley Stream,Canindé De São Francisco,Sergipe,Brasil,Web
2845bab8-84f7-4237-aa29-9a80500397ec,Emanuel,Batista,ebatista103@gmail.com,(85) 5523-6091,86405,Masculino,1987-04-15,2018-06-24,695 Tammy Gardens,São Luís,Maranhão,Brasil,App
fd57ef66-b5ea-4538-8f9f-88636d5f1b59,Ricardo,Valente,ricardo711@hotmail.com,(75) 0474-2197,1066,Masculino,2006-03-30,2021-04-22,236 Robert Extensions,Palmeira Dos Índios,Alagoas,Brasil,App
7215f1bc-aadd-482f-982c-185be186b1f3,Lucas,Otero,lucas.otero520@1.com,(97) 0679-9738,9311,Masculino,1980-12-08,2021-09-07,6658 Diaz Hollow Apt. 808,Salvador,Bahia,Brasil,Web
2e8c12fd-fd82-4935-960f-757618341959,Hilton,Coelho,hilton106@gmail.com,(91) 4337-3715,58355,Masculino,1976-07-12,2024-11-06,648 Romero Skyway,Lagoa Santa,Minas Gerais,Brasil,Web
f09e8c5a-814b-4e3c-af19-a1921da1dd6f,Jorge,Estrada,jorge.estrada@hotmail.com,(84) 7765-2723,57229,Masculino,1961-11-13,2021-06-25,76100 Steele Bypass Apt. 815,Maceió,Alagoas,Brasil,Web
8f61534f-f89e-4ea5-9bf9-744d2aa6b7cb,Leonora,Monteiro,leonora.monteiro185@1.com,(87) 0423-7279,null,Feminino,1999-04-01,2022-04-13,352 Kevin Valleys Suite 010,Guaratinguetá,São Paulo,Brasil,Indicação
45250ea8-d781-44c5-89bb-edc4b72f083e,Fabricio,Hadad,fabricio_hadad@hotmail.com,(91) 0883-1857,null,Masculino,1979-04-10,2020-02-02,88091 Gross Trace Suite 890,Chapecó,Santa Catarina,Brasil,Indicação
5ecc1451-e2fc-42bb-bc05-1125a54c21a5,Querinton,Franco,querinton_franco@yahoo.com,(91) 5961-2964,86292,Masculino,1979-08-25,2021-09-01,8267 David Common,Várzea Da Palma,Minas Gerais,Brasil,Indicação
5c09d6f5-2d4c-489e-b253-a59e102c3110,Gustavo,Werneck,gustavo506@yahoo.com,(68) 1460-2804,47374,Masculino,1972-04-12,2021-01-18,99842 Lauren Park Suite 804,São Paulo,São Paulo,Brasil,Web
99a2069a-9256-4d4c-a48f-de78e704764e,Hector,Costa,hector.costa@hotmail.com,(62) 0213-2002,7593,Masculino,2005-01-13,2020-03-01,7498 Hendrix Station,Salvador,Bahia,Brasil,Web
f6b50d69-d2a8-44f7-8914-573ff2574d6e,Jaqueline,Campos,jaqueline.campos@hotmail.com,(75) 1608-3721,null,Feminino,2001-07-20,2022-07-26,232 Stephanie Plains,São Paulo,São Paulo,Brasil,Web
26c85bca-b15f-4711-a524-94f7047903f0,Beatriz,Macedo,bmacedo898@hotmail.com,(15) 9598-8424,05985,Feminino,1994-08-11,2022-09-28,914 Trevino Inlet Suite 313,Caucaia,Ceará,Brasil,App
4a578aca-ac4c-4c35-ba86-e1c7a51498ff,Nicole,Otero,nicole_otero@yahoo.com,(99) 2689-3981,89737,Feminino,1987-03-09,2018-12-25,745 Robert Extensions Suite 369,Ipatinga,Minas Gerais,Brasil,Web
f1c92f58-f690-41fe-b708-96ba8a37cf71,Simone,Gomes,simone.gomes@gmail.com,(14) 2979-1866,82692,Feminino,1993-04-19,2019-09-21,58207 Brian Street Suite 750,Curitiba,Paraná,Brasil,Web
d45ee56a-48a0-4b76-93b6-6732bd82858d,Alisson,Menezes,alisson.menezes@gmail.com,(84) 3794-1541,80347,Masculino,1977-04-12,2024-07-26,96769 Holland Pass Apt. 546,Porto Seguro,Bahia,Brasil,Web
505b03cb-e55d-4699-b4c1-ce1634fe7922,Isabela,Jesus,isabela.jesus585@hotmail.com,(82) 0812-3578,null,Feminino,2006-10-29,2019-12-12,30152 Aguilar Flats,Fortaleza,Ceará,Brasil,Web
c29dd4d0-6a09-44e8-9598-462214cb0230,Sheila,Castro,sheila671@yahoo.com,(82) 2167-4530,3061,Feminino,2004-04-03,2023-07-25,032 James Prairie Apt. 015,Paranaíba,Mato Grosso Do Sul,Brasil,Web
4e7eb53a-4323-4171-93c1-ada3b7695701,Cristina,Fernandes,cfernandes843@gmail.com,(97) 0686-8288,null,Feminino,2005-10-03,2019-01-29,25501 Gregory Mountains,Castanhal,Pará,Brasil,Web
86515b63-bd1d-47a6-b132-c901ff85b186,Kevin,Ferreira,kevin.ferreira920@hotmail.com,(95) 2421-3894,6489,Masculino,1985-11-18,2020-01-29,968 Mejia Club,São Paulo,São Paulo,Brasil,Web
e4e5c4b5-667f-4183-8412-f147662c04f7,Gloria,Moura,gloria_moura@gmail.com,(94) 1556-9671,null,Feminino,1971-07-28,2018-05-06,499 Cody Avenue Suite 355,Canoas,Rio Grande Do Sul,Brasil,Web
fc42472a-8202-446d-8beb-f5ee86526d58,Thaisa,Martins,thaisa786@gmail.com,(71) 0624-5533,039,Feminino,2021-12-10,2022-08-09,7448 Christensen Brook Suite 781,Mirador,Maranhão,Brasil,App
9531e391-5d20-4026-aa63-3a122c1bb014,Sergio,Estrada,sergio.estrada@hotmail.com,(13) 9346-9796,null,Masculino,1986-08-20,2019-08-20,1132 Natalie Ville Apt. 248,Aparecida De Goiânia,Goiás,Brasil,Web
3cd8136d-fd5a-4e8c-97a1-68fd824ee20d,Zelia,Nascimento,znascimento883@gmail.com,(82) 1764-0169,null,Feminino,1997-11-25,2023-12-13,289 Mejia Grove,Beberibe,Ceará,Brasil,Indicação
136b69c4-8152-4184-883f-12db7946cf8f,Carla,Klein,carla_klein@yahoo.com,(82) 4376-5532,46946,Feminino,1992-12-21,2019-01-07,52561 Kevin Village,Belo Horizonte,Minas Gerais,Brasil,App
d30dc496-c660-43a6-a52d-09fb090d996e,Heloisa,Guerra,heloisa.guerra905@gmail.com,(83) 1223-9917,8494,Feminino,1994-11-27,2022-09-10,97750 Tracy Forges,Hortolândia,São Paulo,Brasil,Web
a485a03d-abe7-4206-836b-703543464f19,Cecilia,Leite,cleite338@hotmail.com,(74) 4309-2510,22683,Feminino,1994-07-23,2019-01-10,9333 Renee Flat,Feira De Santana,Bahia,Brasil,Web
ac128370-ec54-48bf-b97b-75882178f3a3,Berenice,Gomes,berenice.gomes@gmail.com,(62) 7302-1401,3491,Feminino,1995-02-11,2019-11-07,93145 Myers Avenue,Valentim Gentil,São Paulo,Brasil,Indicação
cdfacb56-5c21-4c66-9535-bbf06ff3e5b4,Wanessa,Teixeira,wanessa.teixeira710@hotmail.com,(85) 6221-3188,null,Feminino,1996-01-17,2022-02-24,47388 Paula Via,São Paulo,São Paulo,Brasil,Web
1ec27379-ed6a-48d7-bc81-80619f9fe447,Rodrigo,Duarte,rodrigo.duarte@hotmail.com,(84) 4873-6146,1019,Masculino,1999-10-16,2019-02-07,85943 Riley Shoal Apt. 901,Juazeiro,Bahia,Brasil,Web
f6cb0bed-5217-45e7-bf5b-c5edfd110138,Isabela,Inocencio,iinocencio748@gmail.com,(66) 0401-2725,26707,Feminino,1978-12-22,2021-12-27,0222 Haynes Ranch,Carira,Sergipe,Brasil,Web
4fca10a3-148c-407d-8c42-763755717b50,Orlanda,Araújo,orlanda_araujo@hotmail.com,(74) 6950-1153,null,Feminino,1960-03-23,2020-12-05,680 Morrison Walks Apt. 308,Salvador,Bahia,Brasil,App
786c008f-f3fc-43c9-a683-d5c4f0b48e22,Fabio,Hora,fabio.hora@yahoo.com,(88) 9248-2521,702,Masculino,1966-08-04,2020-04-20,2903 Whitney Forge Suite 861,Hortolândia,São Paulo,Brasil,App
3aff5eb4-6d1d-4223-8c23-0466728e22c4,Ursula,Fonseca,ufonseca873@yahoo.com,(84) 1368-0627,8438,Feminino,1980-05-19,2018-10-25,6877 Denise Manor,Florianópolis,Santa Catarina,Brasil,Web
ac3e8e43-2ee5-4fdc-b0d3-803d3bb34f20,Tania,Lima,tania766@hotmail.com,(94) 7428-5972,null,Feminino,1972-01-16,2019-05-15,061 Perez Centers Apt. 306,Quiterianópolis,Ceará,Brasil,Web
995b3735-abd2-4d60-9cca-3f420ba86133,Elias,Guimarães,elias_guimaraes@gmail.com,(86) 2073-4378,996,Masculino,2021-07-11,2023-10-16,0109 Jones Course,Imaruí,Santa Catarina,Brasil,Web
6219058d-ac50-427e-81cb-0b0134575cb1,Luciana,Nogueira,lnogueira373@gmail.com,(86) 9022-9764,null,Feminino,1986-08-08,2021-02-19,847 Jesse Lakes Suite 749,Primavera Do Leste,Mato Grosso,Brasil,App
596b1990-e1ba-4f4d-870e-6b50ade11bb4,Carlos,Teixeira,carlos_teixeira@gmail.com,(92) 6654-0888,594,Masculino,1980-08-01,2024-12-02,2186 Carney Lodge Apt. 647,Guararapes,São Paulo,Brasil,App
3341cb8e-1cf0-4c10-ad5c-57f29cc152e1,Luis,Otero,lotero763@gmail.com,(73) 1974-3410,null,Masculino,1990-04-27,2020-02-27,2711 Billy Pines,União,Piauí,Brasil,Web
53d4d35c-9ecd-4a43-925f-52c0dbe8870c,Mirella,Ulhoa,mirella531@yahoo.com,(83) 9421-4402,56104,Feminino,1976-11-20,2018-10-02,687 YOUNG VIEWS SUITE 773,Campo Largo,Paraná,Brasil,App
c0a1236e-bc5c-4a13-a641-b8df36d233e5,Livia,Werneck,livia_werneck@yahoo.com,(86) 3130-9389,4332,Feminino,2001-02-02,2023-04-21,93052 Scott Rest Suite 323,Guarujá,São Paulo,Brasil,Indicação
816a49d2-c4a1-42f9-9165-36ec50b1696c,Zelinda,Menezes,zmenezes573@yahoo.com,(95) 8775-3067,243,Feminino,2005-08-10,2022-01-30,0264 Webb Common Apt. 163,Assaí,Paraná,Brasil,App
925642bd-c241-45fe-8db5-43f6d1133f9d,Wendell,Miranda,wendell.miranda@hotmail.com,(65) 5007-0404,null,Masculino,2001-04-26,2018-05-31,81819 Krista Way,Entre Rios,Bahia,Brasil,Web
bd73dc50-c4bd-40f9-befd-ecc6ed873396,Walquiria,Monteiro,walquiria_monteiro@hotmail.com,(65) 7113-4065,0657,Feminino,2003-11-21,2021-10-20,330 Carlos Grove,Porto Velho,Rondônia,Brasil,Web
dbf6ee6d-5326-42db-af8c-3323bf069e54,Fernando,Ornelas,fernando_ornelas@yahoo.com,(88) 0187-6681,32334,Não Informado,1990-01-07,2021-05-05,882 Fitzpatrick Branch Suite 851,São Paulo,São Paulo,Brasil,App
bb34acf1-73f2-428b-9494-76a48c62dc90,Renan,Coelho,renan_coelho@hotmail.com,(14) 2888-5057,null,Masculino,1975-10-14,2021-03-30,4953 Jill Skyway,Congonhas,Minas Gerais,Brasil,Web
12412b00-e9f3-4348-a222-30ef8010506b,Luis,Moreira,luis.moreira@gmail.com,(14) 8359-4934,null,Masculino,1974-11-13,2023-12-23,012 Krueger Junctions Apt. 326,Cocal,Piauí,Brasil,Web
e3e76cb2-22f0-4546-b062-d80c1bdf9826,Quirino,Oliveira,quirino.oliveira@hotmail.com,(73) 1501-7125,7069,Masculino,1999-07-26,2024-05-30,711 Aaron Spring Apt. 064,São Luís,Maranhão,Brasil,App
7009a94f-5093-41e0-b1a6-c7ea726dc47e,Camila,Rego,camila_rego@yahoo.com,(16) 5828-7784,17812,Feminino,1992-10-08,2023-02-03,15701 Jeremy Centers Apt. 488,Rio De Janeiro,Rio De Janeiro,Brasil,Web
ef1f7ec3-16d7-48c7-ba30-a1d8246d7da4,Penelope,Guimarães,penelope_guimaraes@yahoo.com,(94) 4465-8571,711,Feminino,2005-04-04,2021-07-30,897 Williams Drives,Manaus,Amazonas,Brasil,App
ec8f5644-33e5-43aa-95e7-7f62720164e9,Jaqueline,Leite,jaqueline131@yahoo.com,(11) 8918-9244,231,Feminino,1974-06-26,2023-08-15,6426 Ibarra Rue Suite 571,Ribeirão Do Pinhal,Paraná,Brasil,Indicação
c4d2ef01-2b24-4866-b7ba-563c230bd23f,Quirina,Xisto,quirina_xisto@1.com.br,(95) 1238-4765,1330,Feminino,1998-09-25,2021-04-12,5936 Matthew Squares,Braço Do Norte,Santa Catarina,Brasil,Indicação
d36cc7ee-17fd-4358-bfbe-df240dfa8df7,Marcos,Macedo,marcos_macedo@gmail.com,(84) 7261-4763,089,Não Informado,1980-01-13,2019-02-15,8405 John Isle Apt. 228,Novo Horizonte,São Paulo,Brasil,Web
c858f9ec-3795-4203-95d3-4be94ebfe4dd,Mateus,Tobias,mateus446@yahoo.com,(89) 2952-7227,82873,Masculino,1997-10-24,2021-08-11,717 Jeremy Meadows Apt. 561,Mandaguari,Paraná,Brasil,App
04e10e75-e54a-435a-9e76-64dc60dc9968,Cristiano,Ribeiro,cristiano_ribeiro@hotmail.com,(89) 0540-9487,null,Masculino,1999-06-13,2024-11-22,2164 David Walk Suite 310,Águas Formosas,Minas Gerais,Brasil,Web
ade7f5d8-1e29-4fab-b323-c29bcaaf761c,Bianca,Henriques,bhenriques808@yahoo.com,(89) 1944-6250,5687,Feminino,1982-11-13,2022-04-09,9260 Ebony Walks,Catende,Pernambuco,Brasil,Indicação
aaab8885-d3bb-47ef-845d-d54eb8817563,Darlan,Viana,darlan.viana550@yahoo.com,(94) 7148-7878,null,Masculino,2003-09-28,2021-03-20,23154 ARMSTRONG FOREST SUITE 139,Pimenta Bueno,Rondônia,Brasil,Web
c89e958b-9ee1-4034-995b-64732889ccef,Yolanda,Souza,yolanda791@hotmail.com,(85) 4203-9614,null,Feminino,1998-12-11,2020-11-26,931 Wright Summit,Belém,Pará,Brasil,Web
87a31463-15fa-47a6-ad74-9506e29dbc8b,Karen,Neto,karen_neto@yahoo.com,(73) 2052-9473,null,Feminino,2005-08-15,2020-04-02,755 Eric Way Suite 600,Amélia Rodrigues,Bahia,Brasil,App
b15cdb30-12a4-4a2f-ba2c-d38b99edb560,Diana,Rocha,diana206@1.com,(19) 9661-8966,68870,Feminino,1987-09-23,2018-09-06,206 Downs Drive Suite 824,Belém,Pará,Brasil,App
6f01f60a-7917-4f9e-a5c2-6077e4678d05,Kaique,Oliveira,kaique.oliveira@gmail.com,(79) 3016-6681,25294,Masculino,1983-11-04,2023-08-22,404 Ana Corners Suite 964,Ipameri,Goiás,Brasil,App
84b5351a-2bd4-4ea5-88b2-75e0d7aa6570,Gilberto,Franco,gilberto766@gmail.com,(96) 5741-5585,70981,Masculino,1996-12-17,2020-12-12,43533 Madison Hills Suite 437,Marabá,Pará,Brasil,Web
9948fbf4-9504-496d-b1d1-105f89a427f0,Herbert,Valente,herbert_valente@hotmail.com,(12) 1594-8276,95457,Masculino,2000-08-18,2019-11-03,72119 Santos Rue Apt. 157,Brasília,Distrito Federal,Brasil,Web
29c5f3a2-1010-4cdb-a08d-2bed44687ac3,Samuel,Ortiz,sortiz788@hotmail.com,(77) 1618-0362,9872,Masculino,1971-08-22,2024-06-16,513 Edward Crest,Campinas,São Paulo,Brasil,Web
ad4d7895-a0c5-4d1c-a29e-2285292e23af,Mateus,Martins,mmartins688@gmail.com,(81) 0342-6982,179,Masculino,1992-09-09,2019-06-29,890 Adam Shore Suite 280,Rio De Janeiro,Rio De Janeiro,Brasil,Web
126a3bcb-6c45-4d9a-bf44-a6dff8111545,Ricardo,Pacheco,ricardo.pacheco@hotmail.com,(96) 0707-9904,null,Masculino,1976-10-15,2020-12-25,635 Floyd Divide,Guarulhos,São Paulo,Brasil,Indicação
9ff14815-0386-42c3-9738-16b558dac71e,Daniel,Junqueira,daniel.junqueira@yahoo.com,(94) 4956-3085,7296,Masculino,1980-03-19,2022-03-04,229 Marks Ports Apt. 370,Embu Das Artes,São Paulo,Brasil,Web
2a22d0eb-300f-4c09-9af0-3c1a2a047d8d,Mauro,Batista,mauro.batista@gmail.com,(88) 9367-4021,8569,Masculino,1995-12-26,2022-06-13,0544 Hernandez Curve Suite 241,Nova Iguaçu,Rio De Janeiro,Brasil,Web
ca360f4a-3009-4fa8-9b0a-a6522530093c,Fernanda,Guimarães,fernanda116@yahoo.com,(97) 5953-3549,98232,Feminino,1977-09-02,2021-01-26,31516 Sarah Isle Suite 487,Itabuna,Bahia,Brasil,Web
c839a911-d4af-4d18-acda-eff027d9be3f,Nicole,Gomes,nicole_gomes@yahoo.com,(17) 7829-1849,null,Feminino,2002-08-05,2021-01-09,2856 Welch Pass,Manhuaçu,Minas Gerais,Brasil,App
9b4da19f-301f-4a13-99ec-53675392d63b,Fernando,Martins,fmartins463@hotmail.com,(14) 8777-5595,null,Masculino,1985-04-09,2019-10-23,67396 Lara Viaduct,Santo Ângelo,Rio Grande Do Sul,Brasil,Web
f8e58307-5cef-4cf2-8688-d0fb9d0be272,Miguel,Xerez,miguel.xerez430@yahoo.com,(92) 7795-2129,86189,Masculino,1984-03-17,2021-03-31,07517 Jeffrey Fall Apt. 864,Pirassununga,São Paulo,Brasil,Web
6f242b59-1328-4db3-9815-869b40cfce82,Francisco,Zanetti,francisco.zanetti@gmail.com,(87) 8057-5106,null,Masculino,2001-11-23,2023-12-20,0567 Monique Place Suite 905,Leme,São Paulo,Brasil,App
8b983716-e6e3-4d4d-a6a5-bdb6edbe1d37,Carla,Hora,chora103@hotmail.com,(75) 3550-2553,null,Feminino,1966-04-17,2023-06-07,412 Nicholas Vista,Aquiraz,Ceará,Brasil,Web
e38ee754-d7d1-46c8-ae6f-a00bec172b3c,Celso,Abreu,cabreu458@hotmail.com,(92) 8851-8940,75302,Masculino,1996-09-15,2023-04-17,7359 Watson Hill Suite 756,Cataguases,Minas Gerais,Brasil,Web
51687e84-8dec-41f3-886b-dac8270f589b,Valeria,Tobias,valeria.tobias135@gmail.com,(97) 2578-7539,36439,Feminino,1977-01-12,2019-08-21,26826 Hopkins Mountain Apt. 946,Nossa Senhora Do Socorro,Sergipe,Brasil,Web
0ef547b0-7abd-4214-ad0d-59b69da35404,Zelino,Correia,zelino.correia495@gmail.com,(91) 0734-9654,null,Masculino,2002-03-01,2018-06-10,37744 Hannah Shores,Fortaleza,Ceará,Brasil,Web
a6b7476a-8fe0-4e5f-9d63-6a246ddb6283,Quirina,Queiroz,quirina_queiroz@gmail.com,(93) 6542-9427,null,Feminino,1994-07-07,2022-04-23,2013 Kennedy Junction,São Paulo,São Paulo,Brasil,App
887cd419-642f-41ea-97ec-372f92b2b49e,Paulo,Carvalho,paulo_carvalho@gmail.com,(84) 1157-1952,854,Masculino,2002-07-21,2021-08-10,443 Garcia Fields Suite 538,Gravataí,Rio Grande Do Sul,Brasil,App
8348754f-9f0f-4673-88da-15910482f0ea,Sheila,Hora,sheila.hora@gmail.com,(79) 4720-5382,767,Feminino,1992-06-02,2018-12-15,3769 Schroeder Islands Apt. 349,Salvador,Bahia,Brasil,Indicação
1ace1025-148a-402c-babd-f96ee0eb0635,Wanessa,Orozco,wanessa.orozco800@hotmail.com,(98) 1665-6834,null,Feminino,1994-12-23,2022-01-06,55081 Evans Rapids Suite 989,Duque De Caxias,Rio De Janeiro,Brasil,Web
c5e93886-dab9-429c-b17e-72916396957b,Leonardo,Zimmermann,leonardo.zimmermann795@gmail.com,(86) 3137-3846,0317,Masculino,2003-09-29,2022-05-04,88742 Mckee Village,Tuparendi,Rio Grande Do Sul,Brasil,App
2e44e3bd-a51e-45ff-9d00-0d9f38d7c34e,Bianca,Viana,bviana268@hotmail.com,(95) 7830-0947,979,Feminino,2000-07-11,2021-10-11,85867 Gates Shoals,Açailândia,Maranhão,Brasil,App
2538ad8d-3a6c-4d9a-888b-b416552fd3f1,Gustavo,Borges,gustavo_borges@gmail.com,(88) 8344-0905,null,Masculino,1987-09-04,2021-04-19,10819 Julie Port Suite 498,Fortaleza,Ceará,Brasil,Web
cf93a24b-8e4a-4d66-8f47-33e0c75e8d08,Elaine,Orozco,elaine.orozco@hotmail.com,(92) 1905-9244,null,Feminino,2001-12-14,2021-02-22,7148 Ashley Mountains,Além Paraíba,Minas Gerais,Brasil,Web
594594e0-df49-4a86-871c-7e3151e832ad,Otavio,Fernandes,otavio901@yahoo.com,(73) 3089-4042,692,Masculino,1979-08-21,2019-02-16,9846 Matthews Way,São Luís,Maranhão,Brasil,App
69e7e6be-1efb-4546-804d-c164579e263e,Vinicius,Sampaio,vinicius.sampaio@hotmail.com,(89) 7744-4620,null,Masculino,1996-08-01,2020-05-20,5427 Cooper Plains,Rio Largo,Alagoas,Brasil,Web
d8aa3087-a606-462d-b345-101ec946b7f1,Silvio,Cunha,silvio.cunha225@hotmail.com,(83) 0494-4420,8765,Masculino,2002-01-24,2024-02-04,1015 Jody Isle,Niterói,Rio De Janeiro,Brasil,Web
ca59687e-5ddd-42a0-a851-e1c4dfdcb695,Giovanna,Menezes,giovanna_menezes@yahoo.com,(89) 6586-5711,null,Feminino,1992-06-04,2022-02-15,962 Mendoza Land,Santana Do Paraíso,Minas Gerais,Brasil,Web
92e3e2e1-ad2b-4c2f-bdf0-7e7634130707,Noemi,Vargas,noemi.vargas@gmail.com,(77) 5101-8256,8660,Feminino,1967-08-16,2020-03-17,730 Gina Shoals,São João Do Carú,Maranhão,Brasil,Web
8a12b33f-2c4c-4b09-ac02-9ceabf429f31,Vagner,Brito,vagner736@hotmail.com,(86) 1298-6821,null,Masculino,1996-07-30,2022-10-27,7926 Glass Trace,Palmeirante,Tocantins,Brasil,Web
9ad22336-7b31-4cac-8e04-311a3e65f2da,Livia,Lacerda,livia.lacerda@gmail.com,(75) 1705-6135,null,Feminino,1992-12-02,2021-06-09,456 Garcia Lodge,Várzea Grande,Mato Grosso,Brasil,App
fb1c4880-0369-4ac2-a61c-d9d772db9ece,Tulio,Abreu,tulio_abreu@yahoo.com,(16) 5781-4997,null,Masculino,2005-12-06,2018-08-25,5412 Molly Road,Brasília De Minas,Minas Gerais,Brasil,App
d4003990-c05d-434a-adef-85ef80fef346,Sandra,Evangelista,sandra.evangelista@hotmail.com,(66) 5346-2340,null,Feminino,1998-09-08,2018-04-12,771 Ward Tunnel,Cristinápolis,Sergipe,Brasil,App
7d1ea815-95cd-4bb2-90b5-207a57fc8d4b,Nicole,Araújo,nicole.araujo@yahoo.com,(77) 0481-5037,51260,Feminino,1966-09-17,2019-10-19,66272 Dawson Route Suite 133,Ananindeua,Pará,Brasil,Web
9a3ac7dc-58b5-4934-9b4e-b849f85f4a53,Silvio,Tobias,silvio826@hotmail.com,(34) 8837-9579,null,Masculino,1998-03-10,2018-06-20,1102 James Gateway,Fortaleza,Ceará,Brasil,Indicação
0b6b23b0-8f35-4d0c-8633-4ff04feeef14,Luan,Andrade,luan776@yahoo.com,(91) 8697-5613,35124,Masculino,1973-11-06,2022-06-09,882 Reed Cliffs,Teodoro Sampaio,São Paulo,Brasil,Indicação
92b1e48f-1dde-4135-82f3-1bcf59a7c8f2,Samuel,Lopes,slopes358@gmail.com,(84) 4669-0324,87658,Masculino,1997-01-11,2021-07-01,671 Smith Ferry Suite 157,Recife,Pernambuco,Brasil,Web
f109aa1a-4ae6-465e-a2ee-d23c08e1d147,Roberta,Serrano,roberta346@yahoo.com,(87) 3144-6529,null,Feminino,1994-06-22,2021-06-06,75932 Julie Plains Suite 634,Curitiba,Paraná,Brasil,Web
099377e0-c80e-408a-b8ce-861b8ae116f8,Julia,Guerra,julia.guerra305@yahoo.com,(93) 0969-3745,null,Feminino,1972-07-17,2023-05-20,182 White Crossing,Palestina De Goiás,Goiás,Brasil,Web
e54f2fec-6b2d-447f-bf6a-2a40eddba025,Cintia,Xisto,cintia451@hotmail.com,(12) 9350-7495,null,Feminino,1996-08-27,2023-11-24,482 Williams Burg Apt. 986,Itapecuru Mirim,Maranhão,Brasil,App
44c41cc2-7951-48ce-be40-9bd047f560bc,Samuel,Iglesias,samuel711@hotmail.com,(97) 2964-8383,null,Masculino,1988-07-26,2022-02-20,960 Dawn Run Apt. 281,Sobral,Ceará,Brasil,Web
47080832-f08e-46de-973c-df982207883c,Mariana,Sampaio,mariana.sampaio990@yahoo.com,(83) 8040-6291,null,Feminino,1996-02-07,2019-09-26,590 Catherine Roads,Barra Do Quaraí,Rio Grande Do Sul,Brasil,Web
8094cb6a-5583-4f7a-902e-73a3eade891b,Bruno,Campos,bruno.campos855@hotmail.com,(91) 8326-9326,8714,Masculino,1975-08-02,2021-07-16,407 Murray Gateway,São Paulo,São Paulo,Brasil,Indicação
5ff62152-746e-4e9f-8526-5692279d609d,Zelinda,Fonseca,zelinda.fonseca675@hotmail.com,(82) 1277-3914,null,Feminino,1992-02-10,2023-07-03,7505 Melton Orchard Apt. 180,Osasco,São Paulo,Brasil,App
a205dbd3-d7fa-4eeb-a25b-a0c37f9925f6,Yonatan,Tavares,yonatan.tavares@hotmail.com,(93) 3817-9092,null,Masculino,2002-09-21,2023-10-14,791 Mark Way,Palhoça,Santa Catarina,Brasil,Web
7167c1fa-14aa-47f5-8bb7-61c40b7a9c3c,Zenon,Santos,zenon.santos980@gmail.com,(13) 4588-2777,1101,Masculino,2004-02-01,2020-10-03,857 Richards View,Jardim,Mato Grosso Do Sul,Brasil,Web
7fd1781c-28ad-4427-b84e-c80e3c4c3007,Marta,Araújo,marta_araujo@yahoo.com,(97) 7815-5299,null,Feminino,1972-03-16,2023-07-08,9602 Scott Burgs Suite 389,Guarulhos,São Paulo,Brasil,Web
4cfd1951-e41f-4a0f-b43f-d27b30213000,Ulisses,Iglesias,ulisses.iglesias@yahoo.com,(82) 5229-1756,14990,Masculino,2005-05-02,2021-06-19,4517 Bryant Brooks Apt. 089,Suzano,São Paulo,Brasil,Indicação
f7f16470-313c-41ef-9cb2-8e8462d6636b,Samuel,Hadad,samuel.hadad155@yahoo.com,(16) 9048-9595,null,Masculino,1977-01-29,2018-09-18,07112 Jaclyn Meadow Suite 762,Santa Luzia D'oeste,Rondônia,Brasil,App
12c61230-b10e-4c94-b484-02e6e2b76798,Xenofonte,Siqueira,xenofonte.siqueira360@hotmail.com,(92) 2194-8249,null,Masculino,1983-10-11,2021-07-01,351 Veronica Mission Suite 972,Araçatuba,São Paulo,Brasil,Web
fde4dfa0-d6c3-4b21-ab64-88e7f0497f27,Breno,Menezes,breno.menezes825@yahoo.com,(91) 7285-2534,4127,Masculino,1983-07-27,2018-05-06,8225 Whitney Coves Suite 400,Juazeiro Do Norte,Ceará,Brasil,Web
3971b0fe-773d-4688-a842-1a9365a2d6e4,Fernanda,Correia,fernanda511@gmail.com,(92) 4882-3818,2586,Feminino,1982-11-02,2021-09-15,8549 Renee Plaza,Pindamonhangaba,São Paulo,Brasil,Web
ab8b7b63-df4f-4eae-a4b1-e6c4c492fe58,Artur,Ribeiro,artur_ribeiro@gmail.com,(91) 9511-7198,235,Masculino,1969-10-04,2024-10-24,06536 Steven Walk Suite 797,Serra,Espírito Santo,Brasil,Web
41f6228a-1400-4475-81e0-2a3e54d667f3,Mariana,Castro,mariana.castro@gmail.com,(74) 3833-1060,null,Feminino,1976-10-17,2019-06-19,2123 Ford Land,Várzea Paulista,São Paulo,Brasil,App
0a7b4c2e-cb1a-400f-a468-c772d4629412,Tania,Uchoa,tania_uchoa@gmail.com,(93) 4859-3401,1193,Feminino,1987-04-06,2024-03-04,5764 Johnson Falls Suite 447,Bom Sucesso,Paraíba,Brasil,Web
f620a940-7259-4af3-a65f-7b0b08411152,Murilo,Valente,murilo.valente@yahoo.com,(65) 5614-4212,742,Masculino,1982-10-07,2023-03-17,64971 Donald Mount,Santarém,Pará,Brasil,Web
c67e17cd-1483-4c75-ba49-eab5d830d56c,Jonatan,Amorim,jonatan.amorim@gmail.com,(95) 3959-9177,null,Masculino,1946-12-23,2023-08-30,1375 Jones Crest,São José Do Rio Preto,São Paulo,Brasil,App
2f286d8d-5ed5-4ddb-a649-f9eef94a1829,Nicolas,Garcia,ngarcia123@gmail.com,(83) 3414-5640,846,Masculino,1986-10-17,2018-10-13,04383 April Wells Apt. 302,Tucuruí,Pará,Brasil,App
a065df3f-24c1-4429-b24b-af41dbaba62d,Helena,Lacerda,helena_lacerda@gmail.com,(73) 4630-3237,5084,Feminino,1992-08-27,2023-01-31,8526 Miller Burg Suite 933,Carnaúba Dos Dantas,Rio Grande Do Norte,Brasil,Indicação
78b8300d-e978-4e16-8c82-fb683450c8a4,Larissa,Henriques,larissa931@hotmail.com,(82) 1023-7558,119,Feminino,1995-07-23,2020-11-25,459 Diana Road Apt. 525,Rio De Janeiro,Rio De Janeiro,Brasil,App
3cb921cc-8ecc-48e4-aa95-6fae38d59a4a,Jonatan,Dias,jonatan.dias640@hotmail.com,(84) 8911-5504,null,Masculino,1999-03-19,2024-11-11,5282 Jessica River,Mairiporã,São Paulo,Brasil,Web
7505e354-d2e2-4363-a06d-1b2d49016641,Thaisa,Macedo,thaisa101@hotmail.com,(89) 0158-3944,null,Feminino,1982-07-06,2022-01-13,65402 Tara Island Apt. 145,Vila Velha,Espírito Santo,Brasil,Web
0b1177cf-c41c-4097-aaf5-b15efcf08c35,Jaqueline,Souza,jaqueline.souza265@gmail.com,(97) 7296-5295,5229,Feminino,1981-07-17,2018-03-12,471 Hernandez Grove Suite 608,Maringá,Paraná,Brasil,App
54311855-6392-4fab-8a12-45eb18b0498e,Walquiria,Garcia,walquiria_garcia@yahoo.com,(79) 3033-3445,643,Feminino,2000-10-28,2024-07-04,76843 Anthony Forges,São Paulo,São Paulo,Brasil,App
c172fd3b-bef9-4124-a89c-976921382ceb,Amelia,Campos,acampos573@yahoo.com,(77) 1049-1229,null,Feminino,2004-11-08,2019-01-09,6071 Alex Keys,Coribe,Bahia,Brasil,App
b351c28c-7654-4502-bcfe-62d2a969513b,Gabriel,Freitas,gabriel.freitas905@gmail.com,(84) 1827-6203,565,Masculino,1985-04-30,2024-01-30,739 Warren Plaza,Santa Luzia,Minas Gerais,Brasil,App
a0c76ca6-0d2d-4c50-84c5-10cac16712bb,Bianca,Ferreira,bianca.ferreira830@yahoo.com,(74) 6723-9030,810,Feminino,2017-10-20,2019-12-21,00319 Williams Glen,Itamaraju,Bahia,Brasil,App
eb5238e3-a1ca-4e25-9db2-b663afd17fe0,Luciana,Yunes,luciana.yunes825@yahoo.com,(86) 1350-9956,812,Feminino,1982-08-21,2023-06-20,433 Stuart Turnpike Suite 076,Cumaru,Pernambuco,Brasil,Indicação
ef0a7b92-0e20-4c6a-8e3f-7e071038f68c,Quezia,Gomes,qgomes283@yahoo.com,(77) 6604-9313,null,Feminino,1975-05-17,2018-12-30,72343 Mills Run Suite 582,São Leopoldo,Rio Grande Do Sul,Brasil,Web
d6dcc5e5-d6c7-464e-9d8e-1dfbc390ec79,Soraya,Werneck,swerneck203@hotmail.com,(88) 1907-5179,3681,Feminino,1989-01-10,2018-09-01,303 Jeremy Plaza,São Carlos Do Ivaí,Paraná,Brasil,Web
11eae6a0-c04d-4e90-aaeb-c312cdd85f4c,Pedro,Ortiz,pedro.ortiz@gmail.com,(13) 0679-9769,null,Masculino,1987-06-24,2021-08-03,686 Julia Union Apt. 529,São Paulo,São Paulo,Brasil,Web
aac74435-d797-4fda-8f9d-2850e1d49690,Alexandre,Castro,acastro593@hotmail.com,(81) 4706-7091,62924,Masculino,1999-05-28,2022-10-24,112 Nicholas Point Suite 205,São Paulo,São Paulo,Brasil,App
f03ee737-6caa-4d53-bc08-4d80547a6451,Beto,Yokoyama,beto.yokoyama@hotmail.com,(92) 7227-2866,841,Masculino,1973-06-01,2023-07-14,53504 Lane Rapid Apt. 733,Piracicaba,São Paulo,Brasil,Web
074a6094-5c16-450e-80e9-f5a8fb3fe0b2,Sandra,Queiroz,sandra.queiroz@hotmail.com,(75) 1093-1360,09212,Feminino,1997-07-24,2022-07-24,2312 Alex Cliffs,Caucaia,Ceará,Brasil,App
9e5f576d-63b2-4b6e-aa47-db58227c958b,Gabriela,Fonseca,gfonseca303@hotmail.com,(87) 1186-5062,3958,Feminino,1978-09-19,2022-03-23,0552 Amanda Square,Guajará-mirim,Rondônia,Brasil,App
0428894b-bd6a-4e34-8b76-715bdebfbd59,Plinio,Guimarães,plinio_guimaraes@gmail.com,(13) 9794-6305,null,Masculino,2021-04-28,2022-03-23,3268 Brooke Creek,Santos,São Paulo,Brasil,Web
8aeef6f5-6d60-4f56-99af-c227b04f74da,João,Miranda,jmiranda113@gmail.com,(92) 9936-2322,98938,Masculino,1992-10-04,2020-12-13,63281 Hannah Forest Apt. 254,Sobral,Ceará,Brasil,App
3ea66b92-8e8f-42cd-a688-d82019add1f9,Beto,Inocencio,beto261@gmail.com,(96) 7824-6790,889,Masculino,2006-04-14,2018-03-27,444 Kimberly Neck,Itabira,Minas Gerais,Brasil,Web
93455a22-cd0e-4859-842a-290a966d3cd9,Fabio,Nagata,fabio.nagata260@gmail.com,(98) 8937-7462,null,Masculino,1989-06-19,2018-08-27,567 Patricia Street,Campinas,São Paulo,Brasil,Web
172e509e-bf1c-4137-8c53-82770d9ed1d3,Urania,Vargas,urania_vargas@gmail.com,(88) 3815-5975,753,Feminino,2001-07-16,2018-04-08,306 Adam Mill,Ananindeua,Pará,Brasil,Web
ed0dde2b-73e8-4a31-a932-ac96bc58f0cf,Quesley,Guerra,quesley_guerra@yahoo.com,(86) 2660-9461,6939,Masculino,1977-12-23,2020-11-28,4023 Robin Dale Apt. 523,Aparecida De Goiânia,Goiás,Brasil,App
bc6f742d-1aee-4430-b120-5368528b80fd,João,Andrade,joao.andrade485@yahoo.com,(92) 3765-1707,null,Masculino,1981-03-31,2019-04-26,7706 Sandra Parkway,Cabo Frio,Rio De Janeiro,Brasil,Web
12491eac-6971-422e-b32d-67ec2b4133ab,Francielly,Estrada,festrada193@gmail.com,(77) 1471-1156,921,Feminino,1983-11-28,2024-04-04,8744 Beth Unions Suite 365,Itajaí,Santa Catarina,Brasil,App
83d39243-958d-463a-9d0f-fd6351af710f,Veronica,Serrano,veronica391@yahoo.com,(81) 6545-7061,null,Feminino,1970-09-09,2022-12-21,2308 Henderson Skyway,Paracuru,Ceará,Brasil,App
ffb1bfd6-438e-461a-90da-643e38ec7de6,Larissa,Brito,larissa941@hotmail.com,(86) 9102-9660,null,Feminino,1999-10-13,2022-01-29,332 Stephen Plain Suite 387,Londrina,Paraná,Brasil,Web
ee52fa21-48a8-445c-929c-8fbbc3465c6d,Ingrid,Godoy,igodoy583@gmail.com,(85) 4814-6635,8898,Feminino,1976-08-01,2018-02-24,6387 Joel Shoal Suite 985,Gongogi,Bahia,Brasil,Web
5f5a20c1-2887-45a2-b8c1-ed4ff7c669b8,Valdo,Garcia,valdo.garcia@gmail.com,(87) 7021-9761,null,Masculino,2001-10-20,2020-03-22,5348 Lori Crossroad Suite 537,Uberlândia,Minas Gerais,Brasil,Indicação
7414a94f-fb3b-4978-8839-c2d9e3419621,Luana,Viana,luana_viana@yahoo.com,(83) 6457-8232,148,Feminino,1945-07-16,2022-10-19,5145 Christopher Land,Amparo,São Paulo,Brasil,Web
846a2cb0-33e2-4a22-9196-7283919c12da,Ursula,Luz,ursula.luz@hotmail.com,(77) 6424-2671,56212,Feminino,1954-04-08,2018-01-03,26906 Padilla Loop,Cotia,São Paulo,Brasil,Web
fe27fc1b-fdfb-446f-a47e-52d265f84739,Gabriel,Cardoso,gabriel906@hotmail.com,(83) 4100-9488,null,Masculino,1946-05-27,2023-11-13,2136 Clarke Cliffs Suite 624,Marechal Cândido Rondon,Paraná,Brasil,Web
08523126-e4eb-41e6-8fd4-f8d8a428325e,Leticia,Uchoa,luchoa938@gmail.com,(92) 7294-6529,1226,Feminino,1978-09-04,2018-10-26,83969 Samantha Field Suite 919,Rio De Janeiro,Rio De Janeiro,Brasil,Indicação
80e728cf-eea4-414b-a236-9f70bbda1a8a,Marcos,Vargas,marcos.vargas@gmail.com,(83) 5465-2423,62860,Masculino,2002-01-06,2018-10-13,8797 Johnson Plaza Suite 644,Brusque,Santa Catarina,Brasil,App
17714486-77ff-4fa1-ba00-b101c522dfca,Herbert,Cunha,herbert.cunha930@hotmail.com,(89) 9571-5319,9734,Masculino,2000-04-02,2019-01-03,485 James Estate,Carapicuíba,São Paulo,Brasil,App
66e9d0c0-9fe2-4fd9-b5d7-2d16087adecc,Giovana,Ramos,giovana.ramos@gmail.com,(94) 4953-7072,null,Feminino,2005-11-07,2020-08-15,29773 Robert Ranch,Extrema,Minas Gerais,Brasil,App
d9dceffc-33e5-405d-ae62-2dc0b10fb983,Alice,Uchoa,alice.uchoa@gmail.com,(16) 9547-7407,1105,Feminino,1977-04-02,2018-03-03,801 Nguyen Via Suite 258,Salvador,Bahia,Brasil,Web
366e46cb-c008-4993-9c7e-a85e3d9ca709,Artur,Pereira,apereira628@hotmail.com,(79) 3909-8010,494,Masculino,1975-07-29,2019-04-28,75838 Garza View Apt. 921,Goiânia,Goiás,Brasil,Web
bd6bd6bb-ce3f-445b-a351-07f7d366cc83,Ubirajara,Xerez,ubirajara_xerez@gmail.com,(79) 4381-3355,null,Masculino,2004-06-28,2021-09-30,8555 Frey Mission Suite 685,Nova Belém,Minas Gerais,Brasil,App
237d35dd-ceeb-4e0b-a770-b036a8f97d6e,Fatima,Campos,fatima.campos@hotmail.com,(75) 1754-1211,null,Feminino,2004-02-21,2023-01-12,08733 Stone Ridges,Janaúba,Minas Gerais,Brasil,App
315421fd-c81d-4fdd-b5c9-017142579719,Fatima,Gomes,fatima.gomes940@gmail.com,(91) 8234-7491,6114,Feminino,1981-10-11,2022-03-23,222 Raymond Spur Suite 347,Chapecó,Santa Catarina,Brasil,Web
663cb9e5-cf55-4afc-ac4a-d2110be44285,Rafaela,Orozco,rorozco658@hotmail.com,(13) 7332-5678,743,Feminino,1967-05-27,2023-05-23,944 Jonathan Corners,Vitória,Espírito Santo,Brasil,App
74d1e70e-c13a-4345-8d69-5fff2e289b58,Ruan,Carvalho,ruan_carvalho@yahoo.com,(92) 7992-4406,87652,Masculino,2020-03-16,2022-03-27,3932 Jeremiah Extension Suite 543,Patrocínio,Minas Gerais,Brasil,Web
94a4c907-336a-4edc-87e7-971470533435,Amelia,Coutinho,amelia.coutinho@yahoo.com,(79) 9511-3131,null,Feminino,1975-02-06,2020-05-09,19346 Dillon Stream Suite 297,Salvador,Bahia,Brasil,Web
5958924a-444d-48ee-9e31-965416310a21,Daniela,Garcia,daniela681@hotmail.com,(82) 2853-0757,5602,Feminino,1981-03-26,2021-12-23,154 Torres Coves Apt. 821,Brasília,Distrito Federal,Brasil,Web
ad0b69bb-5383-4825-a4b9-1988fa3617a8,Thaisa,Werneck,twerneck648@hotmail.com,(77) 2871-2116,2924,Feminino,1983-09-27,2022-04-02,0039 Simpson Divide,São Bernardo Do Campo,São Paulo,Brasil,App
8a4f1175-68df-4c8b-8fb0-857931961bf4,Bianca,Tavares,bianca856@gmail.com,(97) 9861-5945,null,Feminino,1996-02-20,2021-05-09,50590 Manning Extensions,São Paulo,São Paulo,Brasil,Web
f294bc34-6110-42aa-85cd-6725462e6f93,Urania,Pacheco,urania.pacheco@gmail.com,(77) 0109-0713,85020,Feminino,1983-07-23,2022-10-16,845 Wright Shoal,Muquém Do São Francisco,Bahia,Brasil,Web
11d4947c-bfc4-42c2-8e24-78a76cc7fb68,Giovana,Uchoa,guchoa498@hotmail.com,(93) 2237-7506,850,Feminino,1978-04-12,2021-07-22,1321 Anthony Underpass Suite 139,Baião,Pará,Brasil,Web
664facde-c5cc-4ff7-9c47-fcc2fb5b5964,Rafaela,Moura,rafaela731@hotmail.com,(91) 8457-7057,null,Feminino,1987-11-01,2023-11-16,4501 KELLY EXPRESSWAY SUITE 353,Salto,São Paulo,Brasil,App
eeb12e34-b5a3-40c6-be93-a17dd3406240,Leandro,Santos,leandro.santos@yahoo.com,(94) 1503-6986,8786,Masculino,1984-03-20,2022-12-03,864 Brenda Crest Suite 224,São Pedro Da Aldeia,Rio De Janeiro,Brasil,App
58a3f1c7-a25e-48ed-a67f-dab10145aca2,Otavia,Iglesias,otavia261@yahoo.com,(95) 8189-6560,47986,Feminino,1996-04-04,2023-04-11,2679 Vincent Trace,Santo André,São Paulo,Brasil,Web
7889d004-9cea-42d4-98f9-7ea66b341f79,Valeria,Siqueira,valeria556@gmail.com,(61) 1133-4103,826,Feminino,1979-08-27,2023-04-09,2899 Anthony Route,Juruti,Pará,Brasil,App
3cba4b5e-a8a7-4c36-b799-caa3540c6cd1,Patricia,Ferreira,patricia.ferreira@gmail,(86) 5809-1568,2982,Feminino,1968-08-26,2021-05-22,193 Dawn Spring,Sorocaba,São Paulo,Brasil,Web
ff5499af-b3a8-4940-8048-436d44d744ef,Quirina,Barbosa,quirina_barbosa@yahoo.com,(74) 5042-9063,null,Feminino,1978-09-09,2020-12-03,549 Gibson Prairie Apt. 842,Lagarto,Sergipe,Brasil,Indicação
3a9833de-950f-4bc0-b07b-d2afe22b2f46,Ulisses,Rego,urego183@hotmail.com,(93) 6990-4147,737,Masculino,1997-04-23,2022-12-30,609 William Glens,São Félix,Bahia,Brasil,Web
4cccb701-b86d-4585-b407-afb32810ec86,Tatiana,Guerra,tatiana.guerra@gmail.com,(17) 9529-7398,9835,Feminino,1984-12-06,2023-12-05,73109 Doris Center,São Paulo,São Paulo,Brasil,Web
9856c45b-b5fd-43b6-a685-f7928d5889ea,Artur,Lacerda,artur_lacerda@gmail.com,(93) 4814-9708,null,Masculino,2003-08-01,2022-11-14,14533 Washington Corner Apt. 050,São Paulo,São Paulo,Brasil,Web
685e5927-de47-47a3-99a2-987e876debee,Wanessa,Nagata,wnagata783@hotmail.com,(97) 3453-7989,32882,Feminino,2005-02-19,2022-12-06,003 Hannah Isle Apt. 044,Duas Barras,Rio De Janeiro,Brasil,Web
36a727c3-254d-43b0-b424-2048ef14e8b1,Simone,Menezes,simone_menezes@yahoo.com,(87) 7238-8111,null,Feminino,1984-05-30,2021-10-07,82518 Wilson Flat,Pombal,Paraíba,Brasil,Indicação
ae61a252-056c-4fba-ac77-0f2f6de9b470,Ingrid,Neves,ingrid.neves710@gmail.com,(93) 9981-1249,null,Feminino,1962-05-04,2022-04-18,22400 John Orchard,Manaus,Amazonas,Brasil,Web
1a8cec3d-85ee-4ee4-9644-1bf6ccc32deb,Simone,Amorim,simone.amorim570@hotmail.com,(94) 0269-6844,null,Feminino,1990-10-09,2020-02-10,547 Jones Union Apt. 216,Duque De Caxias,Rio De Janeiro,Brasil,Web
ccda693e-e166-4fc4-a1cc-aaaab334a9c1,Joana,Lopes,jlopes583@gmail,(96) 8499-4084,9822,Feminino,1997-11-05,2022-10-10,80255 Reid Manors Apt. 675,Várzea,Rio Grande Do Norte,Brasil,Indicação
1f3cc349-b2ae-45c7-9322-d1ac96b586e4,Jorge,Lopes,jlopes813@yahoo.com,(93) 3765-7420,null,Masculino,1999-03-26,2022-11-24,7863 Laura Hollow,Iturama,Minas Gerais,Brasil,Web
7839f4f6-701d-48ab-b515-1928ad723f73,Mariana,Araújo,mariana_araujo@gmail.com,(85) 5018-8037,null,Feminino,1987-06-18,2024-07-02,9226 Carol Mountain,Niterói,Rio De Janeiro,Brasil,Indicação
c29702ef-2131-4df7-8462-042a7d0abf16,Gisele,Prado,gprado958@hotmail.com,(51) 0710-0315,null,Feminino,1998-10-16,2021-02-05,0200 Henderson Oval Apt. 249,Rio De Janeiro,Rio De Janeiro,Brasil,Indicação
c033041a-8714-4e12-980d-bba76af8797f,Mariana,Menezes,mariana776@yahoo.com,(98) 6953-2578,549,Feminino,1969-11-05,2019-11-19,24217 Charles Via Apt. 683,Sete Lagoas,Minas Gerais,Brasil,Web
64bc96db-2532-449a-b008-ccaa9c40cb37,Giovana,Garcia,giovana_garcia@yahoo.com,(84) 5442-3759,867,Feminino,1988-09-26,2023-01-21,3376 Melissa Valleys Suite 979,Alagoinhas,Bahia,Brasil,App
43a6a9c7-c22c-48c8-a1df-2cfb2bb14c97,Walquiria,Moura,walquiria701@hotmail.com,(73) 1355-4254,79944,Feminino,1988-04-04,2021-11-06,3198 Keller Crossing Suite 692,Sarandi,Paraná,Brasil,Web
73382742-fce4-4a66-a337-da99223028e2,Yara,Coelho,yara_coelho@hotmail.com,(98) 7873-8575,9602,Feminino,1973-02-09,2022-04-28,40830 Jeremy Brook,São Paulo,São Paulo,Brasil,Web
c493ea38-8f67-421a-9423-48c1d881f0ae,Otavia,Zimmermann,otavia881@yahoo.com,(73) 0122-3950,9133,Feminino,1978-07-04,2022-12-02,895 George Hill Suite 778,Araucária,Paraná,Brasil,Web
3e3b5ca9-bf28-47fc-b112-d58d5ea1c01f,Danilo,Ribeiro,dribeiro668@yahoo.com,(88) 3467-1382,478,Masculino,1988-11-01,2023-04-14,006 Williams Cliff Suite 122,Lábrea,Amazonas,Brasil,App
0d13f20d-7a61-40d7-ae05-65dcd789d1c1,Wendeline,Rodrigues,wendeline.rodrigues@hotmail.com,(82) 2600-9706,87351,Feminino,1999-11-10,2019-07-27,3570 Davis Orchard,Piracicaba,São Paulo,Brasil,App
396b6d50-4bde-414f-aba9-a329afe31f6f,Daniel,Sampaio,daniel241@yahoo.com,(91) 7817-1214,1135,Masculino,1995-10-22,2022-05-09,75054 Jones Plaza,Catolé Do Rocha,Paraíba,Brasil,Indicação
48a7ded1-84cb-4938-b8dd-ee0af45084f0,Leonora,Monteiro,leonora.monteiro555@cliente2214.com,(13) 9098-3874,25054,Feminino,2005-01-27,2018-01-16,46578 Levine Hills,Vacaria,Rio Grande Do Sul,Brasil,App
ed70b855-2c04-4d71-a830-0c145dafae25,Juliana,Krause,juliana.krause@hotmail.com,(81) 8827-8000,586,Feminino,1981-02-19,2024-05-19,8845 Thomas Manor Apt. 156,Rio De Janeiro,Rio De Janeiro,Brasil,Indicação
337548eb-901d-419b-86bd-a2e0f6c19aed,Gustavo,Sampaio,gsampaio158@gmail.com,(86) 7440-7052,null,Não Informado,2001-01-20,2018-08-17,73635 Flowers Crossroad,Chapecó,Santa Catarina,Brasil,Web
a8d3d6fb-ef3a-424b-8a68-4dc0ae079088,Fatima,Dias,fatima_dias@hotmail.com,(79) 0527-7172,0532,Feminino,1992-12-24,2023-05-25,413 Foley Extensions,Belém,Pará,Brasil,Web
376ad68f-4752-4a04-b544-b0def69ff047,Alessandra,Ramos,alessandra.ramos165@1.com,(94) 2394-8288,null,Feminino,1989-11-11,2022-06-05,981 Edward Union,Angical Do Piauí,Piauí,Brasil,App
2c62b52d-e93b-4690-8b8a-44954d84ab77,Xavier,Luz,xavier.luz@yahoo.com,(11) 8844-7193,0890,Masculino,1996-11-11,2021-08-31,37626 Richard Mill Suite 718,Curitiba,Paraná,Brasil,Web
28079cfd-5f27-40d9-bb7b-ee1980e2d888,Samuel,Estrada,samuel_estrada@gmail.com,(85) 2339-8206,103,Masculino,2005-03-18,2023-05-10,089 Mcclain Route Apt. 648,Florianópolis,Santa Catarina,Brasil,App
fe26aad4-0b66-423c-8362-da23be4a121d,Claudia,Ramos,claudia.ramos@hotmail.com,(69) 1355-2071,47334,Feminino,1980-10-26,2021-12-18,0383 Russell Stream,São Luís,Maranhão,Brasil,Web
28a74fcb-ec2f-4d64-a028-5e89f14dc671,Zenon,Yokoyama,zyokoyama213@yahoo.com,(14) 9535-2688,952,Masculino,1980-04-27,2021-10-03,909 Darrell Trace,Umbaúba,Sergipe,Brasil,Web
a1a9b0bf-1677-4310-838b-de757d952f17,Veronica,Pires,veronica.pires@gmail.com,(84) 5604-2770,188,Feminino,2006-08-02,2022-09-28,813 Jenna Avenue,São Paulo,São Paulo,Brasil,Web
80502589-ab99-4228-bf20-0e4fec8200a0,Claudia,Zimmermann,claudia.zimmermann710@hotmail.com,(21) 7896-0697,null,Feminino,2003-05-02,2023-10-15,018 Jesse Plaza,Itapetinga,Bahia,Brasil,App
0265675e-6409-467c-a466-9f0e34efc829,Mirella,Evangelista,mirella.evangelista515@gmail.com,(91) 6172-7555,723,Feminino,1988-11-10,2019-07-08,422 Linda Shoals Apt. 926,Piracanjuba,Goiás,Brasil,Web
144ee335-dad8-4943-877d-bfd03535fb4f,Hannah,Sampaio,hsampaio263@yahoo.com,(82) 8412-1808,87863,Feminino,1988-10-31,2023-08-06,185 Morgan Spurs,Caxias Do Sul,Rio Grande Do Sul,Brasil,Web
2247ea42-1392-4e2b-8e2c-11f621c59a4b,Yasmin,Sampaio,ysampaio688@1.com,(74) 7475-0231,419,Feminino,1984-03-27,2021-12-15,76580 Cox Rapid Suite 403,Ribeirão Preto,São Paulo,Brasil,Web
57fe89d7-4774-4b07-a065-d09d35b9d692,Sergio,Valente,sergio.valente@hotmail.com,(85) 7611-0973,84701,Masculino,1981-06-21,2020-08-20,31229 David Camp Apt. 567,Bragança Paulista,São Paulo,Brasil,Indicação
6b9e8f6b-6cfd-4fec-8db9-8650542d0e59,Diego,Wanderley,diego.wanderley@yahoo.com,(83) 4855-2340,856,Masculino,1976-01-15,2019-01-31,0804 Vasquez Way Apt. 647,Aracaju,Sergipe,Brasil,Web
a5836936-4dc3-4ad7-ae69-40e62cb11b4e,Jefferson,Carvalho,jcarvalho293@gmail.com,(85) 9601-5762,7296,Masculino,1990-10-03,2021-01-13,3943 Luna Corner,Americana,São Paulo,Brasil,App
8e4b2433-0d1d-49cc-a5bd-5f8f2353d80e,Wendell,Moreira,wendell_moreira@gmail.com,(85) 4981-1397,null,Masculino,1988-09-09,2021-12-06,98048 Connie Inlet,Lagoa Do Piauí,Piauí,Brasil,Indicação
035e05f3-7a5b-4fc8-9c1c-1ecb3212ebc8,Paloma,Araújo,paraujo343@gmail.com,(86) 8202-7289,859,Feminino,1992-12-12,2018-12-19,829 Keller Point Suite 663,Belo Horizonte,Minas Gerais,Brasil,Web
63dd644a-e4f9-4116-be6c-7b0268dec217,Sabrina,Cavalcanti,scavalcanti963@gmail.com,(85) 3253-2681,745,Feminino,1994-10-31,2023-09-11,77029 Spence Meadow,Belo Horizonte,Minas Gerais,Brasil,Indicação
055f39e3-e0d3-443c-b320-2b9643f8fafc,Soraya,Freitas,sfreitas418@hotmail.com,(84) 2807-3374,621,Feminino,2001-06-03,2021-10-31,694 Jackson Valleys,Bom Retiro,Santa Catarina,Brasil,Indicação
02f33e41-4e23-4937-9196-b83f79c72488,Walquiria,Rocha,wrocha208@hotmail.com,(79) 0328-9741,95163,Feminino,1995-03-28,2018-08-24,99813 Spencer Pine,Rio De Janeiro,Rio De Janeiro,Brasil,Web
2d284508-f1be-4101-9ac0-bccded3cce0c,Sandra,Ortiz,sandra.ortiz860@yahoo.com,(69) 5071-1004,null,Feminino,2005-11-06,2019-06-30,67443 Jones Road,Almirante Tamandaré,Paraná,Brasil,Web
a8b895a5-efca-4952-a774-70d5ea2f53e7,Luciana,Yunes,lyunes838@gmail.com,(99) 0974-9237,null,Feminino,1977-10-15,2018-08-13,45913 Hancock Burgs Apt. 082,Mesquita,Rio De Janeiro,Brasil,Web
a331f914-4e86-4811-9548-8e0fe1d07e33,Tatiana,Prado,tprado128@yahoo.com,(83) 2051-3158,597,Feminino,1992-08-31,2019-01-15,790 Black Cliffs,Nova Friburgo,Rio De Janeiro,Brasil,App
e1cf9a3e-ee68-47a7-a87d-5c2fb1648e6a,Gilberto,Souza,gilberto266@hotmail.com,(77) 0854-2233,null,Masculino,1982-05-29,2018-06-09,20869 Angela Fords Suite 509,Curitiba,Paraná,Brasil,Web
0d7ef080-dd93-412f-95f4-4f46b13c9032,Joana,Yokoyama,joana.yokoyama425@gmail.com,(63) 0602-2144,63034,Feminino,1989-02-09,2022-02-27,5660 Johnson Glens Apt. 753,São Paulo,São Paulo,Brasil,Web
12e8a8a8-6ff3-4cd6-982e-ee0051c73146,Elias,Xerez,elias.xerez430@gmail.com,(82) 1016-6582,72029,Masculino,1990-05-15,2023-04-18,850 Joyce River Suite 229,São Paulo,Piracicaba,Brasil,Indicação
40783e52-5751-4cc0-9c62-e0229c677d28,Zelinda,Krause,zelinda301@yahoo.com,(12) 7275-7569,3817,Feminino,1993-06-13,2018-02-22,6603 Henderson Turnpike,Cabo De Santo Agostinho,Pernambuco,Brasil,App
d91838ff-3919-45be-b81f-1e93c58f3538,Patricia,Zampieri,pzampieri983@hotmail.com,(95) 5278-6576,null,Feminino,1993-06-19,2023-02-07,994 Castaneda Grove,Agudo,Rio Grande Do Sul,Brasil,App
f22b5b17-19a2-46dd-8994-8d850ff34a90,Fernanda,Zimmermann,fernanda_zimmermann@yahoo.com,(73) 9231-3373,null,Feminino,1999-09-03,2018-12-25,348 Phillips Mountains Apt. 947,Criciúma,Santa Catarina,Brasil,Web
31233320-39ea-4d8a-b82b-580c424b119a,Nadia,Estrada,nadia_estrada@hotmail.com,(88) 2007-7392,0071,Feminino,2000-04-09,2018-03-18,090 Brown Springs Apt. 381,Bom Jardim,Rio De Janeiro,Brasil,Web
f95cb802-ccdc-474a-8a6f-a17bb62dd712,Gustavo,Ulhoa,gustavo_ulhoa@hotmail.com,(86) 3225-1169,66316,Masculino,1985-02-26,2023-10-02,08988 Brenda Shoal Suite 177,Santo André,São Paulo,Brasil,Web
b123bd32-4d76-412c-ba78-75c87569c869,Carolina,Maciel,carolina.maciel710@yahoo.com,(92) 2155-6927,1840,Feminino,2005-09-11,2021-08-23,649 Anthony Run Apt. 693,São Vicente,São Paulo,Brasil,Web
dcf7dc1b-2359-46ef-b735-f91c357a3f1d,Giovana,Domingues,gdomingues978@hotmail.com,(81) 4813-7280,null,Feminino,1977-01-09,2022-11-24,0188 Morris Lodge,Taguatinga,Tocantins,Brasil,App
3ba73757-e726-49c5-b38d-4fd2702f6a44,Kelly,Guimarães,kelly.guimaraes465@gmail.com,(97) 9025-7733,null,Feminino,1987-01-25,2019-11-21,43665 Kyle Plaza,Paramirim,Bahia,Brasil,Web
ab5ce8cc-aad8-4b02-8b97-b7466a9b6914,Denise,Nogueira,denise.nogueira390@1.com,(11) 8984-9375,null,Feminino,1972-10-29,2020-01-22,873 Johnson Squares,Divinópolis,Minas Gerais,Brasil,App
30f0d946-421a-4b7d-9e4c-3140dcd982ee,Juliana,Araújo,juliana.araujo@gmail.com,(85) 9231-7390,0561,Feminino,1991-01-15,2022-04-29,6444 Jonathan Ridge,Santa Rita Do Passa Quatro,São Paulo,Brasil,App
cf35a1d9-3a1d-4e24-9a9f-472c64ac502d,Ricardo,Wanderley,ricardo.wanderley@yahoo.com,(91) 0830-7149,null,Masculino,1983-10-27,2022-10-18,758 Alicia Squares,Rio Grande Do Sul,Porto Alegre,Brasil,Indicação
adc1c642-4710-49ec-9e40-56b56fded3c1,João,Rezende,jrezende833@gmail.com,(89) 4252-8896,null,Masculino,1987-12-07,2020-04-27,756 Michael Courts Apt. 259,São Luís,Maranhão,Brasil,App
0f7383cb-3423-4090-8a93-bce75e7a9548,Eduardo,Cavalcanti,eduardo.cavalcanti805@yahoo.com,(92) 6690-3542,857,Masculino,2002-01-20,2020-02-02,2961 Denise Mill,Três Lagoas,Mato Grosso Do Sul,Brasil,Web
3b0924f5-2f45-4ab3-add5-843a065ddcbb,Gisele,Ribeiro,gisele.ribeiro735@yahoo.com,(89) 7387-3428,906,Feminino,1998-01-28,2020-10-04,3632 Alexandria Run Suite 147,Mutum,Minas Gerais,Brasil,Web
24fc510a-f4e0-42b1-bedb-9e7b1aab5c65,Elias,Coutinho,ecoutinho373@hotmail.com,(91) 0504-4659,null,Masculino,1977-10-04,2021-07-02,0069 Williams Divide Apt. 357,Colina,São Paulo,Brasil,App
1db29ee5-e8aa-4e4f-8af9-3d7237f028df,Gabriela,Araújo,gabriela851@yahoo.com,(86) 4734-8172,47305,Feminino,1981-07-12,2020-06-19,65145 Shawn Lane Apt. 745,Rondon Do Pará,Pará,Brasil,Web
7af45900-2773-4f4d-ac6d-65838706af54,Beto,Amorim,beto451@yahoo.com,(85) 1753-3911,658,Masculino,1988-07-18,2019-05-17,77684 Lewis Vista Suite 268,Uberlândia,Minas Gerais,Brasil,Web
35f135aa-0620-494d-8dcd-34f4970d6f78,Lindomar,Fernandes,lindomar_fernandes@yahoo.com,(92) 5924-5825,3554,Masculino,1958-09-09,2021-03-16,43900 Candice Haven Suite 866,Paraíso Do Tocantins,Tocantins,Brasil,Web
010d3006-70b0-4a9f-a0e5-32b2857eaf3a,Giovani,Nascimento,giovani.nascimento505@hotmail.com,(94) 8785-8426,27214,Masculino,1985-04-13,2020-12-16,492 Smith Ports,São Gonçalo,Rio De Janeiro,Brasil,App
75a3e2aa-50f6-43a5-9f90-d3be583cd40c,Leonora,Maciel,leonora_maciel@hotmail.com,(67) 4451-2303,29161,Feminino,1999-10-22,2020-09-05,9989 Nicole Street Suite 562,Louveira,São Paulo,Brasil,App
f3a7f4e3-1367-4e93-b54a-610966e61b73,Emanuel,Ferreira,emanuel.ferreira@1.com.br,(86) 3144-4983,4306,Masculino,1983-09-01,2020-12-28,75531 Peterson Field Apt. 200,São Caitano,Pernambuco,Brasil,Web
fb9e2b46-9da4-447a-ab78-426621f5377c,Sheila,Godoy,sheila.godoy@gmail.com,(16) 9699-8254,null,Feminino,1950-07-27,2022-04-09,834 Timothy Loaf,Viana,Maranhão,Brasil,App
8b5912d7-be96-44ca-8ddb-73dd28223aeb,Miguel,Estrada,miguel441@gmail.com,(91) 8593-7281,1567,Masculino,2001-07-24,2021-11-02,361 Lopez Corners,São Paulo,São Paulo,Brasil,Indicação
d9cbdd09-f2e0-428f-9a74-28bd7b990750,Laura,Evangelista,laura.evangelista155@hotmail.com,(96) 4791-5908,964,Feminino,1992-10-15,2021-10-29,151 Eric Mount,Votuporanga,São Paulo,Brasil,Web
2a59f3ba-8c2e-4a1b-a77b-52483f3d60f1,Juliana,Godoy,jgodoy898@gmail.com,(99) 4259-5773,34910,Feminino,1976-03-12,2024-05-15,9401 Martinez Street Suite 771,Governador Valadares,Minas Gerais,Brasil,App
2e830aa7-9a6b-496a-8b69-f26ca27fb148,Adriano,Garcia,adriano.garcia730@hotmail.com,(86) 6606-2390,null,Masculino,1979-12-04,2020-05-09,4992 Judith Fork Apt. 231,Rio Verde,Goiás,Brasil,Indicação
570b7817-b011-4b7b-9e94-a9be23f8011b,Joana,Nascimento,joana.nascimento@gmail.com,(74) 3073-1752,7459,Feminino,1979-10-11,2021-03-15,241 Hawkins Haven Suite 364,Salvador,Bahia,Brasil,Web
75f63d84-43ce-4d84-ad81-9d9c39bd4458,Xisto,Ulhoa,xisto271@yahoo.com,(79) 9141-4157,null,Masculino,1987-06-17,2018-02-17,15579 Wright Village,Ilhéus,Bahia,Brasil,App
e1f239c5-37c5-4118-9ceb-ea08ff4ae86a,Xavier,Xavier,xavier_xavier@gmail.com,(75) 8912-0701,null,Masculino,2005-06-30,2020-07-21,47163 Jennifer Pass,Rio De Janeiro,Rio De Janeiro,Brasil,Web
2e01c59c-e2f7-4750-be44-aaf02bd0a463,Gilberto,Nagata,gnagata988@hotmail.com,(77) 3350-6351,122,Masculino,1984-11-12,2018-12-01,89933 Richardson Green Suite 372,Novo Gama,Goiás,Brasil,Indicação
3b96bdb5-9937-44aa-9c66-8239357e253b,Isadora,Guerra,isadora.guerra900@hotmail.com,(96) 2825-9267,null,Feminino,1981-01-12,2019-01-01,6752 Ann Dale Suite 430,Ribeirão,Pernambuco,Brasil,Web
709c2327-6fba-4ba5-b50f-f02583d98f42,Urania,Macedo,umacedo288@yahoo.com,(97) 3855-4693,null,Feminino,2003-11-28,2018-01-29,6356 Erin Loop Apt. 147,São Gonçalo Do Sapucaí,Minas Gerais,Brasil,Web
ea1e4614-9711-402a-9821-c8beb06ce050,Hector,Torres,hector486@hotmail.com,(85) 6136-6750,2749,Masculino,1985-09-21,2021-11-02,65235 White Streets Apt. 084,Hortolândia,São Paulo,Brasil,Web
95927fec-9dec-47e2-87ce-6e382909f127,Alessandra,Dias,alessandra.dias@gmail.com,(91) 7502-8295,9111,Feminino,2000-11-06,2024-01-02,496 Boyd Shoals Apt. 311,Itambacuri,Minas Gerais,Brasil,Web
6902a532-2752-4950-9317-20424fde5e4b,Gerson,Freitas,gerson606@yahoo.com,(13) 7287-7728,9083,Masculino,1990-09-30,2019-05-01,00894 David Locks Suite 053,Curitiba,Paraná,Brasil,Web
3be530a2-6329-49f4-93c0-04f421c2b6d1,Felipe,Fernandes,felipe.fernandes@gmail.com,(88) 6396-1027,878,Masculino,2018-02-06,2019-05-25,518 Kathleen Ridge,São Bernardo Do Campo,São Paulo,Brasil,App
3a9c9c94-3186-4515-a5b3-f3f38a4eadd4,Quezia,Pacheco,qpacheco393@yahoo.com,(75) 4707-2812,527,Feminino,2018-02-21,2019-08-22,2723 John Squares Suite 599,Santo Ângelo,Rio Grande Do Sul,Brasil,Indicação
ea46895b-b5fb-4a34-ad7b-0d742ec38992,Lindomar,Monteiro,lindomar281@hotmail.com,(77) 3213-7455,30942,Masculino,1984-03-08,2020-04-18,03222 Kevin Summit,Brejo Grande Do Araguaia,Pará,Brasil,Web
f7aa345c-3e53-4d45-95c7-f1dd898affd4,Adriana,Tavares,adriana131@gmail.com,(81) 4660-5804,507,Feminino,1997-11-29,2019-05-04,5917 Jennifer Crossroad Apt. 033,Fortaleza,Ceará,Brasil,Web
2fb63332-62d4-434a-90cb-fa491fea6f06,Xavier,Lima,xavier936@hotmail.com,(82) 1096-1465,null,Masculino,1982-09-16,2018-06-03,6545 Shannon Parks Apt. 017,Araras,São Paulo,Brasil,App
08e9af2b-6e8b-42f4-8e29-d7b5078e84e5,Emanuel,Borges,emanuel.borges360@yahoo.com,(74) 1057-2325,785,Masculino,1981-08-11,2023-06-27,001 Zachary Drives,São Jerônimo Da Serra,Paraná,Brasil,App
ca60b98f-3f96-4c3b-9303-b94584d5c037,Sabrina,Hadad,sabrina.hadad@hotmail.com,(97) 6637-8797,9730,Feminino,2004-07-20,2018-08-09,298 Ray Squares,Estância,Sergipe,Brasil,Web
3e70046c-a93c-4a2f-84af-6854b0791433,Bernardo,Campos,bernardo.campos705@hotmail.com,(84) 4184-2035,74372,Masculino,2004-04-11,2019-03-23,69890 Scott Mountains Apt. 478,Jaraguá,Goiás,Brasil,Web
e1dcf43e-41f8-4ddf-a714-b7cdabc81ba9,Larissa,Torres,larissa.torres145@yahoo.com,(84) 4493-3710,null,Feminino,1996-12-07,2021-01-09,641 Carla Forge Apt. 806,Pato Branco,Paraná,Brasil,Web
7b652fe2-c341-47a7-9830-0d4f3c726c03,Ingrid,Lima,ingrid.lima800@gmail.com,(86) 4551-3987,null,Feminino,2001-08-27,2018-09-28,2804 Robert Station,Quatis,Rio De Janeiro,Brasil,App
dc062fe1-eb6d-4e6c-a900-966c90977d46,Ingrid,Monteiro,ingrid.monteiro345@gmail.com,(88) 2274-0919,405,Feminino,1980-09-19,2020-08-17,3747 Walsh Valleys,Salvador,Bahia,Brasil,Web
03551613-196d-4b06-989a-b0319979a860,Francielly,Orozco,francielly_orozco@gmail.com,(86) 0067-6661,null,Feminino,1960-05-20,2019-01-04,717 Mcintosh Field Apt. 057,Santos Dumont,Minas Gerais,Brasil,App
2e8fdad3-fe53-4d50-bcd5-07978444f90f,Adriano,Hora,adriano376@gmail.com,(97) 2570-9594,null,Masculino,2004-05-17,2024-05-14,9464 Daniel Plaza Suite 705,Martinópole,Ceará,Brasil,Indicação
c1f43f64-92a4-4516-9ab2-802b0cb7c0d9,Kevin,Duarte,kevin.duarte@1.com.br,(81) 4133-8506,945,Masculino,1993-10-13,2018-12-29,690 MICHAEL UNIONS,Paraíba Do Sul,Rio De Janeiro,Brasil,Web
4ed06ea8-7d8a-4fe2-9a32-2a3f7da33e20,Gabriela,Zampieri,gabriela_zampieri@hotmail.com,(84) 0694-0694,null,Feminino,1977-04-19,2019-05-04,2931 Booth Throughway Suite 893,Porto Feliz,São Paulo,Brasil,Web
ccfd75a3-5e60-45db-afce-dabebe1b7614,Leonardo,Krause,lkrause658@hotmail.com,(61) 0800-6101,null,Masculino,1998-04-28,2023-04-29,354 Nguyen Lane Apt. 273,Goiás,Valparaíso De Goiás,Brasil,Web
ea417e53-ff50-4a73-9104-060fe3c03889,Cristina,Cavalcanti,cristina851@gmail.com,(38) 9979-8977,36398,Feminino,1996-06-17,2018-12-07,4471 Andrea Locks Suite 577,Alegre,Espírito Santo,Brasil,Web
d4c78a88-db60-49ef-b7be-7412442e8c1d,Larissa,Drummond,larissa.drummond550@hotmail.com,(73) 8001-1263,null,Feminino,2002-11-22,2021-12-25,340 Bradley Alley Suite 595,Porto Velho,Rondônia,Brasil,Web
5a449945-5304-4727-bc3a-111791639a5b,Elisa,Bessa,elisa_bessa@gmail.com,(21) 8986-8375,null,Feminino,1995-03-28,2021-09-14,206 Misty Run Suite 688,Valença,Rio De Janeiro,Brasil,Web
f0088b3c-a5a0-4b2f-b45f-2157dfb37a0e,Gisele,Oliveira,gisele706@gmail.com,(85) 5484-1295,null,Feminino,1972-08-02,2023-06-06,93154 Ponce Throughway Suite 075,Itaueira,Piauí,Brasil,Web
ec3945f4-d3e8-471a-88cf-f78962f83f8c,Isabela,Imperatore,isabela.imperatore@hotmail.com,(77) 8538-0227,null,Feminino,2001-06-18,2024-05-06,0191 Patterson Motorway,Água Fria,Bahia,Brasil,Indicação
b361e64f-51e4-4016-bcf0-b2d36ce5383f,Kelly,Yokoyama,kelly_yokoyama@gmail.com,(67) 1301-6283,null,Feminino,1990-01-04,2022-04-18,09553 Howard Park,Natal,Rio Grande Do Norte,Brasil,Web
935a9d09-626e-42fd-b840-b08d5aa7cf4a,Leonardo,Viana,leonardo.viana530@gmail.com,(15) 7198-9727,null,Masculino,1989-05-20,2020-07-25,7539 Walker Views Suite 083,Coronel Fabriciano,Minas Gerais,Brasil,App
53eed760-a4ab-4d21-a570-330f88e8e219,Lucas,Rodrigues,lucas_rodrigues@gmail.com,(12) 6938-1879,195,Masculino,1998-09-15,2018-05-14,98503 Woods Ville,Pará,Uruará,Brasil,App
7aab1378-35af-4fb3-b3ac-2921b4eaee8a,Flavia,Nunes,fnunes403@gmail.com,(92) 4685-7504,82972,Feminino,1978-05-02,2022-06-04,2882 Michelle Cape Suite 754,Limoeiro De Anadia,Alagoas,Brasil,Web
fc256b70-a7bb-4ca5-a10f-df08c7c38d5e,Mariana,Esteves,mariana.esteves@gmail.com,(91) 9721-1638,null,Feminino,2005-10-29,2023-04-28,731 Michael Brooks Suite 884,Bahia,Amargosa,Brasil,App
ac6fdfb6-a2b0-40cd-bcc0-433a0dcbf5b0,Quirina,Garcia,quirina.garcia535@hotmail.com,(96) 7594-2554,1523,Feminino,1988-08-10,2019-04-20,225 Padilla Corner,Reserva,Paraná,Brasil,Web
ac8866b4-3a3d-4cb8-889b-4c0e29a4c1ad,Leonora,Junqueira,leonora_junqueira@gmail.com,(71) 7103-0143,null,Feminino,1981-01-22,2022-08-03,73753 Maddox Cape,Arapongas,Paraná,Brasil,Indicação
20d3f65b-8604-4a0a-a34e-89ab7c91479e,Paulo,Esteves,paulo676@yahoo.com,(96) 7319-8061,null,Masculino,1982-04-24,2021-11-24,368 Steven Union Apt. 169,Chalé,Minas Gerais,Brasil,Web
469c90b6-54ee-421a-b47c-18bd9b57d53e,Larissa,Quintanilha,larissa.quintanilha@hotmail.com,(11) 5668-2667,4061,Feminino,2001-03-25,2019-01-12,671 Victoria Glens,Araguatins,Tocantins,Brasil,Web
b8741dd3-a806-45fe-9d49-b0d90d6ce644,Larissa,Gomes,larissa446@hotmail.com,(93) 9145-4487,722,Feminino,1984-10-26,2022-02-13,202 Johnson Common Apt. 681,Salvador,Bahia,Brasil,App
f8559b56-45b7-4600-b7a3-e96739504383,Nicolas,Yamamoto,nicolas_yamamoto@yahoo.com,(14) 3916-7791,5993,Masculino,1970-01-24,2019-02-04,258 Rogers Meadows Suite 165,São Félix Do Xingu,Pará,Brasil,App
a1c1ab8a-8c4f-40fb-9ccd-d714a4231cf8,Noemi,Horta,noemi.horta710@hotmail.com,(13) 4798-7357,0941,Feminino,1996-10-27,2019-07-14,6851 Taylor Village Apt. 467,São Luís,Maranhão,Brasil,Web
592a1931-87d6-4d9d-8e6f-aa4d54b6d11c,Bianca,Silva,bsilva608@hotmail.com,(95) 7226-6846,882,Feminino,1982-12-13,2022-04-08,858 Jody Views Suite 986,Várzea Da Palma,Minas Gerais,Brasil,Indicação
20a93731-b8af-459b-8db7-0a35e4884b5e,Caio,Macedo,caio_macedo@yahoo.com,(14) 6897-9217,49591,Masculino,1993-01-30,2022-06-07,474 Kimberly Drives,Salvador,Bahia,Brasil,Web
6033b78c-a3e1-4c07-aad7-ab7aa7f211f1,Ezequiel,Figueiredo,efigueiredo533@gmail.com,(75) 2225-5248,115,Masculino,1999-09-22,2020-03-13,3391 GOULD TUNNEL,Maricá,Rio De Janeiro,Brasil,Web
5a3b6859-6f90-481a-958e-e7ef8f4a5b23,Ariane,Kuhn,ariane.kuhn@yahoo.com,(71) 0098-1404,9349,Feminino,1975-12-24,2018-03-20,4652 Brown Shoals Suite 656,Tangará Da Serra,Mato Grosso,Brasil,App
5fa7539f-ff50-4a3a-9436-d4c16eaba634,Cintia,Yokoyama,cintia.yokoyama555@hotmail.com,(93) 4754-8138,null,Feminino,1973-08-31,2020-02-22,80156 Madeline Garden,Franca,São Paulo,Brasil,Web
96f7f6f9-22ea-4290-8816-5e3d1af123bc,Xavier,Yamamoto,xavier966@hotmail.com,(82) 6913-8119,null,Não Informado,1999-02-05,2019-03-05,56681 Henry Camp Suite 798,Guarulhos,São Paulo,Brasil,Web
26a78d6d-e150-4c00-821a-ef070734cf39,Giovana,Macedo,giovana.macedo300@gmail.com,(73) 6205-0483,null,Feminino,1975-10-29,2018-05-14,9613 Martinez Crossroad,São Paulo,São Paulo,Brasil,App
6b32c09e-e2e7-4de2-87bd-e724d32b6283,Vanessa,Pereira,vanessa641@hotmail.com,(69) 5141-8052,1112,Feminino,1983-01-15,2024-06-24,48932 Silva Squares,Osasco,São Paulo,Brasil,App
975230c2-b7f6-472a-bf67-95e65b98b594,Daniela,Dias,daniela736@hotmail.com,(82) 5065-1171,67764,Feminino,1961-07-24,2023-06-04,99697 Anthony Turnpike,Sumidouro,Rio De Janeiro,Brasil,Web
84f14892-b5f7-4c28-a795-fe22801bdbb3,Heloisa,Gomes,heloisa.gomes@gmail.com,(88) 9440-3195,026,Feminino,1981-06-15,2021-09-13,867 Jerry Pike,São Paulo,São Paulo,Brasil,Web
345f1dab-3329-468d-9a4f-32fe930160c6,Claudia,Iglesias,ciglesias428@yahoo.com,(84) 2830-8732,202,Feminino,1995-05-23,2022-07-21,53434 Cook Garden,Santo André,São Paulo,Brasil,App
039eed70-ac2b-49ba-8653-ac80e3b7cb85,Beatriz,Oliveira,beatriz.oliveira850@hotmail.com,(31) 0798-8878,null,Feminino,1996-08-30,2021-02-17,9266 Young Rest,Osasco,São Paulo,Brasil,Web
83af5628-8432-44d9-93f1-41d9120e3af9,Xavier,Maciel,xavier_maciel@1.com.br,(95) 9310-8948,16561,Masculino,2006-02-23,2022-12-26,4325 Fuller Skyway,São Luís,Maranhão,Brasil,Indicação
323399d1-de95-4519-9648-34f051446149,Quezia,Duarte,quezia_duarte@gmail.com,(85) 8484-5224,3543,Feminino,1977-08-12,2019-11-29,223 Miller Well,Tangará Da Serra,Mato Grosso,Brasil,Indicação
470af434-e2cd-4de6-a9ca-6bdef129b139,Jade,Costa,jade.costa260@gmail.com,(16) 7758-0949,1315,Feminino,1978-07-29,2023-08-18,03450 John Track Apt. 805,Fortaleza,Ceará,Brasil,Web
b6360db7-eb2f-41e3-aa2a-a2f2d3aaff0a,Bruno,Campos,bruno.campos@gmail.com,(92) 2476-0347,null,Masculino,1995-09-06,2023-08-01,5741 Neal Spring Suite 290,Santa Maria Da Boa Vista,Pernambuco,Brasil,Web
000590d2-2e20-466e-98ea-739f64b71480,Felipe,Neves,fneves983@gmail.com,(89) 7360-0446,583,Masculino,1991-05-25,2020-02-23,329 Flynn Forks Apt. 718,Palmácia,Ceará,Brasil,App
d5a1934c-3e13-4dac-94d7-67396acd4fff,Fabiana,Rezende,fabiana876@hotmail.com,(87) 5691-1158,null,Feminino,1995-04-05,2019-10-28,980 Avery Mills,Paraopeba,Minas Gerais,Brasil,Web
e91e6dbc-6bd9-4f39-8bb6-ffa434000880,Artur,Xerez,axerez813@hotmail.com,(93) 3277-3675,2907,Masculino,1948-07-18,2019-01-08,6510 Willie Streets Suite 867,Brasília,Distrito Federal,Brasil,Web
56db94a0-7c57-4749-8b35-0c33042b7153,Yasmin,Valente,yasmin.valente690@hotmail.com,(99) 4928-9379,13225,Feminino,1975-06-08,2022-10-06,694 Ramirez Cove,Matão,São Paulo,Brasil,App
7759440d-e7f9-4923-bbe9-b4cfa6f381a9,Quesley,Menezes,qmenezes558@gmail.com,(32) 9778-9696,81990,Masculino,1986-07-31,2022-12-07,29402 Jennifer Bridge,Porto Franco,Maranhão,Brasil,App
3a18160f-cf4f-4d63-93f2-226b224689f4,Laura,Junqueira,laura181@yahoo.com,(12) 6158-2769,71408,Feminino,1982-01-02,2022-01-05,94799 Lori Loop Apt. 179,Uberlândia,Minas Gerais,Brasil,Web
93faff56-9b47-4eae-b64c-509d3081dc2e,Melissa,Martins,melissa686@hotmail.com,(74) 1912-0298,70497,Feminino,1978-04-20,2023-09-30,33264 Parker Isle,Amambai,Mato Grosso Do Sul,Brasil,Web
31bb2637-54d9-4d35-bde1-9b0d23ac02fb,Luana,Pires,luana196@yahoo.com,(79) 3576-1016,873,Feminino,2006-10-14,2018-03-14,09305 Mary Corner,Boa Esperança Do Sul,São Paulo,Brasil,Web
0e22e4e0-1e0d-49d3-a21e-22a744e0607a,Cleiton,Pereira,cleiton.pereira810@yahoo.com,(93) 1172-9757,null,Masculino,1984-04-20,2019-02-24,61430 Ralph Junction Suite 704,Buriti Dos Montes,Piauí,Brasil,App
1b4a86f4-309f-4fcb-bd7f-934f00de3aaa,Daniela,Batista,daniela.batista@hotmail.com,(65) 0901-2161,null,Feminino,1951-01-07,2024-07-27,319 Curtis Port,Belo Horizonte,Minas Gerais,Brasil,Web
b8ca9575-8482-46db-8577-bc533fd449f6,Alessandra,Godoy,agodoy608@yahoo.com,(12) 5653-7707,null,Feminino,1980-03-20,2020-12-14,8073 Michelle Lock,Rondonópolis,Mato Grosso,Brasil,Web
f9ba8396-9dc0-49d8-930e-ededba21598d,Mateus,Esteves,mateus971@gmail.com,(51) 2031-1605,3044,Masculino,1974-12-03,2019-10-30,4184 Roberts Lights Apt. 670,São Vicente,São Paulo,Brasil,Web
cea9855e-3b25-4f95-8b8f-138935d94eea,Rodrigo,Castro,rodrigo836@gmail.com,(15) 6485-6069,null,Masculino,1996-01-13,2021-03-16,0675 Rhonda Freeway Suite 368,Bragança,Pará,Brasil,Web
2845d94c-5c12-4d65-a52c-625c1d33103f,Fabio,Yunes,fyunes268@yahoo.com,(15) 8459-2869,null,Masculino,1993-05-12,2021-08-08,9070 Lee Oval Apt. 886,Campo Grande,Mato Grosso Do Sul,Brasil,Web
16f5607d-0856-4339-9274-6947721d1c44,Berenice,Castro,berenice_castro@gmail.com,(67) 0135-3067,null,Feminino,1995-04-25,2021-04-13,42543 Patterson Camp,São Luís,Maranhão,Brasil,Web
eb1b1a06-f6d4-472f-a4c9-08f5e6d14753,Isabela,Tavares,isabela.tavares500@hotmail.com,(77) 3216-5907,22171,Feminino,1995-10-10,2021-08-11,787 Cobb Forks,Schroeder,Santa Catarina,Brasil,Web
1f6222d2-dedb-440f-923b-cb01942004cc,Diego,Horta,diego.horta@yahoo.com,(93) 8271-9483,null,Masculino,1998-01-04,2020-02-20,79062 Jones Harbor,Tejuçuoca,Ceará,Brasil,Web
ab4525e1-8b15-4cf3-9fc9-05a79547478c,Emanuel,Kuhn,ekuhn948@hotmail.com,(67) 3141-8170,3913,Masculino,1990-08-08,2018-05-17,36842 Martinez Lodge,Limeira,São Paulo,Brasil,Web
790df16a-f842-4ac8-bef0-8e9a8c08cb8f,Barbara,Fernandes,barbara_fernandes@hotmail.com,(82) 6554-1560,143,Feminino,1998-01-18,2021-09-16,48127 Jasmine Stravenue,Cambuí,Minas Gerais,Brasil,Web
69e72c71-21f1-4798-b4e4-e8e78aad45ea,Amelia,Coutinho,amelia.coutinho@yahoo.com,(96) 2977-7027,84353,Feminino,1997-05-30,2019-05-04,1171 Dean Run,Brasília,Distrito Federal,Brasil,App
a9d29ef6-4856-4352-aa43-2187fbf7c887,Wendell,Dias,wendell_dias@gmail.com,(85) 8371-7370,006,Masculino,2000-01-09,2024-07-10,53518 Jackson Estates Suite 931,Teresópolis,Rio De Janeiro,Brasil,Web
9e985ea4-3437-49ac-b0e4-8a7ef319741d,Nathalia,Moreira,nmoreira428@hotmail.com,(73) 1050-2039,32021,Feminino,1979-11-13,2019-09-03,563 Benjamin Field,Igarapé,Minas Gerais,Brasil,Web
bf14f8c5-8af6-4b6b-be3e-831cca56d802,Diana,Pires,diana.pires@gmail.com,(86) 7540-6720,null,Feminino,1960-08-07,2020-06-26,5530 Blake Isle Apt. 867,Senhor Do Bonfim,Bahia,Brasil,App
beab58ff-11aa-4d17-95b4-b2ca0a4edd94,Isabela,Cunha,isabela161@gmail.com,(89) 2842-8139,null,Feminino,2018-02-26,2019-06-09,6601 Brown Plaza Apt. 032,Canindé,Ceará,Brasil,Web
54e6bfae-f341-4a1c-aba3-a0e24f9ba81c,Francielly,Xavier,francielly.xavier350@yahoo.com,(96) 5168-8983,null,Feminino,1975-03-08,2021-06-02,5419 Monica Road Suite 091,Barroquinha,Ceará,Brasil,Web
c5f1c1de-82a6-408d-8adf-814ca7263946,Leandro,Junqueira,leandro_junqueira@hotmail.com,(12) 6896-7186,null,Masculino,1987-01-02,2020-01-05,31604 Harper Ville Suite 827,Céu Azul,Paraná,Brasil,Web
93d9b1d6-b362-4eaa-8981-866cc301d220,Luis,Neto,luis.neto@yahoo.com,(71) 0589-1203,null,Masculino,1991-03-29,2019-09-12,127 Natalie Knolls Apt. 614,Barra Do Piraí,Rio De Janeiro,Brasil,Indicação
a334a57b-301c-40e8-9a60-06dadafa4d74,Alexandre,Teixeira,alexandre.teixeira620@gmail.com,(75) 0624-4753,null,Masculino,1975-04-04,2021-09-23,650 Adam Drive Apt. 202,Andradina,São Paulo,Brasil,Web
7595f572-7090-4259-80a9-3817f6405e39,Darlan,Carvalho,dcarvalho983@gmail.com,(94) 6263-8262,1653,Masculino,1982-07-04,2023-11-17,2151 Shawn Crossing Apt. 557,Indaiatuba,São Paulo,Brasil,Web
c5a265f0-79e0-4c86-90cd-fa0d90603f99,Bianca,Estrada,bianca596@1.com,(85) 2182-7553,null,Feminino,1969-03-27,2019-11-09,3354 Shelby Coves Suite 317,Santa Luzia,Minas Gerais,Brasil,App
88bd11c9-c96c-4d6d-b930-14583ea8aa15,Gisele,Viana,gisele111@hotmail.com,(91) 0967-2417,229,Feminino,1993-02-14,2022-12-11,16724 Diaz Field Suite 593,Santa Terezinha De Itaipu,Paraná,Brasil,Indicação
538f9583-8b41-4c5d-9753-88b70bda201a,Yasmin,Henriques,yasmin_henriques@gmail.com,(93) 9307-1936,null,Feminino,1981-05-05,2023-07-23,3235 Vargas Locks Apt. 805,Timóteo,Minas Gerais,Brasil,App
536162cb-fca1-4aff-9e13-a91296049309,Gloria,Junqueira,gloria256@gmail.com,(93) 4947-0710,922,Feminino,2004-10-12,2021-11-13,3617 Hodge Fort,Princesa Isabel,Paraíba,Brasil,App
83ecf4d5-3192-4926-9efb-ecef54e0c59e,Otavia,Ulhoa,otavia_ulhoa@hotmail.com,(17) 0568-8975,null,Feminino,1993-07-21,2020-06-04,182 Jessica Vista,Luziânia,Goiás,Brasil,Indicação
b7593f0d-96dc-41a2-a6dd-4533c8a3c876,Tania,Neves,tania.neves@yahoo.com,(93) 8492-5928,2674,Feminino,1999-05-01,2021-06-12,4158 Ritter Mountains Apt. 359,Curitibanos,Santa Catarina,Brasil,Web
b29b1a6a-4592-4850-8a81-3c6f5bc9e303,Roberta,Rego,roberta.rego950@hotmail.com,(87) 0057-5792,03144,Feminino,1996-01-15,2022-06-06,24253 Steele Streets,Breu Branco,Pará,Brasil,Web
e9d7834e-b725-4f66-978b-bd0178034fe8,Renan,Bessa,rbessa903@hotmail.com,(16) 7942-7987,62397,Masculino,1980-02-24,2022-06-14,2534 Megan Ridges,Anadia,Alagoas,Brasil,App
4e009fd0-a646-4d25-a231-d4d6ff45cd5f,Thaisa,Gomes,thaisa_gomes@yahoo.com,(68) 0133-3983,null,Feminino,1979-07-14,2022-03-31,315 Brown Pass Apt. 384,Japurá,Paraná,Brasil,Web
ed1a6368-e63c-4a52-be62-abb94a4c22b9,Joana,Queiroz,joana.queiroz730@yahoo.com,(17) 9193-8666,null,Feminino,1989-10-07,2021-04-19,593 Anderson Gardens Apt. 977,Embu Das Artes,São Paulo,Brasil,Web
a17bc4fb-4e3f-4b95-a762-a8208ce0d020,Isaias,Coutinho,isaias_coutinho@yahoo.com,(73) 8242-2520,845,Masculino,1999-06-14,2018-03-01,5088 Patrick Via,Salvador,Bahia,Brasil,Web
1393b717-2024-4acc-b76f-ede776295561,Plinio,Evangelista,plinio226@hotmail.com,(13) 7778-3077,null,Masculino,1991-06-13,2018-02-28,803 Stafford Manors,Recife,Pernambuco,Brasil,App
422eef33-727e-40a3-a57e-529e6ca4b76b,Nicolas,Guimarães,nicolas_guimaraes@hotmail.com,(94) 7381-7394,2064,Masculino,1980-03-20,2022-04-26,0752 Barnett Shoals Suite 891,Pederneiras,São Paulo,Brasil,Web
f763a5e6-26be-4cad-afcd-f9ee82439e18,André,Gomes,andre.gomes595@yahoo.com,(11) 4935-3954,null,Masculino,2004-07-26,2019-08-20,9393 Leblanc Points Apt. 900,Jundiaí,São Paulo,Brasil,Web
9c7fb1e1-7dff-4e21-b9c9-e92e7fc87d6a,Claudia,Fonseca,claudia456@hotmail.com,(97) 2860-9851,22372,Feminino,1979-01-08,2021-01-19,30607 Tapia Grove,Itapissuma,Pernambuco,Brasil,Web
325cf6c4-7eba-4489-9d97-43ffb842c744,Xavier,Castro,xavier201@hotmail.com,(87) 3151-5783,42463,Masculino,2002-05-04,2021-09-22,6085 Regina Plain Suite 658,Juína,Mato Grosso,Brasil,App
f93d9b50-59ce-4411-995a-c97c27484f31,Viviane,Barbosa,viviane.barbosa@gmail.com,(66) 8164-0134,9058,Feminino,1992-06-01,2023-09-05,5597 Emily Shoals,Itapagipe,Minas Gerais,Brasil,Web
9b470189-27d9-47ae-8045-894711619475,Luis,Rezende,luis356@gmail.com,(86) 5512-3942,null,Masculino,1993-01-22,2022-04-17,372 Walsh Spring,Maracanaú,Ceará,Brasil,Web
212a7962-880a-40af-a1cd-1cb74162a941,Elias,Pinto,elias_pinto@gmail.com,(95) 1665-7091,1903,Masculino,1970-02-04,2022-09-21,5523 Olson Road Suite 759,Conceição Do Mato Dentro,Minas Gerais,Brasil,Web
e5bce0eb-a801-4848-8988-b7fc16028649,Felipe,Maciel,felipe.maciel145@hotmail.com,(92) 5633-8474,null,Não Informado,1972-09-21,2022-07-02,324 Tracy Lake Suite 484,Ulianópolis,Pará,Brasil,Web
497102d2-c12a-40ef-b138-a768606898e5,Yolanda,Yamamoto,yyamamoto813@yahoo.com,(96) 3092-9985,null,Feminino,1993-04-05,2018-10-02,865 Joshua Extension,Guarulhos,São Paulo,Brasil,Web
668abb30-72b0-4b5d-8a4f-d17f1141d389,Carlos,Prado,carlos.prado415@hotmail.com,(27) 4794-8789,50282,Masculino,1984-06-26,2021-09-03,79146 Chad Port Apt. 612,Porto Velho,Rondônia,Brasil,Web
acb4b25d-14c8-491a-8327-da62b679e84b,Diana,Moreira,dmoreira288@hotmail.com,(79) 2502-3775,6527,Feminino,1965-05-11,2020-09-14,2366 Stacey Flats,Recife,Pernambuco,Brasil,Web
b92288c6-22e4-4b5b-90c9-57bd8370c215,Bianca,Fernandes,bianca.fernandes975@gmail.com,(84) 9208-2610,33250,Feminino,1977-12-08,2018-04-23,74260 Tina Throughway,Bauru,São Paulo,Brasil,Web
3a770043-fd03-4442-8416-d36d7dadf672,Leonora,Figueiredo,leonora.figueiredo580@yahoo.com,(97) 5663-0899,7471,Feminino,1980-03-12,2022-06-15,9078 Samuel Corners Apt. 057,Macapá,Amapá,Brasil,Web
b45a47fd-139f-4b59-8ba9-9e4760fd59fc,Carlos,Zimmermann,carlos.zimmermann525@gmail.com,(79) 1904-7053,null,Masculino,2003-09-10,2020-03-11,6293 Williams Ports,Guapimirim,Rio De Janeiro,Brasil,Indicação
eedf3c2a-9e59-48a1-9520-5e2648e15d9f,Alan,Pereira,alan.pereira240@yahoo.com,(96) 5088-6156,66179,Masculino,1963-12-16,2018-08-06,14079 Tyrone Station Apt. 847,Chapecó,Santa Catarina,Brasil,App
4b49c54e-2428-4f14-b051-a8329175f2c0,Ariane,Zampieri,ariane.zampieri970@gmail.com,(92) 5790-2362,null,Feminino,1994-03-07,2022-12-28,5755 Thompson Center,Montes Claros,Minas Gerais,Brasil,Web
01890920-ea53-4ff9-8faa-a1e096fad657,Fabio,Wanderley,fabio.wanderley440@hotmail.com,(94) 4563-3087,46203,Masculino,1967-09-30,2022-03-21,8669 Poole Groves Apt. 443,Apuiarés,Ceará,Brasil,App
85f54d16-1652-4f7c-9552-43e599d86710,Wesley,Sampaio,wesley_sampaio@yahoo.com,(96) 8567-0793,12744,Masculino,1981-02-04,2019-03-21,7803 Gentry Ports,Rio De Janeiro,Rio De Janeiro,Brasil,Web
2c8b8fcd-23b4-40ec-b09a-3d37132c3381,Marcelo,Rego,marcelo.rego105@gmail.com,(73) 0228-0446,null,Masculino,1985-01-23,2018-02-04,0261 Michele Groves Suite 711,Rio Negro,Paraná,Brasil,Web
354fad79-4296-4d5b-886a-bfb05d65f9b5,Guilherme,Araújo,guilherme.araujo@hotmail.com,(89) 2067-3816,18991,Masculino,1975-10-04,2019-12-27,476 Williams Freeway Suite 653,Mogi Guaçu,São Paulo,Brasil,Web
f5942f8b-f287-487c-864d-b5bfb8f2ce09,Valdo,Ortiz,valdo706@yahoo.com,(74) 9375-0431,8770,Masculino,2000-11-18,2021-12-24,5063 Tina Junction Suite 026,Franca,São Paulo,Brasil,Web
a2d1b644-fa7a-4de8-b0d4-efd188ce833a,Eduardo,Prado,eprado343@gmail.com,(77) 4353-0384,997,Masculino,1999-10-06,2021-09-07,06098 Mason Way Suite 627,Rio De Janeiro,Rio De Janeiro,Brasil,Indicação
26d1bce0-40aa-4211-97e7-fd7671cb3cd9,Samuel,Vargas,svargas983@yahoo.com,(74) 6421-4430,null,Masculino,1983-01-25,2024-07-17,05038 JEFFREY VALLEY,Guarulhos,São Paulo,Brasil,App
4d0c81e6-18f8-465c-9b67-7ae9f2f73a70,Paloma,Ribeiro,paloma651@gmail.com.,(81) 0147-4462,49768,Feminino,1970-02-18,2021-03-20,05932 Bonnie Crest,Ananindeua,Pará,Brasil,App
9d2a69f8-9d5a-40d6-96e2-45e349f042a7,João,Rezende,joao.rezende220@yahoo.com,(65) 3840-8012,9118,Masculino,1982-08-02,2019-02-14,9858 Cameron Lodge,Batalha,Alagoas,Brasil,App
b11b2759-ca91-45d0-8cb6-e8f67433a9fc,Artur,Lopes,alopes248@hotmail.com,(96) 1324-9457,null,Masculino,1992-05-29,2020-04-27,06539 Serrano Heights Apt. 287,São Raimundo Nonato,Piauí,Brasil,Web
8be902a1-7231-47d4-b4af-d949686dc691,Patricia,Ferreira,patricia891@yahoo.com,(82) 5360-0096,null,Feminino,1947-01-24,2018-08-18,76515 Daniel Rapid Apt. 917,Uruará,Pará,Brasil,Web
2924a441-00bf-45d6-9308-9641dd8bbcca,Gabriel,Fernandes,gabriel.fernandes660@hotmail.com,(66) 0224-1037,null,Masculino,1974-03-22,2024-07-02,8733 Steve Flats Apt. 601,Nerópolis,Goiás,Brasil,Web
8be9bfbb-9e04-4575-81cb-2d3648cb7235,Viviane,Rocha,viviane386@gmail.com,(74) 3061-7485,9822,Feminino,1960-02-03,2021-08-06,0473 Anthony Trace Suite 434,Brasília,Distrito Federal,Brasil,Web
91781682-da92-40c8-9660-af6d7ae0bb4e,Elisa,Siqueira,elisa_siqueira@yahoo.com,(95) 4536-6649,null,Feminino,1981-01-29,2022-04-07,9302 John Road,Paranaíta,Mato Grosso,Brasil,Web
37c9af7c-4f1e-44d8-8af3-54bba2ae2ccd,Juliana,Costa,juliana_costa@yahoo.com,(98) 9945-6263,null,Feminino,1986-03-04,2020-08-23,47681 William Track,Belo Horizonte,Minas Gerais,Brasil,Web
c996864f-75ea-4bf1-9ce5-e29c43cd1b37,Monica,Macedo,monica.macedo@yahoo.com,(83) 0141-3479,56510,Feminino,1999-03-28,2018-11-10,94808 CARR RUN,Contagem,Minas Gerais,Brasil,Web
feb038d2-3247-4763-bfbb-bf02d91d315b,Renata,Viana,renata.viana890@yahoo.com,(84) 4103-9836,98102,Feminino,1992-01-04,2020-05-27,884 Emily Plains,Ribeirão Preto,São Paulo,Brasil,Web
f984ef42-6077-4dc6-8fa3-9a32906c3e86,Hector,Cavalcanti,hector.cavalcanti@yahoo.com,(82) 8846-5114,521,Masculino,1975-02-13,2023-08-04,0187 Collins Green Suite 990,Guarulhos,São Paulo,Brasil,Web
35595cf3-8b03-49ca-a435-a2fd61c77779,Isaias,Yokoyama,isaias_yokoyama@gmail.com,(71) 9303-2042,86042,Masculino,1969-06-07,2022-06-07,29163 David Port Suite 016,Paracuru,Ceará,Brasil,Web
06562035-1515-4ea4-af37-5bfe3617e4e3,Fabio,Silva,fabio.silva230@gmail.com,(73) 5700-5652,6628,Masculino,2006-10-16,2023-05-01,2208 Bryan Spring Apt. 327,Marília,São Paulo,Brasil,Web
cdd15fda-86fe-4d8b-ac31-fef670437148,Ulisses,Krause,ulisses831@yahoo.com,(91) 0841-9549,458,Masculino,1956-10-22,2019-08-09,7691 Katherine Parkway Apt. 591,Jutaí,Amazonas,Brasil,Web
ae6df177-b8d7-4615-b2ed-d0f1d436edb5,Cristiano,Viana,cristiano336@yahoo.com,(15) 9838-9824,038,Masculino,1971-10-19,2019-01-17,085 Johnson Hollow Apt. 606,Teresina,Piauí,Brasil,App
8768911c-59db-440a-8f36-600e68bb2eda,Prisco,Orozco,prisco.orozco@gmail.com,(88) 5292-2771,8209,Masculino,1983-09-14,2020-09-11,195 Donna Road,Amargosa,Bahia,Brasil,App
b9d2f9f2-37a8-4a2c-9be2-9d6b0dd5f38c,Patrick,Nunes,patrick.nunes@gmail.com,(92) 8827-3390,7749,Masculino,1991-12-29,2019-10-03,718 Manuel Circles Apt. 387,Rio De Janeiro,Rio De Janeiro,Brasil,Web
62e523d1-ee65-45e9-9856-bd1babc776cb,Larissa,Iglesias,liglesias138@hotmail.com,(13) 9829-7281,7945,Feminino,1988-08-21,2020-05-21,94293 Smith Mission,Concórdia Do Pará,Pará,Brasil,Web
a1bcca34-aac2-4b7d-9f19-5df2a5b51b1a,Darlan,Maciel,darlan981@gmail.com,(86) 1928-4210,6227,Masculino,1992-06-22,2024-11-06,439 Tyler Motorway Apt. 648,Icó,Ceará,Brasil,Web
cb59a206-7aa4-4a40-a47a-b04942bf8d98,Denise,Estrada,destrada883@yahoo.com,(68) 9140-4130,4594,Feminino,1990-12-25,2023-11-08,87737 Bobby Prairie,São Paulo,São Paulo,Brasil,Web
1a2c75bf-7276-4803-8eba-5c37efa06cff,Simone,Ferreira,simone971@1.com,(75) 1721-8222,3935,Feminino,1981-11-11,2021-08-17,779 Christopher Extensions Suite 377,Conselheiro Lafaiete,Minas Gerais,Brasil,App
0328ac72-0aba-494b-ba4b-dfc9de658f85,Alexandre,Orozco,alexandre_orozco@gmail.com,(69) 3322-0982,null,Masculino,2006-06-24,2018-12-06,6645 Michelle Loop,Passo Fundo,Rio Grande Do Sul,Brasil,App
e983287f-1884-4f52-81a5-fd1772d60b84,Elisa,Miranda,elisa_miranda@hotmail.com,(67) 0121-1833,98109,Feminino,1957-09-19,2023-06-05,998 Amy Common,Miranorte,Tocantins,Brasil,Web
495114f8-af8e-4b74-b418-17a611845448,Jefferson,Monteiro,jefferson_monteiro@yahoo.com,(11) 9764-6188,889,Masculino,1976-09-16,2021-03-04,5466 Anderson Shoal,Maracanaú,Ceará,Brasil,Web
0fb2c5bb-df46-4bbd-8ec3-a45a96e8f90f,Fabio,Drummond,fabio_drummond@gmail.com,(11) 5698-4482,null,Masculino,2000-12-21,2019-05-06,91532 Michael Cove Suite 252,Rio De Janeiro,Rio De Janeiro,Brasil,Web
73eb771d-a868-4473-b78d-c63c12cb8b74,Gerson,Araújo,gerson_araujo@yahoo.com,(74) 1614-6805,053,Masculino,1979-02-06,2020-04-03,081 Darrell Mews,São Luís,Maranhão,Brasil,Indicação
c99cd1b2-9bcc-4f6f-8207-2281aa5de3cf,Leandro,Barbosa,leandro_barbosa@gmail.com,(71) 9622-2021,6256,Masculino,1995-06-04,2020-04-19,0453 Amanda Circles Apt. 048,Itu,São Paulo,Brasil,Web
4c3fd2bf-e00d-4573-8fd1-4fe7b3def5a0,Ester,Drummond,ester_drummond@hotmail.com,(85) 4532-5805,1790,Feminino,1993-03-11,2021-01-11,88762 Kevin Ford Suite 577,Sacramento,Minas Gerais,Brasil,Indicação
2119381b-eba0-45fb-8870-bf0544452856,Hector,Kuhn,hector.kuhn980@hotmail.com,(84) 8402-3617,1345,Masculino,1978-02-27,2021-06-01,2010 Mason Landing,São Paulo,São Paulo,Brasil,Indicação
cf58693d-6f92-4237-9663-dd6ddc163ceb,Elisa,Leite,elisa.leite910@hotmail.com,(67) 0622-2311,21847,Feminino,1973-09-07,2020-07-30,462 Samantha Trace Apt. 650,Londrina,Paraná,Brasil,Web
51116184-8841-4ad7-a5da-685771204fdb,Quirina,Fonseca,quirina_fonseca@gmail.com,(81) 2187-1041,79682,Feminino,1998-02-20,2020-11-01,9929 John Forge Suite 094,Hortolândia,São Paulo,Brasil,Web
d3280895-da8b-491c-b592-eaf3f5090fd7,Julia,Teixeira,julia291@yahoo.com,(84) 1913-6495,null,Feminino,1993-05-07,2018-11-17,20346 Lindsey Unions,Indaiatuba,São Paulo,Brasil,Web
fdce2148-a1cd-453f-b5f7-10afe16eb169,Benedito,Valente,benedito.valente840@yahoo.com,(85) 2481-6383,1552,Masculino,1997-11-06,2019-11-19,3513 Sean Glen Apt. 239,Coité Do Nóia,Alagoas,Brasil,App
6e3bf607-4e4b-46a3-a552-3dac4a11ea4c,Wendeline,Borges,wborges483@gmail.com,(83) 7305-3730,492,Feminino,1987-04-02,2023-08-19,8830 Martinez Square,Presidente Bernardes,São Paulo,Brasil,Indicação
45918410-a675-48d0-921d-c4e26b5f954c,Kaique,Castro,kaique261@yahoo.com,(99) 5932-6885,null,Masculino,1983-07-22,2019-10-31,60398 Richards Harbors Suite 439,São Paulo Do Potengi,Rio Grande Do Norte,Brasil,App
58a3ce43-9cda-4afc-a1ab-21a2790fdcb7,Tania,Zampieri,tania681@gmail.com,(83) 1353-2607,440,Feminino,1976-01-26,2020-04-07,18223 Dawn Club Apt. 312,Rio De Janeiro,Rio De Janeiro,Brasil,Web
bd8185a1-279f-44f8-aa12-b32806a87dfc,Maria,Andrade,mandrade393@gmail.com,(93) 9218-3484,null,Feminino,1993-11-15,2020-05-04,960 Alejandro Mission Suite 125,São Gabriel,Rio Grande Do Sul,Brasil,App
320273db-756b-4f46-86b7-a4e744ff4abf,Prisco,Zampieri,prisco901@gmail.com,(84) 6265-1891,null,Masculino,1987-05-26,2022-11-09,441 James Field,Antônio Carlos,Minas Gerais,Brasil,App
b16fdfd1-950e-46c9-a72d-ff3c50da6ee8,Wanessa,Brito,wanessa.brito@yahoo.com,(99) 7729-9982,7975,Feminino,1998-12-17,2018-06-05,135 Miller Village,São Paulo,São Paulo,Brasil,Web
6ebd269c-5ee4-46c5-86f3-8c4a1e63eedc,Everton,Franco,everton_franco@yahoo.com,(99) 6459-5435,993,Masculino,1990-09-29,2021-07-17,39173 Graham Drive Apt. 976,Lages,Santa Catarina,Brasil,App
30840203-bda8-4817-8c3e-19fdf79ab8ca,Alice,Cunha,alice.cunha980@gmail.com,(96) 5695-2991,null,Feminino,1969-04-06,2018-12-24,9473 Paul Via,Bauru,São Paulo,Brasil,Web
25a7ba62-6873-41df-b3f3-83c81773de51,Edson,Yamamoto,edson_yamamoto@hotmail.com,(93) 1768-5053,null,Masculino,1997-06-09,2022-08-09,534 Wendy Pine Apt. 416,Nossa Senhora Do Socorro,Sergipe,Brasil,App
455f9990-baad-4f08-9f7e-3b2755f711ad,Diego,Zanetti,diego_zanetti@hotmail.com,(13) 2436-6794,786,Masculino,1999-12-28,2018-08-26,9584 Buck Prairie,Guarulhos,São Paulo,Brasil,Web
22f664bb-8ad4-45e9-afc3-764e6d367f9e,Viviane,Neves,viviane.neves@gmail.com,(94) 8843-7508,252,Feminino,1988-03-02,2018-01-30,76993 Gabriel Mountains,Brazabrantes,Goiás,Brasil,Web
d2054fd5-1869-480c-af90-a4b8db2e441d,Yonatan,Domingues,yonatan.domingues375@yahoo.com,(96) 1937-7935,884,Masculino,1999-05-17,2020-08-24,9705 Ochoa Stream,Volta Redonda,Rio De Janeiro,Brasil,Web
bd6eba8c-9b58-4123-983d-94b1674b6337,Ruan,Fernandes,ruan691@gmail.com,(17) 7862-5586,81186,Masculino,1989-12-22,2020-09-05,8028 Clark Fall Suite 790,Cariacica,Espírito Santo,Brasil,App
d460f6f9-d3cd-47c5-8c6a-690036745730,Jonatan,Jardim,jonatan846@yahoo.com,(89) 2527-1728,919,Masculino,2001-06-14,2018-07-07,204 Erickson Spur Apt. 546,Campinas,São Paulo,Brasil,Web
f971ee3c-1349-4a85-8ab3-82377e367d3d,Alessandra,Kuhn,alessandra.kuhn@hotmail.com,(71) 2641-8100,64247,Feminino,1985-11-20,2020-06-07,2852 Karen Knolls,Bandeira,Minas Gerais,Brasil,Web
accdd8ae-2068-46ac-b381-92993e40f0f0,Benedito,Evangelista,benedito146@gmail.com,(88) 0185-7557,51572,Masculino,1971-11-05,2019-05-15,30609 Christine Ramp,Ourolândia,Bahia,Brasil,App
280724db-ca67-4fda-9f74-f90cb7205e33,Ursula,Campos,ursula.campos125@hotmail.com,(96) 8435-4953,310,Feminino,1985-07-08,2020-10-08,5626 Bell Manors Apt. 140,Guararapes,São Paulo,Brasil,App
414d3dc4-1668-4ac7-b685-b63944355afc,Sandra,Godoy,sandra.godoy@hotmail.com,(65) 3410-1142,63853,Feminino,2017-08-28,2019-11-08,3656 Brown Cliffs Suite 376,Santa Cruz Do Sul,Rio Grande Do Sul,Brasil,App
511541ed-9bb2-4a62-9b53-67628c303bed,Hannah,Amorim,hannah.amorim575@hotmail.com,(95) 6428-5929,83810,Feminino,1981-08-01,2022-07-28,64931 Aguirre River,Jaguarão,Rio Grande Do Sul,Brasil,Indicação
1cb16b53-5c88-44f9-be0b-f91c4bb3e909,Benedito,Nogueira,benedito.nogueira370@hotmail.com,(92) 5032-2992,null,Masculino,1998-05-24,2024-11-28,36755 Jessica Camp,Alcântaras,Ceará,Brasil,Web
b9191575-d83a-4b5d-a154-3f5c8b0d1801,Valdo,Quintanilha,valdo.quintanilha@yahoo.com,(83) 3591-6203,423,Masculino,1991-06-04,2023-04-22,4007 Sara Stream Suite 295,Curitiba,Paraná,Brasil,Web
ee2f0d1e-e38e-4388-b92c-7c51ddd8a13a,Marcelo,Yunes,marcelo476@yahoo.com,(88) 4369-3813,4653,Masculino,1983-03-19,2021-04-25,44613 Castillo Mountain Apt. 238,Juiz De Fora,Minas Gerais,Brasil,Web
ae3b7456-57e5-4d16-b4fb-57059d6c5cb2,Urania,Lacerda,urania.lacerda@yahoo.com,(87) 0165-6541,null,Feminino,1968-07-09,2021-02-12,5386 Lozano Station,Recife,Pernambuco,Brasil,Web
e42138f8-723f-4b71-8ae2-47ad0eb01385,Alexandre,Ulhoa,aulhoa963@gmail.com,(89) 7875-1472,5946,Masculino,1992-12-18,2022-12-17,807 Vanessa Streets Apt. 365,Domingos Martins,Espírito Santo,Brasil,Web
a34c86ba-8394-44dd-b222-50b39a006dde,Duda,Xavier,duda161@gmail.com,(86) 3186-7539,null,Feminino,1976-12-10,2018-07-04,20802 Jeremy Valley,Itapecuru Mirim,Maranhão,Brasil,Indicação
9a6bc0d1-d19a-4e6e-8b52-e7cb382a4c47,Breno,Iglesias,biglesias848@hotmail.com,(17) 7887-5407,9472,Masculino,1996-02-23,2023-05-09,340 Charles Park Suite 414,Limoeiro,Pernambuco,Brasil,Indicação
d04baf79-d774-48bb-8685-0001239a572a,Kaique,Ulhoa,kaique.ulhoa220@gmail.com,(87) 1126-9927,null,Masculino,1995-06-11,2023-10-11,011 Daniel Spur Apt. 441,Guarulhos,São Paulo,Brasil,Indicação
21d93f53-91b8-4ba9-abd5-da4f43c20384,Valeria,Monteiro,valeria.monteiro@yahoo.com,(66) 1022-1119,null,Feminino,1978-05-25,2022-04-20,65272 Brown Pine,São Paulo,São Paulo,Brasil,App
2944c67b-9601-44ba-9752-df5a463b63ab,Ruan,Miranda,rmiranda178@hotmail.com,(13) 3980-9662,962,Masculino,1978-12-16,2021-12-21,581 Parrish Estate Suite 201,Imbaú,Paraná,Brasil,Web
69986f87-7bcc-4f4b-8524-b3d454a743c8,Orlanda,Moura,omoura603@yahoo.com,(89) 3454-4530,89473,Feminino,1988-05-18,2024-05-14,18630 Travis Well,Porto Alegre Do Tocantins,Tocantins,Brasil,App
62cafab6-ad25-407e-81e6-05f68c24660c,Alexandre,Jardim,ajardim228@yahoo.com,(11) 9296-6761,1118,Masculino,1992-08-18,2020-09-17,751 Lee Path,Campinas,São Paulo,Brasil,Web
dbed511b-bc3f-4850-8b5b-165b4cebc4ca,Tereza,Bessa,tereza126@yahoo.com,(28) 4998-6575,null,Feminino,1990-01-05,2021-03-23,38981 Tracy Common Apt. 783,Brasília,Distrito Federal,Brasil,App
b31664f6-db86-4113-a72a-2b1da4aac0a8,Isadora,Bessa,ibessa988@gmail.com,(77) 1751-8326,90867,Feminino,1983-09-06,2019-09-23,7459 Fitzgerald Valleys,Manacapuru,Amazonas,Brasil,Web
3ab2cada-5f48-441e-8823-94190a436ed8,Isadora,Santos,isadora.santos@hotmail.com,(94) 6307-0659,581,Feminino,2002-11-06,2021-08-20,13268 Stacey Road Apt. 599,Dias D'ávila,Bahia,Brasil,Web
99d667ce-650d-4797-a3da-76b37f7b9fdc,Celso,Tobias,celso661@gmail.com,(88) 5539-8612,81484,Masculino,1985-12-13,2021-08-03,307 Ward Square Apt. 150,Diamantino,Mato Grosso,Brasil,Web
00618e46-b4e0-4dca-afb7-f0594d140c07,Adriano,Jesus,ajesus473@yahoo.com,(81) 0371-3583,63571,Masculino,1995-08-26,2023-03-13,3911 John Park,Joinville,Santa Catarina,Brasil,Web
3bfd0064-12b6-4c96-92de-edc9b09dfe50,Camila,Jesus,camila.jesus@1.com.br,(87) 1207-7909,207,Feminino,2003-09-09,2020-12-18,4701 Kristopher Drives,Avaré,São Paulo,Brasil,Web
17f19d12-d36d-4693-a02a-5cb39ffab2dc,Fabio,Bessa,fbessa223@gmail.com,(71) 4333-0535,450,Masculino,1970-04-27,2020-01-24,755 Fisher Trail,Belém,Pará,Brasil,App
6a45ae74-7337-4f7f-bac2-036d8aba7b59,Zelinda,Drummond,zelinda.drummond875@hotmail.com,(94) 2643-6825,699,Feminino,1976-07-28,2021-10-14,9081 Patricia Rest,Craíbas,Alagoas,Brasil,App
72adfe0f-b850-4566-8ad7-41e43a9cd48f,Lucas,Ornelas,lucas.ornelas@hotmail.com,(45) 0221-0501,null,Masculino,1983-10-09,2019-05-27,68494 Todd Freeway Apt. 824,Praia Grande,São Paulo,Brasil,App
d556f06b-95ae-4ead-915b-04cc1d3bc553,Claudia,Siqueira,csiqueira748@gmail.com,(82) 2019-7212,null,Feminino,1997-12-04,2023-05-01,7443 Tran Skyway,Recife,Pernambuco,Brasil,Web
d56cf79d-47f2-47c4-9650-f751cb070cc5,Larissa,Tavares,larissa_tavares@yahoo.com,(94) 5039-4429,483,Feminino,1962-11-28,2021-08-04,46019 Cowan Fort Apt. 447,Aracoiaba,Ceará,Brasil,Web
c81be3ce-b565-4614-a0a5-5110494fae67,Lucas,Quaresma,lquaresma358@gmail.com,(98) 9688-3721,15556,Masculino,1970-02-08,2022-04-21,533 Trevino Harbors,Carazinho,Rio Grande Do Sul,Brasil,App
43d58bd1-f00d-44ce-b049-ff6d75af28e5,Ana,Sampaio,ana736@gmail.com,(87) 3094-4496,03530,Feminino,2004-11-12,2019-03-08,6795 Kelsey Passage Suite 829,Brusque,Santa Catarina,Brasil,App
74f8e2bd-9081-4e29-b410-b0b8759b4752,Gloria,Cardoso,gloria_cardoso@gmail.com,(71) 4820-1153,null,Feminino,1993-03-10,2021-11-20,1428 Conner Manors,Posse,Goiás,Brasil,App
d415791d-c212-4b71-ab26-0ee120040a42,Marcelo,Garcia,marcelo.garcia220@yahoo.com,(62) 9521-3201,1346,Masculino,1992-05-03,2018-12-03,675 Perez Trail,Aracaju,Sergipe,Brasil,Web
5e2d7268-1805-4905-924f-e2abe6e42e23,Henrique,Zanetti,henrique716@hotmail.com,(89) 4768-3333,69267,Masculino,1972-07-27,2022-03-31,695 Alexis Trace,Santa Quitéria,Ceará,Brasil,Web
31a749e4-35fe-40b5-8cf5-fbb75201a570,Cesar,Guerra,cesar.guerra450@hotmail.com,(85) 5731-8103,94450,Masculino,1993-02-23,2021-02-19,29802 Audrey Point Apt. 248,Paulista,Pernambuco,Brasil,App
a042a045-773e-4817-827f-d3efd922ed94,Tatiana,Xerez,tatiana.xerez@gmail.com,(16) 5989-0942,null,Feminino,1970-01-10,2021-03-16,3558 Amanda Turnpike,Serrinha,Bahia,Brasil,App
fa8fd42f-5726-4865-8678-001e606116e0,Emanuel,Fernandes,emanuel246@yahoo.com,(74) 9126-0780,1897,Masculino,1994-05-05,2021-07-19,201 Williams Locks Apt. 894,Casa Branca,São Paulo,Brasil,Indicação
3968580a-368f-41e1-99f5-95413dddd95c,Giovana,Borges,giovana606@gmail.com,(93) 8958-0092,8081,Feminino,1969-12-14,2021-05-22,2792 Michael Walks Apt. 175,Castanhal,Pará,Brasil,Web
46a13b7d-12a0-401f-92c5-78050afed049,Jade,Cavalcanti,jade.cavalcanti@yahoo.com,(91) 8132-4792,4252,Feminino,1998-01-23,2023-03-15,454 Richardson Mill,Várzea Grande,Mato Grosso,Brasil,App
94ff5b66-3838-45c0-9d20-16bb4923f2a1,Adriana,Barbosa,adriana.barbosa@hotmail.com,(84) 3518-7011,null,Feminino,1983-05-07,2022-03-19,930 William Spur,Campo Grande,Mato Grosso Do Sul,Brasil,Web
c5b42411-8a9c-4953-a199-07f8f55e2ef5,João,Teixeira,joao_teixeira@hotmail.com,(95) 5638-1721,null,Masculino,1979-09-20,2019-10-01,2152 Sheila Locks Suite 658,Ribeirão Preto,São Paulo,Brasil,App
0b4412c5-30ad-4fe7-a1de-39018221fe46,Livia,Jardim,livia_jardim@hotmail.com,(15) 4979-3289,null,Feminino,1992-11-10,2020-06-15,695 Carolyn Lock,São Paulo,São Paulo,Brasil,Web
b89c09fa-bed1-47d2-baea-9eb40ce27de6,Isabela,Santos,isantos108@yahoo.com,(85) 5241-8186,null,Feminino,1999-08-02,2021-04-11,08843 Nicholas Hill Suite 145,João Pessoa,Paraíba,Brasil,App
cdf5c593-e43f-45a4-bf53-877cfc39a86b,Priscila,Coutinho,priscila.coutinho@gmail.com,(83) 2841-0940,6636,Feminino,1980-08-24,2023-11-06,15993 Miller Field Suite 850,Óbidos,Pará,Brasil,App
e382a39d-194c-4f6c-9935-a13ccb1df845,Aline,Orozco,aline_orozco@yahoo.com,(91) 2489-6521,84067,Feminino,1991-08-03,2018-07-22,240 Brown Summit Apt. 533,Rio Acima,Minas Gerais,Brasil,Web
396261d0-93df-4621-b3a2-9ef017bba5eb,Adriano,Barbosa,abarbosa433@gmail.com,(86) 6822-7018,888,Masculino,1979-06-02,2020-08-16,92386 Cory Island Suite 508,Santarém,Pará,Brasil,Web
728849fa-5984-42c8-ad9a-15789450d336,Rafaela,Ornelas,rornelas458@gmail.com,(93) 5876-7044,null,Feminino,1977-02-05,2022-10-21,98977 Gonzales Tunnel,São Paulo,São Paulo,Brasil,Web
3eb0b9d0-2c37-4b54-ad67-8bbb6bbf2459,Alexandre,Ribeiro,alexandre.ribeiro130@gmail.com,(16) 9188-3982,null,Masculino,1983-06-17,2019-04-25,8225 Jacob Drives Apt. 311,Itapecerica Da Serra,São Paulo,Brasil,App
825b4b44-1500-4127-af24-94201087fa20,Mauro,Guimarães,mauro.guimaraes@yahoo.com,(88) 3430-5844,null,Masculino,1983-05-03,2021-10-28,6641 Maria Landing Suite 586,Brusque,Santa Catarina,Brasil,Web
bc8d2993-92c6-4159-a03a-5cc7f29a130d,Silvio,Kuhn,silvio.kuhn@hotmail.com,(13) 4715-7647,null,Masculino,1970-10-17,2020-05-27,486 Robert Turnpike Apt. 584,Lauro De Freitas,Bahia,Brasil,Web
64e0f1f8-f676-43fa-b18e-9c1367ca13f9,Ivan,Silva,ivan_silva@gmail.com,(15) 7568-3855,8604,Masculino,1973-05-12,2018-07-13,8272 Clark Lights,Betim,Minas Gerais,Brasil,Web
fa5a1356-9b25-47b5-97a8-ee189e437d04,Flavia,Ribeiro,flavia.ribeiro@hotmail.com,(11) 5278-7077,null,Feminino,1980-07-13,2021-08-14,93032 Wagner Park Suite 034,Montes Claros,Minas Gerais,Brasil,App
0449bb72-86ca-4d56-ac5a-9b3c732e4238,Quezia,Campos,quezia_campos@hotmail.com,(69) 6273-0316,null,Feminino,1984-12-24,2023-05-21,269 Tyler Wall Apt. 291,Simões Filho,Bahia,Brasil,Web
398f9de8-3960-4092-bafe-3ec0989f8dab,Caio,Figueiredo,caio666@hotmail.com,(92) 0174-8029,18119,Masculino,2004-07-17,2022-01-20,322 Alexander Pine,Portão,Rio Grande Do Sul,Brasil,App
548e2bf6-905f-4f14-b9b4-a83720abb8a2,Camila,Prado,cprado743@hotmail.com,(12) 1886-4879,50765,Feminino,1997-10-13,2022-12-01,366 Anthony Manors Apt. 063,Caxias,Maranhão,Brasil,App
e151fbb1-c554-4c86-89ae-6a244518d3d9,Vilma,Leite,vilma.leite@hotmail.com,(71) 1911-3705,null,Feminino,1973-04-02,2023-07-06,849 Andrew Ford,Dário Meira,Bahia,Brasil,Web
38078fe5-c729-4b80-9086-7b2df7b1f844,Tereza,Moura,tereza586@hotmail.com,(86) 7761-8224,null,Feminino,1985-07-05,2018-02-27,6362 Humphrey Radial Suite 978,Nossa Senhora Do Socorro,Sergipe,Brasil,Web
bea07be1-5868-4bcc-b236-da9ee27acecf,Denise,Neves,denise506@hotmail.com,(75) 0234-5243,null,Feminino,1988-12-02,2020-12-20,856 Lane Valleys,Vila Velha,Espírito Santo,Brasil,Indicação
4d5e2c8e-bf99-4cf4-9026-26ed0a136d29,Felipe,Viana,felipe_viana@gmail.com,(67) 3443-7221,839,Masculino,1996-04-30,2022-07-10,20794 Lindsey Spur,Paracatu,Minas Gerais,Brasil,App
6fed07e7-126b-40d4-8850-591740fa4f05,Hector,Batista,hector_batista@yahoo.com,(73) 3046-8323,771,Masculino,1994-06-28,2022-09-29,592 Mcguire Lake Suite 515,Mundo Novo,Goiás,Brasil,Web
e51f96c7-6f44-45e9-8af9-3b93d80e05f3,Livia,Xavier,livia701@gmail.com,(91) 0158-3971,60734,Feminino,1964-02-12,2019-06-25,39391 Frazier Cove,São Luís Do Quitunde,Alagoas,Brasil,App
5c2450cc-3f95-4ac5-955f-2f88d149a561,Simone,Alves,simone131@yahoo.com,(82) 2861-0721,55506,Feminino,1988-05-11,2024-12-28,62646 Anderson Mountains,Botucatu,São Paulo,Brasil,App
3495d6fe-9ab1-4def-a684-dba1248ccef8,Lindomar,Tobias,lindomar.tobias@gmail.com,(17) 6499-7528,null,Masculino,1992-12-05,2018-09-02,84888 Pena Course Suite 265,Urucará,Amazonas,Brasil,Web
5bfc8297-f01f-48ac-bcda-f615f6996883,Giovani,Xavier,giovani.xavier520@hotmail.com,(84) 0277-4138,7015,Masculino,1997-05-22,2019-06-12,9077 Sarah Harbors Suite 694,Umuarama,Paraná,Brasil,Web
8df62bd8-98f8-44b9-8c25-4bbd3366e12e,Everton,Evangelista,everton376@yahoo.com,(19) 1669-9964,18898,Masculino,1991-07-26,2023-12-24,922 Mackenzie Landing Apt. 960,São Paulo,São Paulo,Brasil,App
52449181-f9fc-43d5-9648-a61f2fd2a086,Thiago,Serrano,thiago436@hotmail.com,(94) 2498-3742,3494,Masculino,1987-01-22,2018-03-30,4022 Kimberly Drives,Icapuí,Ceará,Brasil,Web
e1edece4-2f45-4ab3-958f-6897df7b0ad3,Mauro,Zampieri,mauro.zampieri285@hotmail.com,(92) 7168-6089,6530,Masculino,1999-06-19,2024-02-15,172 Flynn Wells,Tocantins,Guaraí,Brasil,App
4d8517f9-2ee6-4c41-a21e-3c008f16f7a9,Isaias,Oliveira,isaias.oliveira285@yahoo.com,(86) 2806-8044,9477,Masculino,1971-07-02,2019-04-03,0922 Sandra Valley Suite 752,Linhares,Espírito Santo,Brasil,Web
a98930eb-537c-4c2b-9eb4-2a4fd3db530a,Nicole,Quintanilha,nicole_quintanilha@hotmail.com,(89) 8354-6303,0479,Feminino,1989-03-17,2022-02-17,38302 Eugene Gardens,São Vicente Férrer,Pernambuco,Brasil,Web
e17ad1b3-fda0-4c2f-b5d9-feca575aea6b,Cintia,Queiroz,cintia.queiroz125@hotmail.com,(14) 8629-7881,8747,Feminino,1995-03-29,2018-11-09,41316 Susan Mills Apt. 120,Rodelas,Bahia,Brasil,App
1b5f702c-09f7-4f7d-9984-3525f8b9861f,Leonora,Araújo,leonora.araujo685@gmail.com,(87) 0218-6683,31646,Feminino,2002-10-20,2021-11-19,02602 Ford Brook,Duque De Caxias,Rio De Janeiro,Brasil,Web
3bc5c295-6f5e-4aed-8ff3-ed8fba86107b,Ursula,Tobias,ursula.tobias970@gmail.com,(95) 0375-7897,null,Feminino,1987-11-15,2019-04-27,60291 Thompson Ranch Apt. 457,São Paulo,São Paulo,Brasil,App
c18ca393-1861-40be-ab89-0452d5ec60b5,Penelope,Rocha,penelope.rocha405@hotmail.com,(95) 9656-0591,18428,Feminino,1989-09-15,2022-11-27,86305 Adrian Forge Apt. 544,Camaçari,Bahia,Brasil,Indicação
348b8e2a-545d-4afb-8b35-eb30ce11ab40,Duda,Pires,duda_pires@hotmail.com,(74) 0911-1187,null,Feminino,1985-09-05,2021-01-25,10343 Brian Pass Suite 246,Ariquemes,Rondônia,Brasil,Web
61973dea-4563-495f-b120-e9dc0749ff10,Roberta,Silva,roberta_silva@yahoo.com,(75) 3071-2372,2770,Feminino,1975-05-02,2018-01-25,04037 Burns Turnpike Suite 254,Belo Jardim,Pernambuco,Brasil,App
c4b02a2a-ab78-4d06-bf17-33009182d7ee,Zelino,Prado,zelino.prado@yahoo.com,(85) 1476-2932,null,Masculino,1993-01-01,2024-02-19,4131 John Springs,Miranda Do Norte,Maranhão,Brasil,App
46cdb7f0-04f8-4877-9e78-599e67c7907f,Heloisa,Ornelas,heloisa_ornelas@gmail.com,(95) 8549-8603,null,Feminino,1974-04-19,2023-06-18,316 Monica Lodge Apt. 271,Caieiras,São Paulo,Brasil,Indicação
450cd7ad-9bb2-4cf8-b500-dfa9bf1441c7,Yolanda,Pires,yolanda_pires@hotmail.com,(91) 6482-7186,497,Feminino,1994-10-09,2018-08-29,49404 Benson Points Suite 721,Caraí,Minas Gerais,Brasil,Web
502c43c4-0978-41d7-aa54-934bb97460aa,Giovana,Macedo,gmacedo663@yahoo.com,(89) 4030-7736,1887,Feminino,1962-07-14,2020-11-13,49922 Murray Summit Apt. 159,Camaragibe,Pernambuco,Brasil,App
92204864-abc0-4793-9a87-9ea38f2cc10a,Vilma,Menezes,vmenezes628@gmail.com,(19) 9696-5029,95945,Feminino,1972-02-19,2022-08-07,80187 Nelson Locks Apt. 699,Manaus,Amazonas,Brasil,App
685f3742-9168-4cec-a556-99b9499dc5de,Zulmira,Miranda,zulmira_miranda@gmail.com,(77) 1930-6456,null,Feminino,1977-06-18,2022-02-13,07228 Hudson Bypass,Curitiba,Paraná,Brasil,Indicação
6982aadc-f1d2-4f0b-a794-98bc6ee944a4,Mateus,Teixeira,mateus_teixeira@gmail.com,(98) 8751-4587,null,Masculino,1997-08-10,2022-07-15,2292 Melissa Club,Rio De Janeiro,Rio De Janeiro,Brasil,Web
a5c6a9df-4fd6-4d82-beae-0390e49f09e5,Cleiton,Oliveira,cleiton396@hotmail.com,(71) 7493-3303,null,Masculino,1988-06-23,2021-06-06,3183 Lauren Mall Apt. 686,Brasília,Distrito Federal,Brasil,Web
b2365646-0756-4aab-b294-feb3cf8cd965,Xisto,Pinto,xisto_pinto@gmail.com,(83) 5362-3802,null,Masculino,1991-07-09,2021-10-20,717 Shelby Pass,Santa Cruz Do Capibaribe,Pernambuco,Brasil,App
b87df320-6770-48da-916c-e2fa116636b1,Adriano,Nogueira,anogueira113@yahoo.com,(95) 2802-7843,null,Masculino,1978-04-06,2022-06-23,918 Maria Throughway Apt. 061,Goiânia,Goiás,Brasil,App
b1cb3806-3a8c-4fa9-b2d7-302e86d773b5,Tania,Batista,tbatista653@hotmail.com,(87) 9775-1801,876,Feminino,2006-08-12,2018-08-10,4963 Obrien Track,Brasília,Distrito Federal,Brasil,App
8f8bd510-8c24-45b1-9eec-ea965470d1bb,Tereza,Coelho,tereza.coelho@gmail.com,(82) 2394-1616,662,Feminino,1995-09-19,2020-08-16,20193 Curtis Street,Vilhena,Rondônia,Brasil,Indicação
89fed45b-677b-4ddd-a7c6-d4ecc7ffeec4,Kleberson,Alves,kleberson_alves@hotmail.com,(98) 3476-3866,null,Masculino,1985-07-05,2022-10-17,98806 Kari Canyon Suite 360,São Sebastião Do Uatumã,Amazonas,Brasil,Web
09538c4b-c43b-4599-bfe3-4ea76d052579,Ester,Castro,ester_castro@yahoo.com,(83) 5506-5291,null,Feminino,1991-07-06,2024-07-10,422 Short Pines,Criciúma,Santa Catarina,Brasil,Web
2871bee2-f7f9-4949-b29d-9c5cbf8b915a,Olivia,Castro,olivia306@yahoo.com,(71) 2223-1377,3811,Feminino,2003-12-25,2022-12-15,366 Vaughan Creek Apt. 824,Imperatriz,Maranhão,Brasil,Indicação
2b6a4f7b-23a4-4a41-b019-e7512aaa1780,Edson,Araújo,edson.araujo745@yahoo.com,(17) 7874-8927,null,Masculino,2006-12-29,2019-06-06,555 Tyler Port Suite 027,Guarulhos,São Paulo,Brasil,App
673cfa5f-741d-4f6e-b610-34ed2982129e,Prisco,Pereira,prisco_pereira@yahoo.com,(11) 7783-8371,246,Masculino,1973-05-05,2022-04-04,4696 Andrew Curve Apt. 641,Caldas Novas,Goiás,Brasil,Web
6bbb4495-c726-4d7c-8939-5dcf54373f85,Tania,Castro,tania.castro@gmail.com,(93) 0945-8835,null,Feminino,1973-05-17,2021-05-25,47929 David Heights,Santana,Bahia,Brasil,App
c629b5e5-f515-4340-af8a-47c689793c00,Zelino,Zanetti,zelino_zanetti@yahoo.com,(94) 9470-2926,724,Masculino,1993-03-29,2023-10-01,4326 Hill Stravenue Suite 115,Cansanção,Bahia,Brasil,Indicação
9d6c2b79-24c0-436e-a384-66ce3173d505,Fatima,Sampaio,fsampaio268@gmail.com,(91) 2803-6655,null,Feminino,1977-11-15,2019-07-04,94988 Sabrina Pine,Curitiba,Paraná,Brasil,Web
90579461-07eb-4c6d-a236-bc01ea598b50,Daniel,Guerra,daniel.guerra@gmail.com,(92) 0936-2536,42284,Masculino,1985-01-18,2019-08-20,9521 Julie Oval Apt. 378,Brasília,Distrito Federal,Brasil,Web
dfcb0aed-7728-499d-b777-41065900a51e,Ester,Moura,ester406@gmail.com,(95) 1177-9627,029,Feminino,1968-04-05,2018-05-11,5541 Clark Run,Juruá,Amazonas,Brasil,App
b7e551ba-6ecc-424d-899a-2ac4ca832cd7,Gloria,Rodrigues,grodrigues798@yahoo.com,(89) 6947-7220,34071,Feminino,1981-09-02,2022-06-08,90230 Camacho Plain Suite 002,Caieiras,São Paulo,Brasil,Web
b0432727-3b63-4dc4-ad43-f52855a3a2d6,Yara,Luz,yluz603@hotmail.com,(88) 9239-4059,null,Feminino,2000-07-18,2021-07-01,31359 Jessica Way Suite 084,São Paulo,São Paulo,Brasil,App
d07ea53e-3923-46b2-bc4d-5e1ed6dd08cf,Xenofonte,Pereira,xenofonte_pereira@gmail.com,(94) 4574-0838,75067,Masculino,1987-05-24,2021-12-12,0511 Manuel Brook Suite 548,Florianópolis,Santa Catarina,Brasil,Web
4d5a3a4e-dd56-48c2-ae54-7249f8b3ba25,Valeria,Jardim,valeria.jardim@yahoo.com,(98) 3971-5972,59433,Feminino,1996-07-24,2019-06-13,22868 Morales Isle Suite 293,Belém,Pará,Brasil,App
bf37208b-135e-4816-80b3-2681a1b23136,Alice,Cavalcanti,alice.cavalcanti830@hotmail.com,(88) 6121-0956,329,Feminino,1984-04-02,2021-05-31,415 Gutierrez Ford Suite 636,Massapê,Ceará,Brasil,Indicação
9ccda2ba-eb12-4d6b-8cba-cc229642076f,Nathalia,Werneck,nathalia_werneck@gmail.com,(98) 4486-0983,923,Feminino,2006-05-21,2022-03-24,1925 Robin Lodge,Mogi Das Cruzes,São Paulo,Brasil,Web
99b6cab7-900a-4aed-9ccf-3f63ccc20739,Olivia,Rezende,orezende203@hotmail.com,(13) 3698-7056,11774,Feminino,2000-06-18,2019-05-20,713 Diaz Lakes,Porciúncula,Rio De Janeiro,Brasil,Web
db2ebc0c-c214-41ad-8776-dc25f2a7b26e,Guilherme,Gomes,guilherme.gomes145@hotmail.com,(82) 6531-1610,27546,Masculino,2003-10-20,2021-09-10,6203 Moreno Common Apt. 863,Curitiba,Paraná,Brasil,App
b364b8fc-5b82-405b-be7a-225dad4b4d96,Natalia,Queiroz,natalia_queiroz@gmail.com,(84) 3644-9331,8293,Feminino,1986-08-01,2019-12-03,90672 Lyons Bypass,São Paulo,São Paulo,Brasil,App
1339cc01-574e-4f90-9d77-696c32eabb4c,Cleiton,Borges,cleiton.borges270@yahoo.com,(88) 2098-3453,142,Masculino,1977-07-27,2022-01-03,64011 Calvin Trail,São Vicente,São Paulo,Brasil,Indicação
cf82463e-762e-47b5-bc00-09c2e81a270e,Carla,Quaresma,carla.quaresma910@hotmail.com,(69) 7633-5221,4574,Feminino,1997-05-13,2020-06-26,82688 Robert Mission,Teófilo Otoni,Minas Gerais,Brasil,Web
9780b572-125f-4dd6-815e-441487613105,Eduardo,Tobias,eduardo586@yahoo.com,(97) 3741-2999,2140,Masculino,1988-11-05,2018-05-25,1453 Paul Oval Apt. 963,Juiz De Fora,Minas Gerais,Brasil,Web
aae2c7c4-ebf9-473b-a959-110be6b40e54,Renato,Nogueira,renato_nogueira@hotmail.com,(94) 8109-8047,25032,Masculino,1960-11-05,2022-10-13,544 Monica Drives,Nova Iguaçu,Rio De Janeiro,Brasil,App
14ddf300-56b6-4e6c-86d3-84b615bae2a7,Beatriz,Xavier,beatriz_xavier@yahoo.com,(24) 9799-9495,069,Feminino,1974-05-27,2020-04-24,92599 Gonzalez Mountains,Florianópolis,Santa Catarina,Brasil,App
4ce0f47d-84d4-4cac-b205-f3a74429163d,Adriano,Bessa,adriano.bessa500@yahoo.com,(13) 3916-8892,5314,Masculino,1976-06-26,2023-08-22,167 Hill Mountain Apt. 814,Juazeiro Do Norte,Ceará,Brasil,App
4dd88be0-62f1-4238-8dd7-a956aa22ce43,Renato,Tavares,renato841@yahoo.com,(97) 7772-6954,3593,Masculino,1981-07-31,2019-02-13,5905 Medina Summit,Itapipoca,Ceará,Brasil,Web
133e115a-0acb-45e3-8021-28d89635b78e,Xuxa,Fernandes,xuxa.fernandes860@yahoo.com,(86) 5495-7132,350,Feminino,1996-01-13,2021-03-16,08853 Samantha Flats,Braço Do Norte,Santa Catarina,Brasil,App
d488096c-aba0-4d16-ac64-9fe25208c759,Diego,Sampaio,diego.sampaio@gmail.com,(96) 9364-7973,null,Masculino,1989-11-28,2022-10-30,7526 Michael Skyway Suite 771,Dourados,Mato Grosso Do Sul,Brasil,Web
41236b9b-d0f7-44ad-8993-02b3de48b144,Luciana,Zanetti,luciana.zanetti750@hotmail.com,(79) 8105-6030,null,Feminino,2005-09-02,2022-01-04,3991 Amanda Ridge,São José Dos Campos,São Paulo,Brasil,Web
5a2c9883-e291-4dc7-acf6-6ed89313135a,Ursula,Nascimento,ursula_nascimento@gmail.com,(15) 6248-7689,949,Feminino,1984-02-26,2023-02-26,23920 Bailey Light,Vitorino,Paraná,Brasil,Web
3b54409f-c646-44cb-942a-bedefdd24413,Ursula,Lacerda,ursula_lacerda@gmail.com,(85) 6009-4372,null,Feminino,1989-03-03,2021-07-02,592 Michael Meadow,Cascavel,Paraná,Brasil,App
6270d8cf-d913-49b1-9809-96bc0e6777fb,Gilberto,Sampaio,gilberto_sampaio@gmail.com,(86) 0817-8316,null,Masculino,1976-06-29,2022-06-01,022 Flores Green,Chapecó,Santa Catarina,Brasil,Web
1fedd7bd-7ba5-4608-af6b-cee9506c84cf,Sergio,Souza,sergio.souza@gmail.com,(83) 2990-8082,93686,Masculino,2003-11-05,2021-09-19,86727 Stewart Radial Suite 536,Nova Venécia,Espírito Santo,Brasil,Web
73ebc4f2-9bee-4df4-aa53-62d0bd4ac0ee,Eduarda,Zampieri,eduarda396@yahoo.com,(77) 3721-1450,null,Feminino,1977-05-05,2021-06-23,0223 Eduardo Spring,Jaboatão Dos Guararapes,Pernambuco,Brasil,Web
4e92ac40-7c6c-47d4-90d8-36082c0247aa,Wanessa,Neto,wanessa_neto@gmail.com,(75) 7240-6280,null,Feminino,2004-06-30,2018-03-27,044 Ruth Camp,Maceió,Alagoas,Brasil,Web
82c52329-6295-4ae3-98f7-2cdf15a5b7f3,Otavia,Hadad,otavia536@hotmail.com,(94) 0508-9782,null,Feminino,2001-10-28,2023-04-12,41958 Hernandez Square Suite 424,Ilhéus,Bahia,Brasil,Web
eabd64d5-8207-481f-a8bc-72d3943e1746,Cintia,Lima,cintia.lima@hotmail.com,(75) 2040-9853,389,Feminino,1963-03-03,2024-05-14,5148 Nicholas Mill,Santo Anastácio,São Paulo,Brasil,App
a7a7b131-6290-44d8-af3e-fecc10880aef,Soraya,Dias,soraya.dias140@gmail.com,(86) 8153-6182,3478,Feminino,1995-05-04,2022-07-09,2381 Floyd Throughway Apt. 536,Jandaíra,Bahia,Brasil,Web
1e8c9309-c32c-4ec6-9acc-62480a5b8133,Veronica,Lacerda,veronica.lacerda280@yahoo.com,(93) 8430-1597,34211,Feminino,1988-01-01,2021-05-14,47438 Katherine Courts,Viana,Maranhão,Brasil,Indicação
0fb9dc65-0d0f-47ae-ad03-759c86515775,Giovana,Castro,giovana.castro@yahoo.com,(91) 8975-4002,null,Feminino,1994-10-19,2022-06-16,191 Scott Cliff,Várzea Grande,Mato Grosso,Brasil,Web
adffcd90-ce2e-48b3-9670-2eca34343bf0,Patrick,Uchoa,patrick131@yahoo.com,(86) 1492-2509,160,Masculino,1998-06-14,2023-03-25,0858 Garcia Parks,Palmares,Pernambuco,Brasil,Web
54f29da0-4c78-44c1-a246-6e028e22cd10,Renata,Ulhoa,renata_ulhoa@hotmail.com,(91) 8682-0981,null,Feminino,1982-06-10,2022-06-11,86578 Diana Pines Suite 929,Quintana,São Paulo,Brasil,Web
e8cb1d2f-7b0a-46bf-8fa2-9daf415c0c11,Juliana,Tobias,juliana.tobias@gmail,(99) 9910-1769,null,Feminino,2003-09-07,2021-01-10,66475 Lee Trafficway Suite 779,Morretes,Paraná,Brasil,Web
d21c700d-9e5e-4380-a6bf-743d3ed603e9,Wagner,Santos,wagner586@hotmail.com,(15) 6676-1458,9260,Masculino,1989-05-17,2024-02-26,819 Nelson Shore,Irará,Bahia,Brasil,Web
e132a1f2-d8ea-4109-b133-7ed6902e8e6f,Otavio,Sampaio,otavio_sampaio@yahoo.com,(94) 4736-0993,30731,Masculino,1982-08-26,2022-01-04,57586 Noble Forges,Limeira,São Paulo,Brasil,Web
ffa0f9ca-fb58-42cd-9e52-c09633743a82,Hannah,Pires,hannah.pires295@yahoo.com,(92) 4357-3691,null,Feminino,1977-11-20,2022-04-18,0479 Ramirez Drive Apt. 358,Vilhena,Rondônia,Brasil,Web
e1e18116-a99c-430d-9246-73dece3fd2c5,Olivia,Yamamoto,olivia.yamamoto@hotmail.com,(97) 9396-5237,null,Feminino,1961-10-12,2022-11-24,605 Eric Fields,Choró,Ceará,Brasil,Web
fe099b58-7d12-483f-9f41-a6a036c49c82,Nilton,Zimmermann,nilton356@yahoo.com,(86) 6082-6143,null,Masculino,1991-12-06,2023-05-17,5468 Strickland Dam,Paraná,Londrina,Brasil,App
d39cdc11-a3d7-4732-bc5f-a208eede6a24,Otavia,Nagata,otavia.nagata@yahoo.com,(86) 8334-4652,null,Feminino,1997-02-28,2022-03-06,406 Garcia Forks Suite 166,São Gonçalo,Rio De Janeiro,Brasil,Web
a574edab-26ad-4236-b7c5-6c4d18e75438,Fatima,Nogueira,fatima136@gmail.com,(63) 2315-0203,811,Feminino,1980-06-06,2021-02-28,57309 Turner Point Suite 948,Ibatiba,Espírito Santo,Brasil,Web
f5b4623f-55f0-4aff-8c40-923a180afc8e,Leandro,Siqueira,leandro.siqueira730@gmail.com,(98) 6979-8211,26440,Masculino,1986-12-29,2023-10-24,268 Sullivan Mills Suite 623,Iranduba,Amazonas,Brasil,Web
055f6f9f-efc4-43bb-bbfd-f0a2a781956c,Elaine,Siqueira,elaine.siqueira@yahoo.com,(83) 8055-9109,10220,Feminino,1962-04-01,2021-03-31,35396 Kelly Spur,Petrópolis,Rio De Janeiro,Brasil,Web
23473f5c-8bba-47dd-9c73-5fbca4769eae,Cintia,Fonseca,cintia_fonseca@gmail.com,(83) 0721-6603,null,Feminino,1984-04-25,2023-12-09,6396 Jennifer Glens,Itaitinga,Ceará,Brasil,Web
1e13a323-2d78-42ac-8100-2a22bebf6d5e,Debora,Luz,debora.luz@yahoo.com,(69) 4145-1260,13465,Feminino,1971-04-03,2021-12-21,829 Parker Lodge,Monte Alegre,Pará,Brasil,App
24514462-cd00-439e-991d-5b3fc4abd096,Roberto,Ramos,roberto.ramos@yahoo.com,(84) 9303-4905,null,Masculino,1974-04-21,2023-08-01,426 Christopher Valleys Apt. 652,Reserva,Paraná,Brasil,Web
36e13828-e6fa-4ff4-a59f-c17956087c5e,Renan,Amorim,renan.amorim320@gmail.com,(96) 9184-6465,null,Masculino,1983-05-28,2023-01-02,881 Amber Parkways Apt. 437,São Paulo,São Paulo,Brasil,App
4f8afde7-a73b-4bec-9e58-4be71f563036,Igor,Nunes,igor.nunes@yahoo.com,(97) 4464-0845,2171,Masculino,1991-01-20,2023-03-19,34176 Jessica Parkways Suite 579,Suzano,São Paulo,Brasil,App
77312f9b-39ba-4dad-b6e0-357cde630a14,Xuxa,Horta,xhorta613@hotmail.com,(87) 2138-4407,null,Feminino,2003-10-09,2022-06-17,352 Johnson Tunnel Apt. 148,Mauriti,Ceará,Brasil,Web
a0111552-7a15-4e5b-9326-7a92526e6237,Kevin,Henriques,kevin.henriques@hotmail.com,(98) 1951-9745,333,Masculino,1993-04-06,2019-06-13,11343 Harris Port Apt. 272,Rubim,Minas Gerais,Brasil,App
c914f5c3-27e1-44d8-907b-8a5abb41e9a6,Flavia,Juste,flavia.juste@hotmail.com,(91) 4558-0772,null,Feminino,2003-05-29,2021-01-21,056 Hamilton Pike,Maranhão,Formosa Da Serra Negra,Brasil,Web
88716345-5ee6-4784-bc38-3ed7d36f5bd9,Roberta,Xerez,roberta201@yahoo.com,(82) 1573-0273,85540,Feminino,1981-10-16,2023-08-31,5481 Joshua Unions Apt. 264,Amontada,Ceará,Brasil,App
274e1731-0274-4ce9-b0c5-cd1df4f8fd8d,Artur,Rezende,artur.rezende335@hotmail.com,(67) 0105-2428,1830,Masculino,2006-11-25,2023-03-21,42171 Pittman Parkway,Santa Inês,Maranhão,Brasil,Web
